ISO-10303-21;
HEADER;
FILE_DESCRIPTION(('Open CASCADE Model'),'2;1');
FILE_NAME('Open CASCADE Shape Model','2026-09-25T15:30:02',('Author'),(
    'Open CASCADE'),'Open CASCADE STEP processor 7.9','Open CASCADE 7.9'
  ,'Unknown');
FILE_SCHEMA(('AUTOMOTIVE_DESIGN { 1 0 10303 214 1 1 1 1 }'));
ENDSEC;
DATA;
#1 = APPLICATION_PROTOCOL_DEFINITION('international standard',
  'automotive_design',2000,#2);
#2 = APPLICATION_CONTEXT(
  'core data for automotive mechanical design processes');
#3 = SHAPE_DEFINITION_REPRESENTATION(#4,#10);
#4 = PRODUCT_DEFINITION_SHAPE('','',#5);
#5 = PRODUCT_DEFINITION('design','',#6,#9);
#6 = PRODUCT_DEFINITION_FORMATION('','',#7);
#7 = PRODUCT('Open CASCADE STEP translator 7.9 3',
  'Open CASCADE STEP translator 7.9 3','',(#8));
#8 = PRODUCT_CONTEXT('',#2,'mechanical');
#9 = PRODUCT_DEFINITION_CONTEXT('part definition',#2,'design');
#10 = ADVANCED_BREP_SHAPE_REPRESENTATION('',(#11,#15),#8597);
#11 = AXIS2_PLACEMENT_3D('',#12,#13,#14);
#12 = CARTESIAN_POINT('',(0.,0.,0.));
#13 = DIRECTION('',(0.,0.,1.));
#14 = DIRECTION('',(1.,0.,-0.));
#15 = MANIFOLD_SOLID_BREP('',#16);
#16 = CLOSED_SHELL('',(#17,#137,#215,#293,#1727,#3374,#3401,#3428,#3455,
    #3482,#3489,#3565,#3614,#3663,#3690,#3749,#3804,#3859,#3935,#3984,
    #4033,#4060,#4119,#4178,#4254,#4303,#4352,#4379,#4434,#4509,#4585,
    #4612,#4660,#4687,#4714,#4741,#4768,#4795,#4822,#4849,#4876,#4903,
    #4930,#4957,#4984,#5039,#5066,#5142,#5170,#5225,#5284,#5360,#5409,
    #5458,#5485,#5556,#5605,#5654,#5703,#5752,#5779,#5829,#5879,#5950,
    #5999,#6048,#6097,#6146,#6173,#6244,#6293,#6342,#6391,#6440,#6467,
    #6517,#6595,#6673,#6751,#6829,#6879,#6950,#6999,#7048,#7097,#7146,
    #7173,#7296,#7308,#7315,#7322,#7445,#7457,#7469,#7592,#7599,#7605,
    #7611,#7617,#7623,#7630,#7642,#7765,#7865,#7965,#8065,#8165,#8212,
    #8239,#8266,#8273,#8320,#8347,#8374,#8381,#8428,#8455,#8482,#8489,
    #8536,#8563,#8590));
#17 = ADVANCED_FACE('',(#18),#32,.F.);
#18 = FACE_BOUND('',#19,.F.);
#19 = EDGE_LOOP('',(#20,#55,#83,#111));
#20 = ORIENTED_EDGE('',*,*,#21,.T.);
#21 = EDGE_CURVE('',#22,#24,#26,.T.);
#22 = VERTEX_POINT('',#23);
#23 = CARTESIAN_POINT('',(-43.,-45.,7.105427357601E-15));
#24 = VERTEX_POINT('',#25);
#25 = CARTESIAN_POINT('',(-43.,-45.,3.));
#26 = SURFACE_CURVE('',#27,(#31,#43),.PCURVE_S1.);
#27 = LINE('',#28,#29);
#28 = CARTESIAN_POINT('',(-43.,-45.,7.105427357601E-15));
#29 = VECTOR('',#30,1.);
#30 = DIRECTION('',(0.,0.,1.));
#31 = PCURVE('',#32,#37);
#32 = PLANE('',#33);
#33 = AXIS2_PLACEMENT_3D('',#34,#35,#36);
#34 = CARTESIAN_POINT('',(-43.,-45.,7.105427357601E-15));
#35 = DIRECTION('',(0.,1.,0.));
#36 = DIRECTION('',(1.,0.,0.));
#37 = DEFINITIONAL_REPRESENTATION('',(#38),#42);
#38 = LINE('',#39,#40);
#39 = CARTESIAN_POINT('',(0.,0.));
#40 = VECTOR('',#41,1.);
#41 = DIRECTION('',(0.,-1.));
#42 = ( GEOMETRIC_REPRESENTATION_CONTEXT(2) 
PARAMETRIC_REPRESENTATION_CONTEXT() REPRESENTATION_CONTEXT('2D SPACE',''
  ) );
#43 = PCURVE('',#44,#49);
#44 = CYLINDRICAL_SURFACE('',#45,5.);
#45 = AXIS2_PLACEMENT_3D('',#46,#47,#48);
#46 = CARTESIAN_POINT('',(-43.,-40.,7.105427357601E-15));
#47 = DIRECTION('',(0.,0.,-1.));
#48 = DIRECTION('',(-1.,0.,0.));
#49 = DEFINITIONAL_REPRESENTATION('',(#50),#54);
#50 = LINE('',#51,#52);
#51 = CARTESIAN_POINT('',(-1.570796326795,0.));
#52 = VECTOR('',#53,1.);
#53 = DIRECTION('',(-0.,-1.));
#54 = ( GEOMETRIC_REPRESENTATION_CONTEXT(2) 
PARAMETRIC_REPRESENTATION_CONTEXT() REPRESENTATION_CONTEXT('2D SPACE',''
  ) );
#55 = ORIENTED_EDGE('',*,*,#56,.T.);
#56 = EDGE_CURVE('',#24,#57,#59,.T.);
#57 = VERTEX_POINT('',#58);
#58 = CARTESIAN_POINT('',(43.,-45.,3.));
#59 = SURFACE_CURVE('',#60,(#64,#71),.PCURVE_S1.);
#60 = LINE('',#61,#62);
#61 = CARTESIAN_POINT('',(-43.,-45.,3.));
#62 = VECTOR('',#63,1.);
#63 = DIRECTION('',(1.,0.,0.));
#64 = PCURVE('',#32,#65);
#65 = DEFINITIONAL_REPRESENTATION('',(#66),#70);
#66 = LINE('',#67,#68);
#67 = CARTESIAN_POINT('',(0.,-3.));
#68 = VECTOR('',#69,1.);
#69 = DIRECTION('',(1.,0.));
#70 = ( GEOMETRIC_REPRESENTATION_CONTEXT(2) 
PARAMETRIC_REPRESENTATION_CONTEXT() REPRESENTATION_CONTEXT('2D SPACE',''
  ) );
#71 = PCURVE('',#72,#77);
#72 = PLANE('',#73);
#73 = AXIS2_PLACEMENT_3D('',#74,#75,#76);
#74 = CARTESIAN_POINT('',(1.280679773456E-15,0.,3.));
#75 = DIRECTION('',(0.,0.,1.));
#76 = DIRECTION('',(1.,0.,0.));
#77 = DEFINITIONAL_REPRESENTATION('',(#78),#82);
#78 = LINE('',#79,#80);
#79 = CARTESIAN_POINT('',(-43.,-45.));
#80 = VECTOR('',#81,1.);
#81 = DIRECTION('',(1.,0.));
#82 = ( GEOMETRIC_REPRESENTATION_CONTEXT(2) 
PARAMETRIC_REPRESENTATION_CONTEXT() REPRESENTATION_CONTEXT('2D SPACE',''
  ) );
#83 = ORIENTED_EDGE('',*,*,#84,.F.);
#84 = EDGE_CURVE('',#85,#57,#87,.T.);
#85 = VERTEX_POINT('',#86);
#86 = CARTESIAN_POINT('',(43.,-45.,7.105427357601E-15));
#87 = SURFACE_CURVE('',#88,(#92,#99),.PCURVE_S1.);
#88 = LINE('',#89,#90);
#89 = CARTESIAN_POINT('',(43.,-45.,7.105427357601E-15));
#90 = VECTOR('',#91,1.);
#91 = DIRECTION('',(0.,0.,1.));
#92 = PCURVE('',#32,#93);
#93 = DEFINITIONAL_REPRESENTATION('',(#94),#98);
#94 = LINE('',#95,#96);
#95 = CARTESIAN_POINT('',(86.,0.));
#96 = VECTOR('',#97,1.);
#97 = DIRECTION('',(0.,-1.));
#98 = ( GEOMETRIC_REPRESENTATION_CONTEXT(2) 
PARAMETRIC_REPRESENTATION_CONTEXT() REPRESENTATION_CONTEXT('2D SPACE',''
  ) );
#99 = PCURVE('',#100,#105);
#100 = CYLINDRICAL_SURFACE('',#101,5.);
#101 = AXIS2_PLACEMENT_3D('',#102,#103,#104);
#102 = CARTESIAN_POINT('',(43.,-40.,7.105427357601E-15));
#103 = DIRECTION('',(0.,0.,-1.));
#104 = DIRECTION('',(0.,-1.,0.));
#105 = DEFINITIONAL_REPRESENTATION('',(#106),#110);
#106 = LINE('',#107,#108);
#107 = CARTESIAN_POINT('',(-0.,0.));
#108 = VECTOR('',#109,1.);
#109 = DIRECTION('',(-0.,-1.));
#110 = ( GEOMETRIC_REPRESENTATION_CONTEXT(2) 
PARAMETRIC_REPRESENTATION_CONTEXT() REPRESENTATION_CONTEXT('2D SPACE',''
  ) );
#111 = ORIENTED_EDGE('',*,*,#112,.F.);
#112 = EDGE_CURVE('',#22,#85,#113,.T.);
#113 = SURFACE_CURVE('',#114,(#118,#125),.PCURVE_S1.);
#114 = LINE('',#115,#116);
#115 = CARTESIAN_POINT('',(-43.,-45.,7.105427357601E-15));
#116 = VECTOR('',#117,1.);
#117 = DIRECTION('',(1.,0.,0.));
#118 = PCURVE('',#32,#119);
#119 = DEFINITIONAL_REPRESENTATION('',(#120),#124);
#120 = LINE('',#121,#122);
#121 = CARTESIAN_POINT('',(0.,0.));
#122 = VECTOR('',#123,1.);
#123 = DIRECTION('',(1.,0.));
#124 = ( GEOMETRIC_REPRESENTATION_CONTEXT(2) 
PARAMETRIC_REPRESENTATION_CONTEXT() REPRESENTATION_CONTEXT('2D SPACE',''
  ) );
#125 = PCURVE('',#126,#131);
#126 = PLANE('',#127);
#127 = AXIS2_PLACEMENT_3D('',#128,#129,#130);
#128 = CARTESIAN_POINT('',(1.280679773456E-15,0.,7.105427357601E-15));
#129 = DIRECTION('',(0.,0.,1.));
#130 = DIRECTION('',(1.,0.,0.));
#131 = DEFINITIONAL_REPRESENTATION('',(#132),#136);
#132 = LINE('',#133,#134);
#133 = CARTESIAN_POINT('',(-43.,-45.));
#134 = VECTOR('',#135,1.);
#135 = DIRECTION('',(1.,0.));
#136 = ( GEOMETRIC_REPRESENTATION_CONTEXT(2) 
PARAMETRIC_REPRESENTATION_CONTEXT() REPRESENTATION_CONTEXT('2D SPACE',''
  ) );
#137 = ADVANCED_FACE('',(#138),#44,.T.);
#138 = FACE_BOUND('',#139,.F.);
#139 = EDGE_LOOP('',(#140,#170,#192,#193));
#140 = ORIENTED_EDGE('',*,*,#141,.T.);
#141 = EDGE_CURVE('',#142,#144,#146,.T.);
#142 = VERTEX_POINT('',#143);
#143 = CARTESIAN_POINT('',(-48.,-40.,7.105427357601E-15));
#144 = VERTEX_POINT('',#145);
#145 = CARTESIAN_POINT('',(-48.,-40.,3.));
#146 = SURFACE_CURVE('',#147,(#151,#158),.PCURVE_S1.);
#147 = LINE('',#148,#149);
#148 = CARTESIAN_POINT('',(-48.,-40.,7.105427357601E-15));
#149 = VECTOR('',#150,1.);
#150 = DIRECTION('',(0.,0.,1.));
#151 = PCURVE('',#44,#152);
#152 = DEFINITIONAL_REPRESENTATION('',(#153),#157);
#153 = LINE('',#154,#155);
#154 = CARTESIAN_POINT('',(-0.,0.));
#155 = VECTOR('',#156,1.);
#156 = DIRECTION('',(-0.,-1.));
#157 = ( GEOMETRIC_REPRESENTATION_CONTEXT(2) 
PARAMETRIC_REPRESENTATION_CONTEXT() REPRESENTATION_CONTEXT('2D SPACE',''
  ) );
#158 = PCURVE('',#159,#164);
#159 = PLANE('',#160);
#160 = AXIS2_PLACEMENT_3D('',#161,#162,#163);
#161 = CARTESIAN_POINT('',(-48.,40.,7.105427357601E-15));
#162 = DIRECTION('',(1.,0.,0.));
#163 = DIRECTION('',(0.,-1.,0.));
#164 = DEFINITIONAL_REPRESENTATION('',(#165),#169);
#165 = LINE('',#166,#167);
#166 = CARTESIAN_POINT('',(80.,0.));
#167 = VECTOR('',#168,1.);
#168 = DIRECTION('',(0.,-1.));
#169 = ( GEOMETRIC_REPRESENTATION_CONTEXT(2) 
PARAMETRIC_REPRESENTATION_CONTEXT() REPRESENTATION_CONTEXT('2D SPACE',''
  ) );
#170 = ORIENTED_EDGE('',*,*,#171,.T.);
#171 = EDGE_CURVE('',#144,#24,#172,.T.);
#172 = SURFACE_CURVE('',#173,(#178,#185),.PCURVE_S1.);
#173 = CIRCLE('',#174,5.);
#174 = AXIS2_PLACEMENT_3D('',#175,#176,#177);
#175 = CARTESIAN_POINT('',(-43.,-40.,3.));
#176 = DIRECTION('',(0.,0.,1.));
#177 = DIRECTION('',(-1.,0.,0.));
#178 = PCURVE('',#44,#179);
#179 = DEFINITIONAL_REPRESENTATION('',(#180),#184);
#180 = LINE('',#181,#182);
#181 = CARTESIAN_POINT('',(-0.,-3.));
#182 = VECTOR('',#183,1.);
#183 = DIRECTION('',(-1.,0.));
#184 = ( GEOMETRIC_REPRESENTATION_CONTEXT(2) 
PARAMETRIC_REPRESENTATION_CONTEXT() REPRESENTATION_CONTEXT('2D SPACE',''
  ) );
#185 = PCURVE('',#72,#186);
#186 = DEFINITIONAL_REPRESENTATION('',(#187),#191);
#187 = CIRCLE('',#188,5.);
#188 = AXIS2_PLACEMENT_2D('',#189,#190);
#189 = CARTESIAN_POINT('',(-43.,-40.));
#190 = DIRECTION('',(-1.,0.));
#191 = ( GEOMETRIC_REPRESENTATION_CONTEXT(2) 
PARAMETRIC_REPRESENTATION_CONTEXT() REPRESENTATION_CONTEXT('2D SPACE',''
  ) );
#192 = ORIENTED_EDGE('',*,*,#21,.F.);
#193 = ORIENTED_EDGE('',*,*,#194,.F.);
#194 = EDGE_CURVE('',#142,#22,#195,.T.);
#195 = SURFACE_CURVE('',#196,(#201,#208),.PCURVE_S1.);
#196 = CIRCLE('',#197,5.);
#197 = AXIS2_PLACEMENT_3D('',#198,#199,#200);
#198 = CARTESIAN_POINT('',(-43.,-40.,7.105427357601E-15));
#199 = DIRECTION('',(0.,0.,1.));
#200 = DIRECTION('',(-1.,0.,0.));
#201 = PCURVE('',#44,#202);
#202 = DEFINITIONAL_REPRESENTATION('',(#203),#207);
#203 = LINE('',#204,#205);
#204 = CARTESIAN_POINT('',(-0.,0.));
#205 = VECTOR('',#206,1.);
#206 = DIRECTION('',(-1.,0.));
#207 = ( GEOMETRIC_REPRESENTATION_CONTEXT(2) 
PARAMETRIC_REPRESENTATION_CONTEXT() REPRESENTATION_CONTEXT('2D SPACE',''
  ) );
#208 = PCURVE('',#126,#209);
#209 = DEFINITIONAL_REPRESENTATION('',(#210),#214);
#210 = CIRCLE('',#211,5.);
#211 = AXIS2_PLACEMENT_2D('',#212,#213);
#212 = CARTESIAN_POINT('',(-43.,-40.));
#213 = DIRECTION('',(-1.,0.));
#214 = ( GEOMETRIC_REPRESENTATION_CONTEXT(2) 
PARAMETRIC_REPRESENTATION_CONTEXT() REPRESENTATION_CONTEXT('2D SPACE',''
  ) );
#215 = ADVANCED_FACE('',(#216),#100,.T.);
#216 = FACE_BOUND('',#217,.F.);
#217 = EDGE_LOOP('',(#218,#219,#243,#271));
#218 = ORIENTED_EDGE('',*,*,#84,.T.);
#219 = ORIENTED_EDGE('',*,*,#220,.T.);
#220 = EDGE_CURVE('',#57,#221,#223,.T.);
#221 = VERTEX_POINT('',#222);
#222 = CARTESIAN_POINT('',(48.,-40.,3.));
#223 = SURFACE_CURVE('',#224,(#229,#236),.PCURVE_S1.);
#224 = CIRCLE('',#225,5.);
#225 = AXIS2_PLACEMENT_3D('',#226,#227,#228);
#226 = CARTESIAN_POINT('',(43.,-40.,3.));
#227 = DIRECTION('',(-0.,0.,1.));
#228 = DIRECTION('',(0.,-1.,0.));
#229 = PCURVE('',#100,#230);
#230 = DEFINITIONAL_REPRESENTATION('',(#231),#235);
#231 = LINE('',#232,#233);
#232 = CARTESIAN_POINT('',(-0.,-3.));
#233 = VECTOR('',#234,1.);
#234 = DIRECTION('',(-1.,0.));
#235 = ( GEOMETRIC_REPRESENTATION_CONTEXT(2) 
PARAMETRIC_REPRESENTATION_CONTEXT() REPRESENTATION_CONTEXT('2D SPACE',''
  ) );
#236 = PCURVE('',#72,#237);
#237 = DEFINITIONAL_REPRESENTATION('',(#238),#242);
#238 = CIRCLE('',#239,5.);
#239 = AXIS2_PLACEMENT_2D('',#240,#241);
#240 = CARTESIAN_POINT('',(43.,-40.));
#241 = DIRECTION('',(0.,-1.));
#242 = ( GEOMETRIC_REPRESENTATION_CONTEXT(2) 
PARAMETRIC_REPRESENTATION_CONTEXT() REPRESENTATION_CONTEXT('2D SPACE',''
  ) );
#243 = ORIENTED_EDGE('',*,*,#244,.F.);
#244 = EDGE_CURVE('',#245,#221,#247,.T.);
#245 = VERTEX_POINT('',#246);
#246 = CARTESIAN_POINT('',(48.,-40.,7.105427357601E-15));
#247 = SURFACE_CURVE('',#248,(#252,#259),.PCURVE_S1.);
#248 = LINE('',#249,#250);
#249 = CARTESIAN_POINT('',(48.,-40.,7.105427357601E-15));
#250 = VECTOR('',#251,1.);
#251 = DIRECTION('',(0.,0.,1.));
#252 = PCURVE('',#100,#253);
#253 = DEFINITIONAL_REPRESENTATION('',(#254),#258);
#254 = LINE('',#255,#256);
#255 = CARTESIAN_POINT('',(-1.570796326795,0.));
#256 = VECTOR('',#257,1.);
#257 = DIRECTION('',(-0.,-1.));
#258 = ( GEOMETRIC_REPRESENTATION_CONTEXT(2) 
PARAMETRIC_REPRESENTATION_CONTEXT() REPRESENTATION_CONTEXT('2D SPACE',''
  ) );
#259 = PCURVE('',#260,#265);
#260 = PLANE('',#261);
#261 = AXIS2_PLACEMENT_3D('',#262,#263,#264);
#262 = CARTESIAN_POINT('',(48.,-40.,7.105427357601E-15));
#263 = DIRECTION('',(-1.,0.,0.));
#264 = DIRECTION('',(0.,1.,0.));
#265 = DEFINITIONAL_REPRESENTATION('',(#266),#270);
#266 = LINE('',#267,#268);
#267 = CARTESIAN_POINT('',(0.,0.));
#268 = VECTOR('',#269,1.);
#269 = DIRECTION('',(0.,-1.));
#270 = ( GEOMETRIC_REPRESENTATION_CONTEXT(2) 
PARAMETRIC_REPRESENTATION_CONTEXT() REPRESENTATION_CONTEXT('2D SPACE',''
  ) );
#271 = ORIENTED_EDGE('',*,*,#272,.F.);
#272 = EDGE_CURVE('',#85,#245,#273,.T.);
#273 = SURFACE_CURVE('',#274,(#279,#286),.PCURVE_S1.);
#274 = CIRCLE('',#275,5.);
#275 = AXIS2_PLACEMENT_3D('',#276,#277,#278);
#276 = CARTESIAN_POINT('',(43.,-40.,7.105427357601E-15));
#277 = DIRECTION('',(-0.,0.,1.));
#278 = DIRECTION('',(0.,-1.,0.));
#279 = PCURVE('',#100,#280);
#280 = DEFINITIONAL_REPRESENTATION('',(#281),#285);
#281 = LINE('',#282,#283);
#282 = CARTESIAN_POINT('',(-0.,0.));
#283 = VECTOR('',#284,1.);
#284 = DIRECTION('',(-1.,0.));
#285 = ( GEOMETRIC_REPRESENTATION_CONTEXT(2) 
PARAMETRIC_REPRESENTATION_CONTEXT() REPRESENTATION_CONTEXT('2D SPACE',''
  ) );
#286 = PCURVE('',#126,#287);
#287 = DEFINITIONAL_REPRESENTATION('',(#288),#292);
#288 = CIRCLE('',#289,5.);
#289 = AXIS2_PLACEMENT_2D('',#290,#291);
#290 = CARTESIAN_POINT('',(43.,-40.));
#291 = DIRECTION('',(0.,-1.));
#292 = ( GEOMETRIC_REPRESENTATION_CONTEXT(2) 
PARAMETRIC_REPRESENTATION_CONTEXT() REPRESENTATION_CONTEXT('2D SPACE',''
  ) );
#293 = ADVANCED_FACE('',(#294,#429,#543,#578,#613,#648,#762,#797,#832,
    #946,#981,#1543,#1578,#1613),#126,.F.);
#294 = FACE_BOUND('',#295,.F.);
#295 = EDGE_LOOP('',(#296,#297,#298,#321,#350,#378,#407,#428));
#296 = ORIENTED_EDGE('',*,*,#112,.T.);
#297 = ORIENTED_EDGE('',*,*,#272,.T.);
#298 = ORIENTED_EDGE('',*,*,#299,.T.);
#299 = EDGE_CURVE('',#245,#300,#302,.T.);
#300 = VERTEX_POINT('',#301);
#301 = CARTESIAN_POINT('',(48.,40.,7.105427357601E-15));
#302 = SURFACE_CURVE('',#303,(#307,#314),.PCURVE_S1.);
#303 = LINE('',#304,#305);
#304 = CARTESIAN_POINT('',(48.,-40.,7.105427357601E-15));
#305 = VECTOR('',#306,1.);
#306 = DIRECTION('',(0.,1.,0.));
#307 = PCURVE('',#126,#308);
#308 = DEFINITIONAL_REPRESENTATION('',(#309),#313);
#309 = LINE('',#310,#311);
#310 = CARTESIAN_POINT('',(48.,-40.));
#311 = VECTOR('',#312,1.);
#312 = DIRECTION('',(0.,1.));
#313 = ( GEOMETRIC_REPRESENTATION_CONTEXT(2) 
PARAMETRIC_REPRESENTATION_CONTEXT() REPRESENTATION_CONTEXT('2D SPACE',''
  ) );
#314 = PCURVE('',#260,#315);
#315 = DEFINITIONAL_REPRESENTATION('',(#316),#320);
#316 = LINE('',#317,#318);
#317 = CARTESIAN_POINT('',(0.,0.));
#318 = VECTOR('',#319,1.);
#319 = DIRECTION('',(1.,0.));
#320 = ( GEOMETRIC_REPRESENTATION_CONTEXT(2) 
PARAMETRIC_REPRESENTATION_CONTEXT() REPRESENTATION_CONTEXT('2D SPACE',''
  ) );
#321 = ORIENTED_EDGE('',*,*,#322,.T.);
#322 = EDGE_CURVE('',#300,#323,#325,.T.);
#323 = VERTEX_POINT('',#324);
#324 = CARTESIAN_POINT('',(43.,45.,7.105427357601E-15));
#325 = SURFACE_CURVE('',#326,(#331,#338),.PCURVE_S1.);
#326 = CIRCLE('',#327,5.);
#327 = AXIS2_PLACEMENT_3D('',#328,#329,#330);
#328 = CARTESIAN_POINT('',(43.,40.,7.105427357601E-15));
#329 = DIRECTION('',(0.,0.,1.));
#330 = DIRECTION('',(1.,0.,0.));
#331 = PCURVE('',#126,#332);
#332 = DEFINITIONAL_REPRESENTATION('',(#333),#337);
#333 = CIRCLE('',#334,5.);
#334 = AXIS2_PLACEMENT_2D('',#335,#336);
#335 = CARTESIAN_POINT('',(43.,40.));
#336 = DIRECTION('',(1.,0.));
#337 = ( GEOMETRIC_REPRESENTATION_CONTEXT(2) 
PARAMETRIC_REPRESENTATION_CONTEXT() REPRESENTATION_CONTEXT('2D SPACE',''
  ) );
#338 = PCURVE('',#339,#344);
#339 = CYLINDRICAL_SURFACE('',#340,5.);
#340 = AXIS2_PLACEMENT_3D('',#341,#342,#343);
#341 = CARTESIAN_POINT('',(43.,40.,7.105427357601E-15));
#342 = DIRECTION('',(0.,0.,-1.));
#343 = DIRECTION('',(1.,0.,0.));
#344 = DEFINITIONAL_REPRESENTATION('',(#345),#349);
#345 = LINE('',#346,#347);
#346 = CARTESIAN_POINT('',(-0.,0.));
#347 = VECTOR('',#348,1.);
#348 = DIRECTION('',(-1.,0.));
#349 = ( GEOMETRIC_REPRESENTATION_CONTEXT(2) 
PARAMETRIC_REPRESENTATION_CONTEXT() REPRESENTATION_CONTEXT('2D SPACE',''
  ) );
#350 = ORIENTED_EDGE('',*,*,#351,.T.);
#351 = EDGE_CURVE('',#323,#352,#354,.T.);
#352 = VERTEX_POINT('',#353);
#353 = CARTESIAN_POINT('',(-43.,45.,7.105427357601E-15));
#354 = SURFACE_CURVE('',#355,(#359,#366),.PCURVE_S1.);
#355 = LINE('',#356,#357);
#356 = CARTESIAN_POINT('',(43.,45.,7.105427357601E-15));
#357 = VECTOR('',#358,1.);
#358 = DIRECTION('',(-1.,0.,0.));
#359 = PCURVE('',#126,#360);
#360 = DEFINITIONAL_REPRESENTATION('',(#361),#365);
#361 = LINE('',#362,#363);
#362 = CARTESIAN_POINT('',(43.,45.));
#363 = VECTOR('',#364,1.);
#364 = DIRECTION('',(-1.,0.));
#365 = ( GEOMETRIC_REPRESENTATION_CONTEXT(2) 
PARAMETRIC_REPRESENTATION_CONTEXT() REPRESENTATION_CONTEXT('2D SPACE',''
  ) );
#366 = PCURVE('',#367,#372);
#367 = PLANE('',#368);
#368 = AXIS2_PLACEMENT_3D('',#369,#370,#371);
#369 = CARTESIAN_POINT('',(43.,45.,7.105427357601E-15));
#370 = DIRECTION('',(0.,-1.,0.));
#371 = DIRECTION('',(-1.,0.,0.));
#372 = DEFINITIONAL_REPRESENTATION('',(#373),#377);
#373 = LINE('',#374,#375);
#374 = CARTESIAN_POINT('',(0.,0.));
#375 = VECTOR('',#376,1.);
#376 = DIRECTION('',(1.,0.));
#377 = ( GEOMETRIC_REPRESENTATION_CONTEXT(2) 
PARAMETRIC_REPRESENTATION_CONTEXT() REPRESENTATION_CONTEXT('2D SPACE',''
  ) );
#378 = ORIENTED_EDGE('',*,*,#379,.T.);
#379 = EDGE_CURVE('',#352,#380,#382,.T.);
#380 = VERTEX_POINT('',#381);
#381 = CARTESIAN_POINT('',(-48.,40.,7.105427357601E-15));
#382 = SURFACE_CURVE('',#383,(#388,#395),.PCURVE_S1.);
#383 = CIRCLE('',#384,5.);
#384 = AXIS2_PLACEMENT_3D('',#385,#386,#387);
#385 = CARTESIAN_POINT('',(-43.,40.,7.105427357601E-15));
#386 = DIRECTION('',(0.,-0.,1.));
#387 = DIRECTION('',(0.,1.,0.));
#388 = PCURVE('',#126,#389);
#389 = DEFINITIONAL_REPRESENTATION('',(#390),#394);
#390 = CIRCLE('',#391,5.);
#391 = AXIS2_PLACEMENT_2D('',#392,#393);
#392 = CARTESIAN_POINT('',(-43.,40.));
#393 = DIRECTION('',(0.,1.));
#394 = ( GEOMETRIC_REPRESENTATION_CONTEXT(2) 
PARAMETRIC_REPRESENTATION_CONTEXT() REPRESENTATION_CONTEXT('2D SPACE',''
  ) );
#395 = PCURVE('',#396,#401);
#396 = CYLINDRICAL_SURFACE('',#397,5.);
#397 = AXIS2_PLACEMENT_3D('',#398,#399,#400);
#398 = CARTESIAN_POINT('',(-43.,40.,7.105427357601E-15));
#399 = DIRECTION('',(0.,0.,-1.));
#400 = DIRECTION('',(0.,1.,0.));
#401 = DEFINITIONAL_REPRESENTATION('',(#402),#406);
#402 = LINE('',#403,#404);
#403 = CARTESIAN_POINT('',(-0.,0.));
#404 = VECTOR('',#405,1.);
#405 = DIRECTION('',(-1.,0.));
#406 = ( GEOMETRIC_REPRESENTATION_CONTEXT(2) 
PARAMETRIC_REPRESENTATION_CONTEXT() REPRESENTATION_CONTEXT('2D SPACE',''
  ) );
#407 = ORIENTED_EDGE('',*,*,#408,.T.);
#408 = EDGE_CURVE('',#380,#142,#409,.T.);
#409 = SURFACE_CURVE('',#410,(#414,#421),.PCURVE_S1.);
#410 = LINE('',#411,#412);
#411 = CARTESIAN_POINT('',(-48.,40.,7.105427357601E-15));
#412 = VECTOR('',#413,1.);
#413 = DIRECTION('',(0.,-1.,0.));
#414 = PCURVE('',#126,#415);
#415 = DEFINITIONAL_REPRESENTATION('',(#416),#420);
#416 = LINE('',#417,#418);
#417 = CARTESIAN_POINT('',(-48.,40.));
#418 = VECTOR('',#419,1.);
#419 = DIRECTION('',(0.,-1.));
#420 = ( GEOMETRIC_REPRESENTATION_CONTEXT(2) 
PARAMETRIC_REPRESENTATION_CONTEXT() REPRESENTATION_CONTEXT('2D SPACE',''
  ) );
#421 = PCURVE('',#159,#422);
#422 = DEFINITIONAL_REPRESENTATION('',(#423),#427);
#423 = LINE('',#424,#425);
#424 = CARTESIAN_POINT('',(0.,0.));
#425 = VECTOR('',#426,1.);
#426 = DIRECTION('',(1.,0.));
#427 = ( GEOMETRIC_REPRESENTATION_CONTEXT(2) 
PARAMETRIC_REPRESENTATION_CONTEXT() REPRESENTATION_CONTEXT('2D SPACE',''
  ) );
#428 = ORIENTED_EDGE('',*,*,#194,.T.);
#429 = FACE_BOUND('',#430,.F.);
#430 = EDGE_LOOP('',(#431,#461,#489,#517));
#431 = ORIENTED_EDGE('',*,*,#432,.T.);
#432 = EDGE_CURVE('',#433,#435,#437,.T.);
#433 = VERTEX_POINT('',#434);
#434 = CARTESIAN_POINT('',(-37.85,-39.4,7.105427357601E-15));
#435 = VERTEX_POINT('',#436);
#436 = CARTESIAN_POINT('',(-42.15,-39.4,7.105427357601E-15));
#437 = SURFACE_CURVE('',#438,(#442,#449),.PCURVE_S1.);
#438 = LINE('',#439,#440);
#439 = CARTESIAN_POINT('',(-21.075,-39.4,7.105427357601E-15));
#440 = VECTOR('',#441,1.);
#441 = DIRECTION('',(-1.,0.,0.));
#442 = PCURVE('',#126,#443);
#443 = DEFINITIONAL_REPRESENTATION('',(#444),#448);
#444 = LINE('',#445,#446);
#445 = CARTESIAN_POINT('',(-21.075,-39.4));
#446 = VECTOR('',#447,1.);
#447 = DIRECTION('',(-1.,0.));
#448 = ( GEOMETRIC_REPRESENTATION_CONTEXT(2) 
PARAMETRIC_REPRESENTATION_CONTEXT() REPRESENTATION_CONTEXT('2D SPACE',''
  ) );
#449 = PCURVE('',#450,#455);
#450 = PLANE('',#451);
#451 = AXIS2_PLACEMENT_3D('',#452,#453,#454);
#452 = CARTESIAN_POINT('',(-42.15,-39.4,1.805));
#453 = DIRECTION('',(0.,1.,1.110223024625E-16));
#454 = DIRECTION('',(1.,0.,0.));
#455 = DEFINITIONAL_REPRESENTATION('',(#456),#460);
#456 = LINE('',#457,#458);
#457 = CARTESIAN_POINT('',(21.075,1.805));
#458 = VECTOR('',#459,1.);
#459 = DIRECTION('',(-1.,0.));
#460 = ( GEOMETRIC_REPRESENTATION_CONTEXT(2) 
PARAMETRIC_REPRESENTATION_CONTEXT() REPRESENTATION_CONTEXT('2D SPACE',''
  ) );
#461 = ORIENTED_EDGE('',*,*,#462,.T.);
#462 = EDGE_CURVE('',#435,#463,#465,.T.);
#463 = VERTEX_POINT('',#464);
#464 = CARTESIAN_POINT('',(-42.15,-30.6,0.));
#465 = SURFACE_CURVE('',#466,(#470,#477),.PCURVE_S1.);
#466 = LINE('',#467,#468);
#467 = CARTESIAN_POINT('',(-42.15,-19.7,7.105427357601E-15));
#468 = VECTOR('',#469,1.);
#469 = DIRECTION('',(0.,1.,0.));
#470 = PCURVE('',#126,#471);
#471 = DEFINITIONAL_REPRESENTATION('',(#472),#476);
#472 = LINE('',#473,#474);
#473 = CARTESIAN_POINT('',(-42.15,-19.7));
#474 = VECTOR('',#475,1.);
#475 = DIRECTION('',(0.,1.));
#476 = ( GEOMETRIC_REPRESENTATION_CONTEXT(2) 
PARAMETRIC_REPRESENTATION_CONTEXT() REPRESENTATION_CONTEXT('2D SPACE',''
  ) );
#477 = PCURVE('',#478,#483);
#478 = PLANE('',#479);
#479 = AXIS2_PLACEMENT_3D('',#480,#481,#482);
#480 = CARTESIAN_POINT('',(-42.15,-39.4,1.805));
#481 = DIRECTION('',(1.,0.,0.));
#482 = DIRECTION('',(0.,1.,1.110223024625E-16));
#483 = DEFINITIONAL_REPRESENTATION('',(#484),#488);
#484 = LINE('',#485,#486);
#485 = CARTESIAN_POINT('',(19.7,-1.805));
#486 = VECTOR('',#487,1.);
#487 = DIRECTION('',(1.,-1.110223024625E-16));
#488 = ( GEOMETRIC_REPRESENTATION_CONTEXT(2) 
PARAMETRIC_REPRESENTATION_CONTEXT() REPRESENTATION_CONTEXT('2D SPACE',''
  ) );
#489 = ORIENTED_EDGE('',*,*,#490,.F.);
#490 = EDGE_CURVE('',#491,#463,#493,.T.);
#491 = VERTEX_POINT('',#492);
#492 = CARTESIAN_POINT('',(-37.85,-30.6,0.));
#493 = SURFACE_CURVE('',#494,(#498,#505),.PCURVE_S1.);
#494 = LINE('',#495,#496);
#495 = CARTESIAN_POINT('',(-21.075,-30.6,0.));
#496 = VECTOR('',#497,1.);
#497 = DIRECTION('',(-1.,0.,0.));
#498 = PCURVE('',#126,#499);
#499 = DEFINITIONAL_REPRESENTATION('',(#500),#504);
#500 = LINE('',#501,#502);
#501 = CARTESIAN_POINT('',(-21.075,-30.6));
#502 = VECTOR('',#503,1.);
#503 = DIRECTION('',(-1.,0.));
#504 = ( GEOMETRIC_REPRESENTATION_CONTEXT(2) 
PARAMETRIC_REPRESENTATION_CONTEXT() REPRESENTATION_CONTEXT('2D SPACE',''
  ) );
#505 = PCURVE('',#506,#511);
#506 = PLANE('',#507);
#507 = AXIS2_PLACEMENT_3D('',#508,#509,#510);
#508 = CARTESIAN_POINT('',(-42.15,-30.6,1.805));
#509 = DIRECTION('',(0.,1.,1.110223024625E-16));
#510 = DIRECTION('',(1.,0.,0.));
#511 = DEFINITIONAL_REPRESENTATION('',(#512),#516);
#512 = LINE('',#513,#514);
#513 = CARTESIAN_POINT('',(21.075,1.805));
#514 = VECTOR('',#515,1.);
#515 = DIRECTION('',(-1.,0.));
#516 = ( GEOMETRIC_REPRESENTATION_CONTEXT(2) 
PARAMETRIC_REPRESENTATION_CONTEXT() REPRESENTATION_CONTEXT('2D SPACE',''
  ) );
#517 = ORIENTED_EDGE('',*,*,#518,.F.);
#518 = EDGE_CURVE('',#433,#491,#519,.T.);
#519 = SURFACE_CURVE('',#520,(#524,#531),.PCURVE_S1.);
#520 = LINE('',#521,#522);
#521 = CARTESIAN_POINT('',(-37.85,-19.7,7.105427357601E-15));
#522 = VECTOR('',#523,1.);
#523 = DIRECTION('',(0.,1.,0.));
#524 = PCURVE('',#126,#525);
#525 = DEFINITIONAL_REPRESENTATION('',(#526),#530);
#526 = LINE('',#527,#528);
#527 = CARTESIAN_POINT('',(-37.85,-19.7));
#528 = VECTOR('',#529,1.);
#529 = DIRECTION('',(0.,1.));
#530 = ( GEOMETRIC_REPRESENTATION_CONTEXT(2) 
PARAMETRIC_REPRESENTATION_CONTEXT() REPRESENTATION_CONTEXT('2D SPACE',''
  ) );
#531 = PCURVE('',#532,#537);
#532 = PLANE('',#533);
#533 = AXIS2_PLACEMENT_3D('',#534,#535,#536);
#534 = CARTESIAN_POINT('',(-37.85,-39.4,1.805));
#535 = DIRECTION('',(1.,0.,0.));
#536 = DIRECTION('',(0.,1.,1.110223024625E-16));
#537 = DEFINITIONAL_REPRESENTATION('',(#538),#542);
#538 = LINE('',#539,#540);
#539 = CARTESIAN_POINT('',(19.7,-1.805));
#540 = VECTOR('',#541,1.);
#541 = DIRECTION('',(1.,-1.110223024625E-16));
#542 = ( GEOMETRIC_REPRESENTATION_CONTEXT(2) 
PARAMETRIC_REPRESENTATION_CONTEXT() REPRESENTATION_CONTEXT('2D SPACE',''
  ) );
#543 = FACE_BOUND('',#544,.F.);
#544 = EDGE_LOOP('',(#545));
#545 = ORIENTED_EDGE('',*,*,#546,.T.);
#546 = EDGE_CURVE('',#547,#547,#549,.T.);
#547 = VERTEX_POINT('',#548);
#548 = CARTESIAN_POINT('',(-41.,-23.8,7.105427357601E-15));
#549 = SURFACE_CURVE('',#550,(#555,#566),.PCURVE_S1.);
#550 = CIRCLE('',#551,1.2);
#551 = AXIS2_PLACEMENT_3D('',#552,#553,#554);
#552 = CARTESIAN_POINT('',(-41.,-25.,7.105427357601E-15));
#553 = DIRECTION('',(0.,1.110223024625E-16,-1.));
#554 = DIRECTION('',(0.,1.,1.110223024625E-16));
#555 = PCURVE('',#126,#556);
#556 = DEFINITIONAL_REPRESENTATION('',(#557),#565);
#557 = ( BOUNDED_CURVE() B_SPLINE_CURVE(2,(#558,#559,#560,#561,#562,#563
,#564),.UNSPECIFIED.,.T.,.F.) B_SPLINE_CURVE_WITH_KNOTS((1,2,2,2,2,1),(
    -2.094395102393,0.,2.094395102393,4.188790204786,6.28318530718,
8.377580409573),.UNSPECIFIED.) CURVE() GEOMETRIC_REPRESENTATION_ITEM() 
RATIONAL_B_SPLINE_CURVE((1.,0.5,1.,0.5,1.,0.5,1.)) REPRESENTATION_ITEM(
  '') );
#558 = CARTESIAN_POINT('',(-41.,-23.8));
#559 = CARTESIAN_POINT('',(-38.92153903091,-23.8));
#560 = CARTESIAN_POINT('',(-39.96076951545,-25.6));
#561 = CARTESIAN_POINT('',(-41.,-27.4));
#562 = CARTESIAN_POINT('',(-42.03923048454,-25.6));
#563 = CARTESIAN_POINT('',(-43.07846096908,-23.8));
#564 = CARTESIAN_POINT('',(-41.,-23.8));
#565 = ( GEOMETRIC_REPRESENTATION_CONTEXT(2) 
PARAMETRIC_REPRESENTATION_CONTEXT() REPRESENTATION_CONTEXT('2D SPACE',''
  ) );
#566 = PCURVE('',#567,#572);
#567 = CYLINDRICAL_SURFACE('',#568,1.2);
#568 = AXIS2_PLACEMENT_3D('',#569,#570,#571);
#569 = CARTESIAN_POINT('',(-41.,-25.,5.));
#570 = DIRECTION('',(0.,1.110223024625E-16,-1.));
#571 = DIRECTION('',(0.,1.,1.110223024625E-16));
#572 = DEFINITIONAL_REPRESENTATION('',(#573),#577);
#573 = LINE('',#574,#575);
#574 = CARTESIAN_POINT('',(0.,5.));
#575 = VECTOR('',#576,1.);
#576 = DIRECTION('',(1.,0.));
#577 = ( GEOMETRIC_REPRESENTATION_CONTEXT(2) 
PARAMETRIC_REPRESENTATION_CONTEXT() REPRESENTATION_CONTEXT('2D SPACE',''
  ) );
#578 = FACE_BOUND('',#579,.F.);
#579 = EDGE_LOOP('',(#580));
#580 = ORIENTED_EDGE('',*,*,#581,.T.);
#581 = EDGE_CURVE('',#582,#582,#584,.T.);
#582 = VERTEX_POINT('',#583);
#583 = CARTESIAN_POINT('',(-8.89,-19.793925,7.105427357601E-15));
#584 = SURFACE_CURVE('',#585,(#590,#601),.PCURVE_S1.);
#585 = CIRCLE('',#586,1.45);
#586 = AXIS2_PLACEMENT_3D('',#587,#588,#589);
#587 = CARTESIAN_POINT('',(-8.89,-21.243925,7.105427357601E-15));
#588 = DIRECTION('',(0.,1.110223024625E-16,-1.));
#589 = DIRECTION('',(0.,1.,1.110223024625E-16));
#590 = PCURVE('',#126,#591);
#591 = DEFINITIONAL_REPRESENTATION('',(#592),#600);
#592 = ( BOUNDED_CURVE() B_SPLINE_CURVE(2,(#593,#594,#595,#596,#597,#598
,#599),.UNSPECIFIED.,.T.,.F.) B_SPLINE_CURVE_WITH_KNOTS((1,2,2,2,2,1),(
    -2.094395102393,0.,2.094395102393,4.188790204786,6.28318530718,
8.377580409573),.UNSPECIFIED.) CURVE() GEOMETRIC_REPRESENTATION_ITEM() 
RATIONAL_B_SPLINE_CURVE((1.,0.5,1.,0.5,1.,0.5,1.)) REPRESENTATION_ITEM(
  '') );
#593 = CARTESIAN_POINT('',(-8.89,-19.793925));
#594 = CARTESIAN_POINT('',(-6.378526329025,-19.793925));
#595 = CARTESIAN_POINT('',(-7.634263164513,-21.968925));
#596 = CARTESIAN_POINT('',(-8.89,-24.143925));
#597 = CARTESIAN_POINT('',(-10.14573683548,-21.968925));
#598 = CARTESIAN_POINT('',(-11.40147367097,-19.793925));
#599 = CARTESIAN_POINT('',(-8.89,-19.793925));
#600 = ( GEOMETRIC_REPRESENTATION_CONTEXT(2) 
PARAMETRIC_REPRESENTATION_CONTEXT() REPRESENTATION_CONTEXT('2D SPACE',''
  ) );
#601 = PCURVE('',#602,#607);
#602 = CYLINDRICAL_SURFACE('',#603,1.45);
#603 = AXIS2_PLACEMENT_3D('',#604,#605,#606);
#604 = CARTESIAN_POINT('',(-8.89,-21.243925,16.));
#605 = DIRECTION('',(0.,1.110223024625E-16,-1.));
#606 = DIRECTION('',(0.,1.,1.110223024625E-16));
#607 = DEFINITIONAL_REPRESENTATION('',(#608),#612);
#608 = LINE('',#609,#610);
#609 = CARTESIAN_POINT('',(0.,16.));
#610 = VECTOR('',#611,1.);
#611 = DIRECTION('',(1.,0.));
#612 = ( GEOMETRIC_REPRESENTATION_CONTEXT(2) 
PARAMETRIC_REPRESENTATION_CONTEXT() REPRESENTATION_CONTEXT('2D SPACE',''
  ) );
#613 = FACE_BOUND('',#614,.F.);
#614 = EDGE_LOOP('',(#615));
#615 = ORIENTED_EDGE('',*,*,#616,.T.);
#616 = EDGE_CURVE('',#617,#617,#619,.T.);
#617 = VERTEX_POINT('',#618);
#618 = CARTESIAN_POINT('',(8.89,-19.793925,7.105427357601E-15));
#619 = SURFACE_CURVE('',#620,(#625,#636),.PCURVE_S1.);
#620 = CIRCLE('',#621,1.45);
#621 = AXIS2_PLACEMENT_3D('',#622,#623,#624);
#622 = CARTESIAN_POINT('',(8.89,-21.243925,7.105427357601E-15));
#623 = DIRECTION('',(0.,1.110223024625E-16,-1.));
#624 = DIRECTION('',(0.,1.,1.110223024625E-16));
#625 = PCURVE('',#126,#626);
#626 = DEFINITIONAL_REPRESENTATION('',(#627),#635);
#627 = ( BOUNDED_CURVE() B_SPLINE_CURVE(2,(#628,#629,#630,#631,#632,#633
,#634),.UNSPECIFIED.,.T.,.F.) B_SPLINE_CURVE_WITH_KNOTS((1,2,2,2,2,1),(
    -2.094395102393,0.,2.094395102393,4.188790204786,6.28318530718,
8.377580409573),.UNSPECIFIED.) CURVE() GEOMETRIC_REPRESENTATION_ITEM() 
RATIONAL_B_SPLINE_CURVE((1.,0.5,1.,0.5,1.,0.5,1.)) REPRESENTATION_ITEM(
  '') );
#628 = CARTESIAN_POINT('',(8.89,-19.793925));
#629 = CARTESIAN_POINT('',(11.401473670975,-19.793925));
#630 = CARTESIAN_POINT('',(10.145736835487,-21.968925));
#631 = CARTESIAN_POINT('',(8.89,-24.143925));
#632 = CARTESIAN_POINT('',(7.634263164513,-21.968925));
#633 = CARTESIAN_POINT('',(6.378526329025,-19.793925));
#634 = CARTESIAN_POINT('',(8.89,-19.793925));
#635 = ( GEOMETRIC_REPRESENTATION_CONTEXT(2) 
PARAMETRIC_REPRESENTATION_CONTEXT() REPRESENTATION_CONTEXT('2D SPACE',''
  ) );
#636 = PCURVE('',#637,#642);
#637 = CYLINDRICAL_SURFACE('',#638,1.45);
#638 = AXIS2_PLACEMENT_3D('',#639,#640,#641);
#639 = CARTESIAN_POINT('',(8.89,-21.243925,16.));
#640 = DIRECTION('',(0.,1.110223024625E-16,-1.));
#641 = DIRECTION('',(0.,1.,1.110223024625E-16));
#642 = DEFINITIONAL_REPRESENTATION('',(#643),#647);
#643 = LINE('',#644,#645);
#644 = CARTESIAN_POINT('',(0.,16.));
#645 = VECTOR('',#646,1.);
#646 = DIRECTION('',(1.,0.));
#647 = ( GEOMETRIC_REPRESENTATION_CONTEXT(2) 
PARAMETRIC_REPRESENTATION_CONTEXT() REPRESENTATION_CONTEXT('2D SPACE',''
  ) );
#648 = FACE_BOUND('',#649,.F.);
#649 = EDGE_LOOP('',(#650,#680,#708,#736));
#650 = ORIENTED_EDGE('',*,*,#651,.T.);
#651 = EDGE_CURVE('',#652,#654,#656,.T.);
#652 = VERTEX_POINT('',#653);
#653 = CARTESIAN_POINT('',(42.15,-39.4,7.105427357601E-15));
#654 = VERTEX_POINT('',#655);
#655 = CARTESIAN_POINT('',(37.85,-39.4,7.105427357601E-15));
#656 = SURFACE_CURVE('',#657,(#661,#668),.PCURVE_S1.);
#657 = LINE('',#658,#659);
#658 = CARTESIAN_POINT('',(18.925,-39.4,7.105427357601E-15));
#659 = VECTOR('',#660,1.);
#660 = DIRECTION('',(-1.,0.,0.));
#661 = PCURVE('',#126,#662);
#662 = DEFINITIONAL_REPRESENTATION('',(#663),#667);
#663 = LINE('',#664,#665);
#664 = CARTESIAN_POINT('',(18.925,-39.4));
#665 = VECTOR('',#666,1.);
#666 = DIRECTION('',(-1.,0.));
#667 = ( GEOMETRIC_REPRESENTATION_CONTEXT(2) 
PARAMETRIC_REPRESENTATION_CONTEXT() REPRESENTATION_CONTEXT('2D SPACE',''
  ) );
#668 = PCURVE('',#669,#674);
#669 = PLANE('',#670);
#670 = AXIS2_PLACEMENT_3D('',#671,#672,#673);
#671 = CARTESIAN_POINT('',(37.85,-39.4,1.805));
#672 = DIRECTION('',(0.,1.,1.110223024625E-16));
#673 = DIRECTION('',(1.,0.,0.));
#674 = DEFINITIONAL_REPRESENTATION('',(#675),#679);
#675 = LINE('',#676,#677);
#676 = CARTESIAN_POINT('',(-18.925,1.805));
#677 = VECTOR('',#678,1.);
#678 = DIRECTION('',(-1.,0.));
#679 = ( GEOMETRIC_REPRESENTATION_CONTEXT(2) 
PARAMETRIC_REPRESENTATION_CONTEXT() REPRESENTATION_CONTEXT('2D SPACE',''
  ) );
#680 = ORIENTED_EDGE('',*,*,#681,.T.);
#681 = EDGE_CURVE('',#654,#682,#684,.T.);
#682 = VERTEX_POINT('',#683);
#683 = CARTESIAN_POINT('',(37.85,-30.6,0.));
#684 = SURFACE_CURVE('',#685,(#689,#696),.PCURVE_S1.);
#685 = LINE('',#686,#687);
#686 = CARTESIAN_POINT('',(37.85,-19.7,7.105427357601E-15));
#687 = VECTOR('',#688,1.);
#688 = DIRECTION('',(0.,1.,0.));
#689 = PCURVE('',#126,#690);
#690 = DEFINITIONAL_REPRESENTATION('',(#691),#695);
#691 = LINE('',#692,#693);
#692 = CARTESIAN_POINT('',(37.85,-19.7));
#693 = VECTOR('',#694,1.);
#694 = DIRECTION('',(0.,1.));
#695 = ( GEOMETRIC_REPRESENTATION_CONTEXT(2) 
PARAMETRIC_REPRESENTATION_CONTEXT() REPRESENTATION_CONTEXT('2D SPACE',''
  ) );
#696 = PCURVE('',#697,#702);
#697 = PLANE('',#698);
#698 = AXIS2_PLACEMENT_3D('',#699,#700,#701);
#699 = CARTESIAN_POINT('',(37.85,-39.4,1.805));
#700 = DIRECTION('',(1.,0.,0.));
#701 = DIRECTION('',(0.,1.,1.110223024625E-16));
#702 = DEFINITIONAL_REPRESENTATION('',(#703),#707);
#703 = LINE('',#704,#705);
#704 = CARTESIAN_POINT('',(19.7,-1.805));
#705 = VECTOR('',#706,1.);
#706 = DIRECTION('',(1.,-1.110223024625E-16));
#707 = ( GEOMETRIC_REPRESENTATION_CONTEXT(2) 
PARAMETRIC_REPRESENTATION_CONTEXT() REPRESENTATION_CONTEXT('2D SPACE',''
  ) );
#708 = ORIENTED_EDGE('',*,*,#709,.F.);
#709 = EDGE_CURVE('',#710,#682,#712,.T.);
#710 = VERTEX_POINT('',#711);
#711 = CARTESIAN_POINT('',(42.15,-30.6,0.));
#712 = SURFACE_CURVE('',#713,(#717,#724),.PCURVE_S1.);
#713 = LINE('',#714,#715);
#714 = CARTESIAN_POINT('',(18.925,-30.6,0.));
#715 = VECTOR('',#716,1.);
#716 = DIRECTION('',(-1.,0.,0.));
#717 = PCURVE('',#126,#718);
#718 = DEFINITIONAL_REPRESENTATION('',(#719),#723);
#719 = LINE('',#720,#721);
#720 = CARTESIAN_POINT('',(18.925,-30.6));
#721 = VECTOR('',#722,1.);
#722 = DIRECTION('',(-1.,0.));
#723 = ( GEOMETRIC_REPRESENTATION_CONTEXT(2) 
PARAMETRIC_REPRESENTATION_CONTEXT() REPRESENTATION_CONTEXT('2D SPACE',''
  ) );
#724 = PCURVE('',#725,#730);
#725 = PLANE('',#726);
#726 = AXIS2_PLACEMENT_3D('',#727,#728,#729);
#727 = CARTESIAN_POINT('',(37.85,-30.6,1.805));
#728 = DIRECTION('',(0.,1.,1.110223024625E-16));
#729 = DIRECTION('',(1.,0.,0.));
#730 = DEFINITIONAL_REPRESENTATION('',(#731),#735);
#731 = LINE('',#732,#733);
#732 = CARTESIAN_POINT('',(-18.925,1.805));
#733 = VECTOR('',#734,1.);
#734 = DIRECTION('',(-1.,0.));
#735 = ( GEOMETRIC_REPRESENTATION_CONTEXT(2) 
PARAMETRIC_REPRESENTATION_CONTEXT() REPRESENTATION_CONTEXT('2D SPACE',''
  ) );
#736 = ORIENTED_EDGE('',*,*,#737,.F.);
#737 = EDGE_CURVE('',#652,#710,#738,.T.);
#738 = SURFACE_CURVE('',#739,(#743,#750),.PCURVE_S1.);
#739 = LINE('',#740,#741);
#740 = CARTESIAN_POINT('',(42.15,-19.7,7.105427357601E-15));
#741 = VECTOR('',#742,1.);
#742 = DIRECTION('',(0.,1.,0.));
#743 = PCURVE('',#126,#744);
#744 = DEFINITIONAL_REPRESENTATION('',(#745),#749);
#745 = LINE('',#746,#747);
#746 = CARTESIAN_POINT('',(42.15,-19.7));
#747 = VECTOR('',#748,1.);
#748 = DIRECTION('',(0.,1.));
#749 = ( GEOMETRIC_REPRESENTATION_CONTEXT(2) 
PARAMETRIC_REPRESENTATION_CONTEXT() REPRESENTATION_CONTEXT('2D SPACE',''
  ) );
#750 = PCURVE('',#751,#756);
#751 = PLANE('',#752);
#752 = AXIS2_PLACEMENT_3D('',#753,#754,#755);
#753 = CARTESIAN_POINT('',(42.15,-39.4,1.805));
#754 = DIRECTION('',(1.,0.,0.));
#755 = DIRECTION('',(0.,1.,1.110223024625E-16));
#756 = DEFINITIONAL_REPRESENTATION('',(#757),#761);
#757 = LINE('',#758,#759);
#758 = CARTESIAN_POINT('',(19.7,-1.805));
#759 = VECTOR('',#760,1.);
#760 = DIRECTION('',(1.,-1.110223024625E-16));
#761 = ( GEOMETRIC_REPRESENTATION_CONTEXT(2) 
PARAMETRIC_REPRESENTATION_CONTEXT() REPRESENTATION_CONTEXT('2D SPACE',''
  ) );
#762 = FACE_BOUND('',#763,.F.);
#763 = EDGE_LOOP('',(#764));
#764 = ORIENTED_EDGE('',*,*,#765,.T.);
#765 = EDGE_CURVE('',#766,#766,#768,.T.);
#766 = VERTEX_POINT('',#767);
#767 = CARTESIAN_POINT('',(41.,-23.8,7.105427357601E-15));
#768 = SURFACE_CURVE('',#769,(#774,#785),.PCURVE_S1.);
#769 = CIRCLE('',#770,1.2);
#770 = AXIS2_PLACEMENT_3D('',#771,#772,#773);
#771 = CARTESIAN_POINT('',(41.,-25.,7.105427357601E-15));
#772 = DIRECTION('',(0.,1.110223024625E-16,-1.));
#773 = DIRECTION('',(0.,1.,1.110223024625E-16));
#774 = PCURVE('',#126,#775);
#775 = DEFINITIONAL_REPRESENTATION('',(#776),#784);
#776 = ( BOUNDED_CURVE() B_SPLINE_CURVE(2,(#777,#778,#779,#780,#781,#782
,#783),.UNSPECIFIED.,.T.,.F.) B_SPLINE_CURVE_WITH_KNOTS((1,2,2,2,2,1),(
    -2.094395102393,0.,2.094395102393,4.188790204786,6.28318530718,
8.377580409573),.UNSPECIFIED.) CURVE() GEOMETRIC_REPRESENTATION_ITEM() 
RATIONAL_B_SPLINE_CURVE((1.,0.5,1.,0.5,1.,0.5,1.)) REPRESENTATION_ITEM(
  '') );
#777 = CARTESIAN_POINT('',(41.,-23.8));
#778 = CARTESIAN_POINT('',(43.078460969083,-23.8));
#779 = CARTESIAN_POINT('',(42.039230484541,-25.6));
#780 = CARTESIAN_POINT('',(41.,-27.4));
#781 = CARTESIAN_POINT('',(39.960769515459,-25.6));
#782 = CARTESIAN_POINT('',(38.921539030917,-23.8));
#783 = CARTESIAN_POINT('',(41.,-23.8));
#784 = ( GEOMETRIC_REPRESENTATION_CONTEXT(2) 
PARAMETRIC_REPRESENTATION_CONTEXT() REPRESENTATION_CONTEXT('2D SPACE',''
  ) );
#785 = PCURVE('',#786,#791);
#786 = CYLINDRICAL_SURFACE('',#787,1.2);
#787 = AXIS2_PLACEMENT_3D('',#788,#789,#790);
#788 = CARTESIAN_POINT('',(41.,-25.,5.));
#789 = DIRECTION('',(0.,1.110223024625E-16,-1.));
#790 = DIRECTION('',(0.,1.,1.110223024625E-16));
#791 = DEFINITIONAL_REPRESENTATION('',(#792),#796);
#792 = LINE('',#793,#794);
#793 = CARTESIAN_POINT('',(0.,5.));
#794 = VECTOR('',#795,1.);
#795 = DIRECTION('',(1.,0.));
#796 = ( GEOMETRIC_REPRESENTATION_CONTEXT(2) 
PARAMETRIC_REPRESENTATION_CONTEXT() REPRESENTATION_CONTEXT('2D SPACE',''
  ) );
#797 = FACE_BOUND('',#798,.F.);
#798 = EDGE_LOOP('',(#799));
#799 = ORIENTED_EDGE('',*,*,#800,.T.);
#800 = EDGE_CURVE('',#801,#801,#803,.T.);
#801 = VERTEX_POINT('',#802);
#802 = CARTESIAN_POINT('',(-41.,26.2,7.105427357601E-15));
#803 = SURFACE_CURVE('',#804,(#809,#820),.PCURVE_S1.);
#804 = CIRCLE('',#805,1.2);
#805 = AXIS2_PLACEMENT_3D('',#806,#807,#808);
#806 = CARTESIAN_POINT('',(-41.,25.,7.105427357601E-15));
#807 = DIRECTION('',(0.,1.110223024625E-16,-1.));
#808 = DIRECTION('',(0.,1.,1.110223024625E-16));
#809 = PCURVE('',#126,#810);
#810 = DEFINITIONAL_REPRESENTATION('',(#811),#819);
#811 = ( BOUNDED_CURVE() B_SPLINE_CURVE(2,(#812,#813,#814,#815,#816,#817
,#818),.UNSPECIFIED.,.T.,.F.) B_SPLINE_CURVE_WITH_KNOTS((1,2,2,2,2,1),(
    -2.094395102393,0.,2.094395102393,4.188790204786,6.28318530718,
8.377580409573),.UNSPECIFIED.) CURVE() GEOMETRIC_REPRESENTATION_ITEM() 
RATIONAL_B_SPLINE_CURVE((1.,0.5,1.,0.5,1.,0.5,1.)) REPRESENTATION_ITEM(
  '') );
#812 = CARTESIAN_POINT('',(-41.,26.2));
#813 = CARTESIAN_POINT('',(-38.92153903091,26.2));
#814 = CARTESIAN_POINT('',(-39.96076951545,24.4));
#815 = CARTESIAN_POINT('',(-41.,22.6));
#816 = CARTESIAN_POINT('',(-42.03923048454,24.4));
#817 = CARTESIAN_POINT('',(-43.07846096908,26.2));
#818 = CARTESIAN_POINT('',(-41.,26.2));
#819 = ( GEOMETRIC_REPRESENTATION_CONTEXT(2) 
PARAMETRIC_REPRESENTATION_CONTEXT() REPRESENTATION_CONTEXT('2D SPACE',''
  ) );
#820 = PCURVE('',#821,#826);
#821 = CYLINDRICAL_SURFACE('',#822,1.2);
#822 = AXIS2_PLACEMENT_3D('',#823,#824,#825);
#823 = CARTESIAN_POINT('',(-41.,25.,5.));
#824 = DIRECTION('',(0.,1.110223024625E-16,-1.));
#825 = DIRECTION('',(0.,1.,1.110223024625E-16));
#826 = DEFINITIONAL_REPRESENTATION('',(#827),#831);
#827 = LINE('',#828,#829);
#828 = CARTESIAN_POINT('',(0.,5.));
#829 = VECTOR('',#830,1.);
#830 = DIRECTION('',(1.,0.));
#831 = ( GEOMETRIC_REPRESENTATION_CONTEXT(2) 
PARAMETRIC_REPRESENTATION_CONTEXT() REPRESENTATION_CONTEXT('2D SPACE',''
  ) );
#832 = FACE_BOUND('',#833,.F.);
#833 = EDGE_LOOP('',(#834,#864,#892,#920));
#834 = ORIENTED_EDGE('',*,*,#835,.T.);
#835 = EDGE_CURVE('',#836,#838,#840,.T.);
#836 = VERTEX_POINT('',#837);
#837 = CARTESIAN_POINT('',(-37.85,30.6,7.105427357601E-15));
#838 = VERTEX_POINT('',#839);
#839 = CARTESIAN_POINT('',(-42.15,30.6,7.105427357601E-15));
#840 = SURFACE_CURVE('',#841,(#845,#852),.PCURVE_S1.);
#841 = LINE('',#842,#843);
#842 = CARTESIAN_POINT('',(-21.075,30.6,7.105427357601E-15));
#843 = VECTOR('',#844,1.);
#844 = DIRECTION('',(-1.,0.,0.));
#845 = PCURVE('',#126,#846);
#846 = DEFINITIONAL_REPRESENTATION('',(#847),#851);
#847 = LINE('',#848,#849);
#848 = CARTESIAN_POINT('',(-21.075,30.6));
#849 = VECTOR('',#850,1.);
#850 = DIRECTION('',(-1.,0.));
#851 = ( GEOMETRIC_REPRESENTATION_CONTEXT(2) 
PARAMETRIC_REPRESENTATION_CONTEXT() REPRESENTATION_CONTEXT('2D SPACE',''
  ) );
#852 = PCURVE('',#853,#858);
#853 = PLANE('',#854);
#854 = AXIS2_PLACEMENT_3D('',#855,#856,#857);
#855 = CARTESIAN_POINT('',(-42.15,30.6,1.805));
#856 = DIRECTION('',(0.,1.,1.110223024625E-16));
#857 = DIRECTION('',(1.,0.,0.));
#858 = DEFINITIONAL_REPRESENTATION('',(#859),#863);
#859 = LINE('',#860,#861);
#860 = CARTESIAN_POINT('',(21.075,1.805));
#861 = VECTOR('',#862,1.);
#862 = DIRECTION('',(-1.,0.));
#863 = ( GEOMETRIC_REPRESENTATION_CONTEXT(2) 
PARAMETRIC_REPRESENTATION_CONTEXT() REPRESENTATION_CONTEXT('2D SPACE',''
  ) );
#864 = ORIENTED_EDGE('',*,*,#865,.T.);
#865 = EDGE_CURVE('',#838,#866,#868,.T.);
#866 = VERTEX_POINT('',#867);
#867 = CARTESIAN_POINT('',(-42.15,39.4,7.105427357601E-15));
#868 = SURFACE_CURVE('',#869,(#873,#880),.PCURVE_S1.);
#869 = LINE('',#870,#871);
#870 = CARTESIAN_POINT('',(-42.15,15.3,7.105427357601E-15));
#871 = VECTOR('',#872,1.);
#872 = DIRECTION('',(0.,1.,0.));
#873 = PCURVE('',#126,#874);
#874 = DEFINITIONAL_REPRESENTATION('',(#875),#879);
#875 = LINE('',#876,#877);
#876 = CARTESIAN_POINT('',(-42.15,15.3));
#877 = VECTOR('',#878,1.);
#878 = DIRECTION('',(0.,1.));
#879 = ( GEOMETRIC_REPRESENTATION_CONTEXT(2) 
PARAMETRIC_REPRESENTATION_CONTEXT() REPRESENTATION_CONTEXT('2D SPACE',''
  ) );
#880 = PCURVE('',#881,#886);
#881 = PLANE('',#882);
#882 = AXIS2_PLACEMENT_3D('',#883,#884,#885);
#883 = CARTESIAN_POINT('',(-42.15,30.6,1.805));
#884 = DIRECTION('',(1.,0.,0.));
#885 = DIRECTION('',(0.,1.,1.110223024625E-16));
#886 = DEFINITIONAL_REPRESENTATION('',(#887),#891);
#887 = LINE('',#888,#889);
#888 = CARTESIAN_POINT('',(-15.3,-1.805));
#889 = VECTOR('',#890,1.);
#890 = DIRECTION('',(1.,-1.110223024625E-16));
#891 = ( GEOMETRIC_REPRESENTATION_CONTEXT(2) 
PARAMETRIC_REPRESENTATION_CONTEXT() REPRESENTATION_CONTEXT('2D SPACE',''
  ) );
#892 = ORIENTED_EDGE('',*,*,#893,.F.);
#893 = EDGE_CURVE('',#894,#866,#896,.T.);
#894 = VERTEX_POINT('',#895);
#895 = CARTESIAN_POINT('',(-37.85,39.4,7.105427357601E-15));
#896 = SURFACE_CURVE('',#897,(#901,#908),.PCURVE_S1.);
#897 = LINE('',#898,#899);
#898 = CARTESIAN_POINT('',(-21.075,39.4,7.105427357601E-15));
#899 = VECTOR('',#900,1.);
#900 = DIRECTION('',(-1.,0.,0.));
#901 = PCURVE('',#126,#902);
#902 = DEFINITIONAL_REPRESENTATION('',(#903),#907);
#903 = LINE('',#904,#905);
#904 = CARTESIAN_POINT('',(-21.075,39.4));
#905 = VECTOR('',#906,1.);
#906 = DIRECTION('',(-1.,0.));
#907 = ( GEOMETRIC_REPRESENTATION_CONTEXT(2) 
PARAMETRIC_REPRESENTATION_CONTEXT() REPRESENTATION_CONTEXT('2D SPACE',''
  ) );
#908 = PCURVE('',#909,#914);
#909 = PLANE('',#910);
#910 = AXIS2_PLACEMENT_3D('',#911,#912,#913);
#911 = CARTESIAN_POINT('',(-42.15,39.4,1.805));
#912 = DIRECTION('',(0.,1.,1.110223024625E-16));
#913 = DIRECTION('',(1.,0.,0.));
#914 = DEFINITIONAL_REPRESENTATION('',(#915),#919);
#915 = LINE('',#916,#917);
#916 = CARTESIAN_POINT('',(21.075,1.805));
#917 = VECTOR('',#918,1.);
#918 = DIRECTION('',(-1.,0.));
#919 = ( GEOMETRIC_REPRESENTATION_CONTEXT(2) 
PARAMETRIC_REPRESENTATION_CONTEXT() REPRESENTATION_CONTEXT('2D SPACE',''
  ) );
#920 = ORIENTED_EDGE('',*,*,#921,.F.);
#921 = EDGE_CURVE('',#836,#894,#922,.T.);
#922 = SURFACE_CURVE('',#923,(#927,#934),.PCURVE_S1.);
#923 = LINE('',#924,#925);
#924 = CARTESIAN_POINT('',(-37.85,15.3,7.105427357601E-15));
#925 = VECTOR('',#926,1.);
#926 = DIRECTION('',(0.,1.,0.));
#927 = PCURVE('',#126,#928);
#928 = DEFINITIONAL_REPRESENTATION('',(#929),#933);
#929 = LINE('',#930,#931);
#930 = CARTESIAN_POINT('',(-37.85,15.3));
#931 = VECTOR('',#932,1.);
#932 = DIRECTION('',(0.,1.));
#933 = ( GEOMETRIC_REPRESENTATION_CONTEXT(2) 
PARAMETRIC_REPRESENTATION_CONTEXT() REPRESENTATION_CONTEXT('2D SPACE',''
  ) );
#934 = PCURVE('',#935,#940);
#935 = PLANE('',#936);
#936 = AXIS2_PLACEMENT_3D('',#937,#938,#939);
#937 = CARTESIAN_POINT('',(-37.85,30.6,1.805));
#938 = DIRECTION('',(1.,0.,0.));
#939 = DIRECTION('',(0.,1.,1.110223024625E-16));
#940 = DEFINITIONAL_REPRESENTATION('',(#941),#945);
#941 = LINE('',#942,#943);
#942 = CARTESIAN_POINT('',(-15.3,-1.805));
#943 = VECTOR('',#944,1.);
#944 = DIRECTION('',(1.,-1.110223024625E-16));
#945 = ( GEOMETRIC_REPRESENTATION_CONTEXT(2) 
PARAMETRIC_REPRESENTATION_CONTEXT() REPRESENTATION_CONTEXT('2D SPACE',''
  ) );
#946 = FACE_BOUND('',#947,.F.);
#947 = EDGE_LOOP('',(#948));
#948 = ORIENTED_EDGE('',*,*,#949,.T.);
#949 = EDGE_CURVE('',#950,#950,#952,.T.);
#950 = VERTEX_POINT('',#951);
#951 = CARTESIAN_POINT('',(-8.89,25.926075,7.105427357601E-15));
#952 = SURFACE_CURVE('',#953,(#958,#969),.PCURVE_S1.);
#953 = CIRCLE('',#954,1.45);
#954 = AXIS2_PLACEMENT_3D('',#955,#956,#957);
#955 = CARTESIAN_POINT('',(-8.89,24.476075,7.105427357601E-15));
#956 = DIRECTION('',(0.,1.110223024625E-16,-1.));
#957 = DIRECTION('',(0.,1.,1.110223024625E-16));
#958 = PCURVE('',#126,#959);
#959 = DEFINITIONAL_REPRESENTATION('',(#960),#968);
#960 = ( BOUNDED_CURVE() B_SPLINE_CURVE(2,(#961,#962,#963,#964,#965,#966
,#967),.UNSPECIFIED.,.T.,.F.) B_SPLINE_CURVE_WITH_KNOTS((1,2,2,2,2,1),(
    -2.094395102393,0.,2.094395102393,4.188790204786,6.28318530718,
8.377580409573),.UNSPECIFIED.) CURVE() GEOMETRIC_REPRESENTATION_ITEM() 
RATIONAL_B_SPLINE_CURVE((1.,0.5,1.,0.5,1.,0.5,1.)) REPRESENTATION_ITEM(
  '') );
#961 = CARTESIAN_POINT('',(-8.89,25.926075));
#962 = CARTESIAN_POINT('',(-6.378526329025,25.926075));
#963 = CARTESIAN_POINT('',(-7.634263164513,23.751075));
#964 = CARTESIAN_POINT('',(-8.89,21.576075));
#965 = CARTESIAN_POINT('',(-10.14573683548,23.751075));
#966 = CARTESIAN_POINT('',(-11.40147367097,25.926075));
#967 = CARTESIAN_POINT('',(-8.89,25.926075));
#968 = ( GEOMETRIC_REPRESENTATION_CONTEXT(2) 
PARAMETRIC_REPRESENTATION_CONTEXT() REPRESENTATION_CONTEXT('2D SPACE',''
  ) );
#969 = PCURVE('',#970,#975);
#970 = CYLINDRICAL_SURFACE('',#971,1.45);
#971 = AXIS2_PLACEMENT_3D('',#972,#973,#974);
#972 = CARTESIAN_POINT('',(-8.89,24.476075,16.));
#973 = DIRECTION('',(0.,1.110223024625E-16,-1.));
#974 = DIRECTION('',(0.,1.,1.110223024625E-16));
#975 = DEFINITIONAL_REPRESENTATION('',(#976),#980);
#976 = LINE('',#977,#978);
#977 = CARTESIAN_POINT('',(0.,16.));
#978 = VECTOR('',#979,1.);
#979 = DIRECTION('',(1.,0.));
#980 = ( GEOMETRIC_REPRESENTATION_CONTEXT(2) 
PARAMETRIC_REPRESENTATION_CONTEXT() REPRESENTATION_CONTEXT('2D SPACE',''
  ) );
#981 = FACE_BOUND('',#982,.F.);
#982 = EDGE_LOOP('',(#983,#1013,#1041,#1069,#1097,#1125,#1153,#1181,
    #1209,#1237,#1265,#1293,#1321,#1349,#1377,#1405,#1433,#1461,#1489,
    #1517));
#983 = ORIENTED_EDGE('',*,*,#984,.F.);
#984 = EDGE_CURVE('',#985,#987,#989,.T.);
#985 = VERTEX_POINT('',#986);
#986 = CARTESIAN_POINT('',(35.,-37.,7.105427357601E-15));
#987 = VERTEX_POINT('',#988);
#988 = CARTESIAN_POINT('',(35.,-24.743925,7.105427357601E-15));
#989 = SURFACE_CURVE('',#990,(#994,#1001),.PCURVE_S1.);
#990 = LINE('',#991,#992);
#991 = CARTESIAN_POINT('',(35.,-18.5,7.105427357601E-15));
#992 = VECTOR('',#993,1.);
#993 = DIRECTION('',(0.,1.,0.));
#994 = PCURVE('',#126,#995);
#995 = DEFINITIONAL_REPRESENTATION('',(#996),#1000);
#996 = LINE('',#997,#998);
#997 = CARTESIAN_POINT('',(35.,-18.5));
#998 = VECTOR('',#999,1.);
#999 = DIRECTION('',(0.,1.));
#1000 = ( GEOMETRIC_REPRESENTATION_CONTEXT(2) 
PARAMETRIC_REPRESENTATION_CONTEXT() REPRESENTATION_CONTEXT('2D SPACE',''
  ) );
#1001 = PCURVE('',#1002,#1007);
#1002 = PLANE('',#1003);
#1003 = AXIS2_PLACEMENT_3D('',#1004,#1005,#1006);
#1004 = CARTESIAN_POINT('',(35.,-37.,6.));
#1005 = DIRECTION('',(1.,0.,0.));
#1006 = DIRECTION('',(0.,1.,1.110223024625E-16));
#1007 = DEFINITIONAL_REPRESENTATION('',(#1008),#1012);
#1008 = LINE('',#1009,#1010);
#1009 = CARTESIAN_POINT('',(18.5,-6.));
#1010 = VECTOR('',#1011,1.);
#1011 = DIRECTION('',(1.,-1.110223024625E-16));
#1012 = ( GEOMETRIC_REPRESENTATION_CONTEXT(2) 
PARAMETRIC_REPRESENTATION_CONTEXT() REPRESENTATION_CONTEXT('2D SPACE',''
  ) );
#1013 = ORIENTED_EDGE('',*,*,#1014,.T.);
#1014 = EDGE_CURVE('',#985,#1015,#1017,.T.);
#1015 = VERTEX_POINT('',#1016);
#1016 = CARTESIAN_POINT('',(-35.,-37.,7.105427357601E-15));
#1017 = SURFACE_CURVE('',#1018,(#1022,#1029),.PCURVE_S1.);
#1018 = LINE('',#1019,#1020);
#1019 = CARTESIAN_POINT('',(-17.5,-37.,7.105427357601E-15));
#1020 = VECTOR('',#1021,1.);
#1021 = DIRECTION('',(-1.,0.,0.));
#1022 = PCURVE('',#126,#1023);
#1023 = DEFINITIONAL_REPRESENTATION('',(#1024),#1028);
#1024 = LINE('',#1025,#1026);
#1025 = CARTESIAN_POINT('',(-17.5,-37.));
#1026 = VECTOR('',#1027,1.);
#1027 = DIRECTION('',(-1.,0.));
#1028 = ( GEOMETRIC_REPRESENTATION_CONTEXT(2) 
PARAMETRIC_REPRESENTATION_CONTEXT() REPRESENTATION_CONTEXT('2D SPACE',''
  ) );
#1029 = PCURVE('',#1030,#1035);
#1030 = PLANE('',#1031);
#1031 = AXIS2_PLACEMENT_3D('',#1032,#1033,#1034);
#1032 = CARTESIAN_POINT('',(-35.,-37.,6.));
#1033 = DIRECTION('',(0.,1.,1.110223024625E-16));
#1034 = DIRECTION('',(1.,0.,0.));
#1035 = DEFINITIONAL_REPRESENTATION('',(#1036),#1040);
#1036 = LINE('',#1037,#1038);
#1037 = CARTESIAN_POINT('',(17.5,6.));
#1038 = VECTOR('',#1039,1.);
#1039 = DIRECTION('',(-1.,0.));
#1040 = ( GEOMETRIC_REPRESENTATION_CONTEXT(2) 
PARAMETRIC_REPRESENTATION_CONTEXT() REPRESENTATION_CONTEXT('2D SPACE',''
  ) );
#1041 = ORIENTED_EDGE('',*,*,#1042,.T.);
#1042 = EDGE_CURVE('',#1015,#1043,#1045,.T.);
#1043 = VERTEX_POINT('',#1044);
#1044 = CARTESIAN_POINT('',(-35.,-24.743925,7.105427357601E-15));
#1045 = SURFACE_CURVE('',#1046,(#1050,#1057),.PCURVE_S1.);
#1046 = LINE('',#1047,#1048);
#1047 = CARTESIAN_POINT('',(-35.,-18.5,7.105427357601E-15));
#1048 = VECTOR('',#1049,1.);
#1049 = DIRECTION('',(0.,1.,0.));
#1050 = PCURVE('',#126,#1051);
#1051 = DEFINITIONAL_REPRESENTATION('',(#1052),#1056);
#1052 = LINE('',#1053,#1054);
#1053 = CARTESIAN_POINT('',(-35.,-18.5));
#1054 = VECTOR('',#1055,1.);
#1055 = DIRECTION('',(0.,1.));
#1056 = ( GEOMETRIC_REPRESENTATION_CONTEXT(2) 
PARAMETRIC_REPRESENTATION_CONTEXT() REPRESENTATION_CONTEXT('2D SPACE',''
  ) );
#1057 = PCURVE('',#1058,#1063);
#1058 = PLANE('',#1059);
#1059 = AXIS2_PLACEMENT_3D('',#1060,#1061,#1062);
#1060 = CARTESIAN_POINT('',(-35.,-37.,6.));
#1061 = DIRECTION('',(1.,0.,0.));
#1062 = DIRECTION('',(0.,1.,1.110223024625E-16));
#1063 = DEFINITIONAL_REPRESENTATION('',(#1064),#1068);
#1064 = LINE('',#1065,#1066);
#1065 = CARTESIAN_POINT('',(18.5,-6.));
#1066 = VECTOR('',#1067,1.);
#1067 = DIRECTION('',(1.,-1.110223024625E-16));
#1068 = ( GEOMETRIC_REPRESENTATION_CONTEXT(2) 
PARAMETRIC_REPRESENTATION_CONTEXT() REPRESENTATION_CONTEXT('2D SPACE',''
  ) );
#1069 = ORIENTED_EDGE('',*,*,#1070,.T.);
#1070 = EDGE_CURVE('',#1043,#1071,#1073,.T.);
#1071 = VERTEX_POINT('',#1072);
#1072 = CARTESIAN_POINT('',(-5.,-24.743925,7.105427357601E-15));
#1073 = SURFACE_CURVE('',#1074,(#1078,#1085),.PCURVE_S1.);
#1074 = LINE('',#1075,#1076);
#1075 = CARTESIAN_POINT('',(-43.,-24.743925,7.105427357601E-15));
#1076 = VECTOR('',#1077,1.);
#1077 = DIRECTION('',(1.,0.,0.));
#1078 = PCURVE('',#126,#1079);
#1079 = DEFINITIONAL_REPRESENTATION('',(#1080),#1084);
#1080 = LINE('',#1081,#1082);
#1081 = CARTESIAN_POINT('',(-43.,-24.743925));
#1082 = VECTOR('',#1083,1.);
#1083 = DIRECTION('',(1.,0.));
#1084 = ( GEOMETRIC_REPRESENTATION_CONTEXT(2) 
PARAMETRIC_REPRESENTATION_CONTEXT() REPRESENTATION_CONTEXT('2D SPACE',''
  ) );
#1085 = PCURVE('',#1086,#1091);
#1086 = PLANE('',#1087);
#1087 = AXIS2_PLACEMENT_3D('',#1088,#1089,#1090);
#1088 = CARTESIAN_POINT('',(-43.,-24.743925,3.));
#1089 = DIRECTION('',(0.,1.,1.110223024625E-16));
#1090 = DIRECTION('',(1.,0.,0.));
#1091 = DEFINITIONAL_REPRESENTATION('',(#1092),#1096);
#1092 = LINE('',#1093,#1094);
#1093 = CARTESIAN_POINT('',(0.,3.));
#1094 = VECTOR('',#1095,1.);
#1095 = DIRECTION('',(1.,0.));
#1096 = ( GEOMETRIC_REPRESENTATION_CONTEXT(2) 
PARAMETRIC_REPRESENTATION_CONTEXT() REPRESENTATION_CONTEXT('2D SPACE',''
  ) );
#1097 = ORIENTED_EDGE('',*,*,#1098,.T.);
#1098 = EDGE_CURVE('',#1071,#1099,#1101,.T.);
#1099 = VERTEX_POINT('',#1100);
#1100 = CARTESIAN_POINT('',(-5.,-17.743925,7.105427357601E-15));
#1101 = SURFACE_CURVE('',#1102,(#1106,#1113),.PCURVE_S1.);
#1102 = LINE('',#1103,#1104);
#1103 = CARTESIAN_POINT('',(-5.,-24.743925,7.105427357601E-15));
#1104 = VECTOR('',#1105,1.);
#1105 = DIRECTION('',(0.,1.,1.110223024625E-16));
#1106 = PCURVE('',#126,#1107);
#1107 = DEFINITIONAL_REPRESENTATION('',(#1108),#1112);
#1108 = LINE('',#1109,#1110);
#1109 = CARTESIAN_POINT('',(-5.,-24.743925));
#1110 = VECTOR('',#1111,1.);
#1111 = DIRECTION('',(0.,1.));
#1112 = ( GEOMETRIC_REPRESENTATION_CONTEXT(2) 
PARAMETRIC_REPRESENTATION_CONTEXT() REPRESENTATION_CONTEXT('2D SPACE',''
  ) );
#1113 = PCURVE('',#1114,#1119);
#1114 = PLANE('',#1115);
#1115 = AXIS2_PLACEMENT_3D('',#1116,#1117,#1118);
#1116 = CARTESIAN_POINT('',(-5.,-24.743925,3.));
#1117 = DIRECTION('',(1.,0.,0.));
#1118 = DIRECTION('',(0.,1.,1.110223024625E-16));
#1119 = DEFINITIONAL_REPRESENTATION('',(#1120),#1124);
#1120 = LINE('',#1121,#1122);
#1121 = CARTESIAN_POINT('',(-3.330669073875E-16,-3.));
#1122 = VECTOR('',#1123,1.);
#1123 = DIRECTION('',(1.,0.));
#1124 = ( GEOMETRIC_REPRESENTATION_CONTEXT(2) 
PARAMETRIC_REPRESENTATION_CONTEXT() REPRESENTATION_CONTEXT('2D SPACE',''
  ) );
#1125 = ORIENTED_EDGE('',*,*,#1126,.F.);
#1126 = EDGE_CURVE('',#1127,#1099,#1129,.T.);
#1127 = VERTEX_POINT('',#1128);
#1128 = CARTESIAN_POINT('',(-35.,-17.743925,7.105427357601E-15));
#1129 = SURFACE_CURVE('',#1130,(#1134,#1141),.PCURVE_S1.);
#1130 = LINE('',#1131,#1132);
#1131 = CARTESIAN_POINT('',(-43.,-17.743925,7.105427357601E-15));
#1132 = VECTOR('',#1133,1.);
#1133 = DIRECTION('',(1.,0.,0.));
#1134 = PCURVE('',#126,#1135);
#1135 = DEFINITIONAL_REPRESENTATION('',(#1136),#1140);
#1136 = LINE('',#1137,#1138);
#1137 = CARTESIAN_POINT('',(-43.,-17.743925));
#1138 = VECTOR('',#1139,1.);
#1139 = DIRECTION('',(1.,0.));
#1140 = ( GEOMETRIC_REPRESENTATION_CONTEXT(2) 
PARAMETRIC_REPRESENTATION_CONTEXT() REPRESENTATION_CONTEXT('2D SPACE',''
  ) );
#1141 = PCURVE('',#1142,#1147);
#1142 = PLANE('',#1143);
#1143 = AXIS2_PLACEMENT_3D('',#1144,#1145,#1146);
#1144 = CARTESIAN_POINT('',(-43.,-17.743925,3.));
#1145 = DIRECTION('',(0.,1.,1.110223024625E-16));
#1146 = DIRECTION('',(1.,0.,0.));
#1147 = DEFINITIONAL_REPRESENTATION('',(#1148),#1152);
#1148 = LINE('',#1149,#1150);
#1149 = CARTESIAN_POINT('',(0.,3.));
#1150 = VECTOR('',#1151,1.);
#1151 = DIRECTION('',(1.,0.));
#1152 = ( GEOMETRIC_REPRESENTATION_CONTEXT(2) 
PARAMETRIC_REPRESENTATION_CONTEXT() REPRESENTATION_CONTEXT('2D SPACE',''
  ) );
#1153 = ORIENTED_EDGE('',*,*,#1154,.T.);
#1154 = EDGE_CURVE('',#1127,#1155,#1157,.T.);
#1155 = VERTEX_POINT('',#1156);
#1156 = CARTESIAN_POINT('',(-35.,20.976075,7.105427357601E-15));
#1157 = SURFACE_CURVE('',#1158,(#1162,#1169),.PCURVE_S1.);
#1158 = LINE('',#1159,#1160);
#1159 = CARTESIAN_POINT('',(-35.,-18.5,7.105427357601E-15));
#1160 = VECTOR('',#1161,1.);
#1161 = DIRECTION('',(0.,1.,0.));
#1162 = PCURVE('',#126,#1163);
#1163 = DEFINITIONAL_REPRESENTATION('',(#1164),#1168);
#1164 = LINE('',#1165,#1166);
#1165 = CARTESIAN_POINT('',(-35.,-18.5));
#1166 = VECTOR('',#1167,1.);
#1167 = DIRECTION('',(0.,1.));
#1168 = ( GEOMETRIC_REPRESENTATION_CONTEXT(2) 
PARAMETRIC_REPRESENTATION_CONTEXT() REPRESENTATION_CONTEXT('2D SPACE',''
  ) );
#1169 = PCURVE('',#1170,#1175);
#1170 = PLANE('',#1171);
#1171 = AXIS2_PLACEMENT_3D('',#1172,#1173,#1174);
#1172 = CARTESIAN_POINT('',(-35.,-37.,6.));
#1173 = DIRECTION('',(1.,0.,0.));
#1174 = DIRECTION('',(0.,1.,1.110223024625E-16));
#1175 = DEFINITIONAL_REPRESENTATION('',(#1176),#1180);
#1176 = LINE('',#1177,#1178);
#1177 = CARTESIAN_POINT('',(18.5,-6.));
#1178 = VECTOR('',#1179,1.);
#1179 = DIRECTION('',(1.,-1.110223024625E-16));
#1180 = ( GEOMETRIC_REPRESENTATION_CONTEXT(2) 
PARAMETRIC_REPRESENTATION_CONTEXT() REPRESENTATION_CONTEXT('2D SPACE',''
  ) );
#1181 = ORIENTED_EDGE('',*,*,#1182,.T.);
#1182 = EDGE_CURVE('',#1155,#1183,#1185,.T.);
#1183 = VERTEX_POINT('',#1184);
#1184 = CARTESIAN_POINT('',(-5.,20.976075,7.105427357601E-15));
#1185 = SURFACE_CURVE('',#1186,(#1190,#1197),.PCURVE_S1.);
#1186 = LINE('',#1187,#1188);
#1187 = CARTESIAN_POINT('',(-43.,20.976075,7.105427357601E-15));
#1188 = VECTOR('',#1189,1.);
#1189 = DIRECTION('',(1.,0.,0.));
#1190 = PCURVE('',#126,#1191);
#1191 = DEFINITIONAL_REPRESENTATION('',(#1192),#1196);
#1192 = LINE('',#1193,#1194);
#1193 = CARTESIAN_POINT('',(-43.,20.976075));
#1194 = VECTOR('',#1195,1.);
#1195 = DIRECTION('',(1.,0.));
#1196 = ( GEOMETRIC_REPRESENTATION_CONTEXT(2) 
PARAMETRIC_REPRESENTATION_CONTEXT() REPRESENTATION_CONTEXT('2D SPACE',''
  ) );
#1197 = PCURVE('',#1198,#1203);
#1198 = PLANE('',#1199);
#1199 = AXIS2_PLACEMENT_3D('',#1200,#1201,#1202);
#1200 = CARTESIAN_POINT('',(-43.,20.976075,3.));
#1201 = DIRECTION('',(0.,1.,1.110223024625E-16));
#1202 = DIRECTION('',(1.,0.,0.));
#1203 = DEFINITIONAL_REPRESENTATION('',(#1204),#1208);
#1204 = LINE('',#1205,#1206);
#1205 = CARTESIAN_POINT('',(0.,3.));
#1206 = VECTOR('',#1207,1.);
#1207 = DIRECTION('',(1.,0.));
#1208 = ( GEOMETRIC_REPRESENTATION_CONTEXT(2) 
PARAMETRIC_REPRESENTATION_CONTEXT() REPRESENTATION_CONTEXT('2D SPACE',''
  ) );
#1209 = ORIENTED_EDGE('',*,*,#1210,.T.);
#1210 = EDGE_CURVE('',#1183,#1211,#1213,.T.);
#1211 = VERTEX_POINT('',#1212);
#1212 = CARTESIAN_POINT('',(-5.,27.976075,7.105427357601E-15));
#1213 = SURFACE_CURVE('',#1214,(#1218,#1225),.PCURVE_S1.);
#1214 = LINE('',#1215,#1216);
#1215 = CARTESIAN_POINT('',(-5.,20.976075,7.105427357601E-15));
#1216 = VECTOR('',#1217,1.);
#1217 = DIRECTION('',(0.,1.,1.110223024625E-16));
#1218 = PCURVE('',#126,#1219);
#1219 = DEFINITIONAL_REPRESENTATION('',(#1220),#1224);
#1220 = LINE('',#1221,#1222);
#1221 = CARTESIAN_POINT('',(-5.,20.976075));
#1222 = VECTOR('',#1223,1.);
#1223 = DIRECTION('',(0.,1.));
#1224 = ( GEOMETRIC_REPRESENTATION_CONTEXT(2) 
PARAMETRIC_REPRESENTATION_CONTEXT() REPRESENTATION_CONTEXT('2D SPACE',''
  ) );
#1225 = PCURVE('',#1226,#1231);
#1226 = PLANE('',#1227);
#1227 = AXIS2_PLACEMENT_3D('',#1228,#1229,#1230);
#1228 = CARTESIAN_POINT('',(-5.,20.976075,3.));
#1229 = DIRECTION('',(1.,0.,0.));
#1230 = DIRECTION('',(0.,1.,1.110223024625E-16));
#1231 = DEFINITIONAL_REPRESENTATION('',(#1232),#1236);
#1232 = LINE('',#1233,#1234);
#1233 = CARTESIAN_POINT('',(-3.330669073875E-16,-3.));
#1234 = VECTOR('',#1235,1.);
#1235 = DIRECTION('',(1.,0.));
#1236 = ( GEOMETRIC_REPRESENTATION_CONTEXT(2) 
PARAMETRIC_REPRESENTATION_CONTEXT() REPRESENTATION_CONTEXT('2D SPACE',''
  ) );
#1237 = ORIENTED_EDGE('',*,*,#1238,.F.);
#1238 = EDGE_CURVE('',#1239,#1211,#1241,.T.);
#1239 = VERTEX_POINT('',#1240);
#1240 = CARTESIAN_POINT('',(-35.,27.976075,7.105427357601E-15));
#1241 = SURFACE_CURVE('',#1242,(#1246,#1253),.PCURVE_S1.);
#1242 = LINE('',#1243,#1244);
#1243 = CARTESIAN_POINT('',(-43.,27.976075,7.105427357601E-15));
#1244 = VECTOR('',#1245,1.);
#1245 = DIRECTION('',(1.,0.,0.));
#1246 = PCURVE('',#126,#1247);
#1247 = DEFINITIONAL_REPRESENTATION('',(#1248),#1252);
#1248 = LINE('',#1249,#1250);
#1249 = CARTESIAN_POINT('',(-43.,27.976075));
#1250 = VECTOR('',#1251,1.);
#1251 = DIRECTION('',(1.,0.));
#1252 = ( GEOMETRIC_REPRESENTATION_CONTEXT(2) 
PARAMETRIC_REPRESENTATION_CONTEXT() REPRESENTATION_CONTEXT('2D SPACE',''
  ) );
#1253 = PCURVE('',#1254,#1259);
#1254 = PLANE('',#1255);
#1255 = AXIS2_PLACEMENT_3D('',#1256,#1257,#1258);
#1256 = CARTESIAN_POINT('',(-43.,27.976075,3.));
#1257 = DIRECTION('',(0.,1.,1.110223024625E-16));
#1258 = DIRECTION('',(1.,0.,0.));
#1259 = DEFINITIONAL_REPRESENTATION('',(#1260),#1264);
#1260 = LINE('',#1261,#1262);
#1261 = CARTESIAN_POINT('',(0.,3.));
#1262 = VECTOR('',#1263,1.);
#1263 = DIRECTION('',(1.,0.));
#1264 = ( GEOMETRIC_REPRESENTATION_CONTEXT(2) 
PARAMETRIC_REPRESENTATION_CONTEXT() REPRESENTATION_CONTEXT('2D SPACE',''
  ) );
#1265 = ORIENTED_EDGE('',*,*,#1266,.T.);
#1266 = EDGE_CURVE('',#1239,#1267,#1269,.T.);
#1267 = VERTEX_POINT('',#1268);
#1268 = CARTESIAN_POINT('',(-35.,37.,7.105427357601E-15));
#1269 = SURFACE_CURVE('',#1270,(#1274,#1281),.PCURVE_S1.);
#1270 = LINE('',#1271,#1272);
#1271 = CARTESIAN_POINT('',(-35.,-18.5,7.105427357601E-15));
#1272 = VECTOR('',#1273,1.);
#1273 = DIRECTION('',(0.,1.,0.));
#1274 = PCURVE('',#126,#1275);
#1275 = DEFINITIONAL_REPRESENTATION('',(#1276),#1280);
#1276 = LINE('',#1277,#1278);
#1277 = CARTESIAN_POINT('',(-35.,-18.5));
#1278 = VECTOR('',#1279,1.);
#1279 = DIRECTION('',(0.,1.));
#1280 = ( GEOMETRIC_REPRESENTATION_CONTEXT(2) 
PARAMETRIC_REPRESENTATION_CONTEXT() REPRESENTATION_CONTEXT('2D SPACE',''
  ) );
#1281 = PCURVE('',#1282,#1287);
#1282 = PLANE('',#1283);
#1283 = AXIS2_PLACEMENT_3D('',#1284,#1285,#1286);
#1284 = CARTESIAN_POINT('',(-35.,-37.,6.));
#1285 = DIRECTION('',(1.,0.,0.));
#1286 = DIRECTION('',(0.,1.,1.110223024625E-16));
#1287 = DEFINITIONAL_REPRESENTATION('',(#1288),#1292);
#1288 = LINE('',#1289,#1290);
#1289 = CARTESIAN_POINT('',(18.5,-6.));
#1290 = VECTOR('',#1291,1.);
#1291 = DIRECTION('',(1.,-1.110223024625E-16));
#1292 = ( GEOMETRIC_REPRESENTATION_CONTEXT(2) 
PARAMETRIC_REPRESENTATION_CONTEXT() REPRESENTATION_CONTEXT('2D SPACE',''
  ) );
#1293 = ORIENTED_EDGE('',*,*,#1294,.F.);
#1294 = EDGE_CURVE('',#1295,#1267,#1297,.T.);
#1295 = VERTEX_POINT('',#1296);
#1296 = CARTESIAN_POINT('',(35.,37.,7.105427357601E-15));
#1297 = SURFACE_CURVE('',#1298,(#1302,#1309),.PCURVE_S1.);
#1298 = LINE('',#1299,#1300);
#1299 = CARTESIAN_POINT('',(-17.5,37.,7.105427357601E-15));
#1300 = VECTOR('',#1301,1.);
#1301 = DIRECTION('',(-1.,0.,0.));
#1302 = PCURVE('',#126,#1303);
#1303 = DEFINITIONAL_REPRESENTATION('',(#1304),#1308);
#1304 = LINE('',#1305,#1306);
#1305 = CARTESIAN_POINT('',(-17.5,37.));
#1306 = VECTOR('',#1307,1.);
#1307 = DIRECTION('',(-1.,0.));
#1308 = ( GEOMETRIC_REPRESENTATION_CONTEXT(2) 
PARAMETRIC_REPRESENTATION_CONTEXT() REPRESENTATION_CONTEXT('2D SPACE',''
  ) );
#1309 = PCURVE('',#1310,#1315);
#1310 = PLANE('',#1311);
#1311 = AXIS2_PLACEMENT_3D('',#1312,#1313,#1314);
#1312 = CARTESIAN_POINT('',(-35.,37.,6.));
#1313 = DIRECTION('',(0.,1.,1.110223024625E-16));
#1314 = DIRECTION('',(1.,0.,0.));
#1315 = DEFINITIONAL_REPRESENTATION('',(#1316),#1320);
#1316 = LINE('',#1317,#1318);
#1317 = CARTESIAN_POINT('',(17.5,6.));
#1318 = VECTOR('',#1319,1.);
#1319 = DIRECTION('',(-1.,0.));
#1320 = ( GEOMETRIC_REPRESENTATION_CONTEXT(2) 
PARAMETRIC_REPRESENTATION_CONTEXT() REPRESENTATION_CONTEXT('2D SPACE',''
  ) );
#1321 = ORIENTED_EDGE('',*,*,#1322,.F.);
#1322 = EDGE_CURVE('',#1323,#1295,#1325,.T.);
#1323 = VERTEX_POINT('',#1324);
#1324 = CARTESIAN_POINT('',(35.,27.976075,7.105427357601E-15));
#1325 = SURFACE_CURVE('',#1326,(#1330,#1337),.PCURVE_S1.);
#1326 = LINE('',#1327,#1328);
#1327 = CARTESIAN_POINT('',(35.,-18.5,7.105427357601E-15));
#1328 = VECTOR('',#1329,1.);
#1329 = DIRECTION('',(0.,1.,0.));
#1330 = PCURVE('',#126,#1331);
#1331 = DEFINITIONAL_REPRESENTATION('',(#1332),#1336);
#1332 = LINE('',#1333,#1334);
#1333 = CARTESIAN_POINT('',(35.,-18.5));
#1334 = VECTOR('',#1335,1.);
#1335 = DIRECTION('',(0.,1.));
#1336 = ( GEOMETRIC_REPRESENTATION_CONTEXT(2) 
PARAMETRIC_REPRESENTATION_CONTEXT() REPRESENTATION_CONTEXT('2D SPACE',''
  ) );
#1337 = PCURVE('',#1338,#1343);
#1338 = PLANE('',#1339);
#1339 = AXIS2_PLACEMENT_3D('',#1340,#1341,#1342);
#1340 = CARTESIAN_POINT('',(35.,-37.,6.));
#1341 = DIRECTION('',(1.,0.,0.));
#1342 = DIRECTION('',(0.,1.,1.110223024625E-16));
#1343 = DEFINITIONAL_REPRESENTATION('',(#1344),#1348);
#1344 = LINE('',#1345,#1346);
#1345 = CARTESIAN_POINT('',(18.5,-6.));
#1346 = VECTOR('',#1347,1.);
#1347 = DIRECTION('',(1.,-1.110223024625E-16));
#1348 = ( GEOMETRIC_REPRESENTATION_CONTEXT(2) 
PARAMETRIC_REPRESENTATION_CONTEXT() REPRESENTATION_CONTEXT('2D SPACE',''
  ) );
#1349 = ORIENTED_EDGE('',*,*,#1350,.F.);
#1350 = EDGE_CURVE('',#1351,#1323,#1353,.T.);
#1351 = VERTEX_POINT('',#1352);
#1352 = CARTESIAN_POINT('',(5.,27.976075,7.105427357601E-15));
#1353 = SURFACE_CURVE('',#1354,(#1358,#1365),.PCURVE_S1.);
#1354 = LINE('',#1355,#1356);
#1355 = CARTESIAN_POINT('',(5.,27.976075,7.105427357601E-15));
#1356 = VECTOR('',#1357,1.);
#1357 = DIRECTION('',(1.,0.,0.));
#1358 = PCURVE('',#126,#1359);
#1359 = DEFINITIONAL_REPRESENTATION('',(#1360),#1364);
#1360 = LINE('',#1361,#1362);
#1361 = CARTESIAN_POINT('',(5.,27.976075));
#1362 = VECTOR('',#1363,1.);
#1363 = DIRECTION('',(1.,0.));
#1364 = ( GEOMETRIC_REPRESENTATION_CONTEXT(2) 
PARAMETRIC_REPRESENTATION_CONTEXT() REPRESENTATION_CONTEXT('2D SPACE',''
  ) );
#1365 = PCURVE('',#1366,#1371);
#1366 = PLANE('',#1367);
#1367 = AXIS2_PLACEMENT_3D('',#1368,#1369,#1370);
#1368 = CARTESIAN_POINT('',(5.,27.976075,3.));
#1369 = DIRECTION('',(0.,1.,1.110223024625E-16));
#1370 = DIRECTION('',(1.,0.,0.));
#1371 = DEFINITIONAL_REPRESENTATION('',(#1372),#1376);
#1372 = LINE('',#1373,#1374);
#1373 = CARTESIAN_POINT('',(0.,3.));
#1374 = VECTOR('',#1375,1.);
#1375 = DIRECTION('',(1.,0.));
#1376 = ( GEOMETRIC_REPRESENTATION_CONTEXT(2) 
PARAMETRIC_REPRESENTATION_CONTEXT() REPRESENTATION_CONTEXT('2D SPACE',''
  ) );
#1377 = ORIENTED_EDGE('',*,*,#1378,.F.);
#1378 = EDGE_CURVE('',#1379,#1351,#1381,.T.);
#1379 = VERTEX_POINT('',#1380);
#1380 = CARTESIAN_POINT('',(5.,20.976075,7.105427357601E-15));
#1381 = SURFACE_CURVE('',#1382,(#1386,#1393),.PCURVE_S1.);
#1382 = LINE('',#1383,#1384);
#1383 = CARTESIAN_POINT('',(5.,20.976075,7.105427357601E-15));
#1384 = VECTOR('',#1385,1.);
#1385 = DIRECTION('',(0.,1.,1.110223024625E-16));
#1386 = PCURVE('',#126,#1387);
#1387 = DEFINITIONAL_REPRESENTATION('',(#1388),#1392);
#1388 = LINE('',#1389,#1390);
#1389 = CARTESIAN_POINT('',(5.,20.976075));
#1390 = VECTOR('',#1391,1.);
#1391 = DIRECTION('',(0.,1.));
#1392 = ( GEOMETRIC_REPRESENTATION_CONTEXT(2) 
PARAMETRIC_REPRESENTATION_CONTEXT() REPRESENTATION_CONTEXT('2D SPACE',''
  ) );
#1393 = PCURVE('',#1394,#1399);
#1394 = PLANE('',#1395);
#1395 = AXIS2_PLACEMENT_3D('',#1396,#1397,#1398);
#1396 = CARTESIAN_POINT('',(5.,20.976075,3.));
#1397 = DIRECTION('',(1.,0.,0.));
#1398 = DIRECTION('',(0.,1.,1.110223024625E-16));
#1399 = DEFINITIONAL_REPRESENTATION('',(#1400),#1404);
#1400 = LINE('',#1401,#1402);
#1401 = CARTESIAN_POINT('',(-3.330669073875E-16,-3.));
#1402 = VECTOR('',#1403,1.);
#1403 = DIRECTION('',(1.,0.));
#1404 = ( GEOMETRIC_REPRESENTATION_CONTEXT(2) 
PARAMETRIC_REPRESENTATION_CONTEXT() REPRESENTATION_CONTEXT('2D SPACE',''
  ) );
#1405 = ORIENTED_EDGE('',*,*,#1406,.T.);
#1406 = EDGE_CURVE('',#1379,#1407,#1409,.T.);
#1407 = VERTEX_POINT('',#1408);
#1408 = CARTESIAN_POINT('',(35.,20.976075,7.105427357601E-15));
#1409 = SURFACE_CURVE('',#1410,(#1414,#1421),.PCURVE_S1.);
#1410 = LINE('',#1411,#1412);
#1411 = CARTESIAN_POINT('',(5.,20.976075,7.105427357601E-15));
#1412 = VECTOR('',#1413,1.);
#1413 = DIRECTION('',(1.,0.,0.));
#1414 = PCURVE('',#126,#1415);
#1415 = DEFINITIONAL_REPRESENTATION('',(#1416),#1420);
#1416 = LINE('',#1417,#1418);
#1417 = CARTESIAN_POINT('',(5.,20.976075));
#1418 = VECTOR('',#1419,1.);
#1419 = DIRECTION('',(1.,0.));
#1420 = ( GEOMETRIC_REPRESENTATION_CONTEXT(2) 
PARAMETRIC_REPRESENTATION_CONTEXT() REPRESENTATION_CONTEXT('2D SPACE',''
  ) );
#1421 = PCURVE('',#1422,#1427);
#1422 = PLANE('',#1423);
#1423 = AXIS2_PLACEMENT_3D('',#1424,#1425,#1426);
#1424 = CARTESIAN_POINT('',(5.,20.976075,3.));
#1425 = DIRECTION('',(0.,1.,1.110223024625E-16));
#1426 = DIRECTION('',(1.,0.,0.));
#1427 = DEFINITIONAL_REPRESENTATION('',(#1428),#1432);
#1428 = LINE('',#1429,#1430);
#1429 = CARTESIAN_POINT('',(0.,3.));
#1430 = VECTOR('',#1431,1.);
#1431 = DIRECTION('',(1.,0.));
#1432 = ( GEOMETRIC_REPRESENTATION_CONTEXT(2) 
PARAMETRIC_REPRESENTATION_CONTEXT() REPRESENTATION_CONTEXT('2D SPACE',''
  ) );
#1433 = ORIENTED_EDGE('',*,*,#1434,.F.);
#1434 = EDGE_CURVE('',#1435,#1407,#1437,.T.);
#1435 = VERTEX_POINT('',#1436);
#1436 = CARTESIAN_POINT('',(35.,-17.743925,7.105427357601E-15));
#1437 = SURFACE_CURVE('',#1438,(#1442,#1449),.PCURVE_S1.);
#1438 = LINE('',#1439,#1440);
#1439 = CARTESIAN_POINT('',(35.,-18.5,7.105427357601E-15));
#1440 = VECTOR('',#1441,1.);
#1441 = DIRECTION('',(0.,1.,0.));
#1442 = PCURVE('',#126,#1443);
#1443 = DEFINITIONAL_REPRESENTATION('',(#1444),#1448);
#1444 = LINE('',#1445,#1446);
#1445 = CARTESIAN_POINT('',(35.,-18.5));
#1446 = VECTOR('',#1447,1.);
#1447 = DIRECTION('',(0.,1.));
#1448 = ( GEOMETRIC_REPRESENTATION_CONTEXT(2) 
PARAMETRIC_REPRESENTATION_CONTEXT() REPRESENTATION_CONTEXT('2D SPACE',''
  ) );
#1449 = PCURVE('',#1450,#1455);
#1450 = PLANE('',#1451);
#1451 = AXIS2_PLACEMENT_3D('',#1452,#1453,#1454);
#1452 = CARTESIAN_POINT('',(35.,-37.,6.));
#1453 = DIRECTION('',(1.,0.,0.));
#1454 = DIRECTION('',(0.,1.,1.110223024625E-16));
#1455 = DEFINITIONAL_REPRESENTATION('',(#1456),#1460);
#1456 = LINE('',#1457,#1458);
#1457 = CARTESIAN_POINT('',(18.5,-6.));
#1458 = VECTOR('',#1459,1.);
#1459 = DIRECTION('',(1.,-1.110223024625E-16));
#1460 = ( GEOMETRIC_REPRESENTATION_CONTEXT(2) 
PARAMETRIC_REPRESENTATION_CONTEXT() REPRESENTATION_CONTEXT('2D SPACE',''
  ) );
#1461 = ORIENTED_EDGE('',*,*,#1462,.F.);
#1462 = EDGE_CURVE('',#1463,#1435,#1465,.T.);
#1463 = VERTEX_POINT('',#1464);
#1464 = CARTESIAN_POINT('',(5.,-17.743925,7.105427357601E-15));
#1465 = SURFACE_CURVE('',#1466,(#1470,#1477),.PCURVE_S1.);
#1466 = LINE('',#1467,#1468);
#1467 = CARTESIAN_POINT('',(5.,-17.743925,7.105427357601E-15));
#1468 = VECTOR('',#1469,1.);
#1469 = DIRECTION('',(1.,0.,0.));
#1470 = PCURVE('',#126,#1471);
#1471 = DEFINITIONAL_REPRESENTATION('',(#1472),#1476);
#1472 = LINE('',#1473,#1474);
#1473 = CARTESIAN_POINT('',(5.,-17.743925));
#1474 = VECTOR('',#1475,1.);
#1475 = DIRECTION('',(1.,0.));
#1476 = ( GEOMETRIC_REPRESENTATION_CONTEXT(2) 
PARAMETRIC_REPRESENTATION_CONTEXT() REPRESENTATION_CONTEXT('2D SPACE',''
  ) );
#1477 = PCURVE('',#1478,#1483);
#1478 = PLANE('',#1479);
#1479 = AXIS2_PLACEMENT_3D('',#1480,#1481,#1482);
#1480 = CARTESIAN_POINT('',(5.,-17.743925,3.));
#1481 = DIRECTION('',(0.,1.,1.110223024625E-16));
#1482 = DIRECTION('',(1.,0.,0.));
#1483 = DEFINITIONAL_REPRESENTATION('',(#1484),#1488);
#1484 = LINE('',#1485,#1486);
#1485 = CARTESIAN_POINT('',(0.,3.));
#1486 = VECTOR('',#1487,1.);
#1487 = DIRECTION('',(1.,0.));
#1488 = ( GEOMETRIC_REPRESENTATION_CONTEXT(2) 
PARAMETRIC_REPRESENTATION_CONTEXT() REPRESENTATION_CONTEXT('2D SPACE',''
  ) );
#1489 = ORIENTED_EDGE('',*,*,#1490,.F.);
#1490 = EDGE_CURVE('',#1491,#1463,#1493,.T.);
#1491 = VERTEX_POINT('',#1492);
#1492 = CARTESIAN_POINT('',(5.,-24.743925,7.105427357601E-15));
#1493 = SURFACE_CURVE('',#1494,(#1498,#1505),.PCURVE_S1.);
#1494 = LINE('',#1495,#1496);
#1495 = CARTESIAN_POINT('',(5.,-24.743925,7.105427357601E-15));
#1496 = VECTOR('',#1497,1.);
#1497 = DIRECTION('',(0.,1.,1.110223024625E-16));
#1498 = PCURVE('',#126,#1499);
#1499 = DEFINITIONAL_REPRESENTATION('',(#1500),#1504);
#1500 = LINE('',#1501,#1502);
#1501 = CARTESIAN_POINT('',(5.,-24.743925));
#1502 = VECTOR('',#1503,1.);
#1503 = DIRECTION('',(0.,1.));
#1504 = ( GEOMETRIC_REPRESENTATION_CONTEXT(2) 
PARAMETRIC_REPRESENTATION_CONTEXT() REPRESENTATION_CONTEXT('2D SPACE',''
  ) );
#1505 = PCURVE('',#1506,#1511);
#1506 = PLANE('',#1507);
#1507 = AXIS2_PLACEMENT_3D('',#1508,#1509,#1510);
#1508 = CARTESIAN_POINT('',(5.,-24.743925,3.));
#1509 = DIRECTION('',(1.,0.,0.));
#1510 = DIRECTION('',(0.,1.,1.110223024625E-16));
#1511 = DEFINITIONAL_REPRESENTATION('',(#1512),#1516);
#1512 = LINE('',#1513,#1514);
#1513 = CARTESIAN_POINT('',(-3.330669073875E-16,-3.));
#1514 = VECTOR('',#1515,1.);
#1515 = DIRECTION('',(1.,0.));
#1516 = ( GEOMETRIC_REPRESENTATION_CONTEXT(2) 
PARAMETRIC_REPRESENTATION_CONTEXT() REPRESENTATION_CONTEXT('2D SPACE',''
  ) );
#1517 = ORIENTED_EDGE('',*,*,#1518,.T.);
#1518 = EDGE_CURVE('',#1491,#987,#1519,.T.);
#1519 = SURFACE_CURVE('',#1520,(#1524,#1531),.PCURVE_S1.);
#1520 = LINE('',#1521,#1522);
#1521 = CARTESIAN_POINT('',(5.,-24.743925,7.105427357601E-15));
#1522 = VECTOR('',#1523,1.);
#1523 = DIRECTION('',(1.,0.,0.));
#1524 = PCURVE('',#126,#1525);
#1525 = DEFINITIONAL_REPRESENTATION('',(#1526),#1530);
#1526 = LINE('',#1527,#1528);
#1527 = CARTESIAN_POINT('',(5.,-24.743925));
#1528 = VECTOR('',#1529,1.);
#1529 = DIRECTION('',(1.,0.));
#1530 = ( GEOMETRIC_REPRESENTATION_CONTEXT(2) 
PARAMETRIC_REPRESENTATION_CONTEXT() REPRESENTATION_CONTEXT('2D SPACE',''
  ) );
#1531 = PCURVE('',#1532,#1537);
#1532 = PLANE('',#1533);
#1533 = AXIS2_PLACEMENT_3D('',#1534,#1535,#1536);
#1534 = CARTESIAN_POINT('',(5.,-24.743925,3.));
#1535 = DIRECTION('',(0.,1.,1.110223024625E-16));
#1536 = DIRECTION('',(1.,0.,0.));
#1537 = DEFINITIONAL_REPRESENTATION('',(#1538),#1542);
#1538 = LINE('',#1539,#1540);
#1539 = CARTESIAN_POINT('',(0.,3.));
#1540 = VECTOR('',#1541,1.);
#1541 = DIRECTION('',(1.,0.));
#1542 = ( GEOMETRIC_REPRESENTATION_CONTEXT(2) 
PARAMETRIC_REPRESENTATION_CONTEXT() REPRESENTATION_CONTEXT('2D SPACE',''
  ) );
#1543 = FACE_BOUND('',#1544,.F.);
#1544 = EDGE_LOOP('',(#1545));
#1545 = ORIENTED_EDGE('',*,*,#1546,.T.);
#1546 = EDGE_CURVE('',#1547,#1547,#1549,.T.);
#1547 = VERTEX_POINT('',#1548);
#1548 = CARTESIAN_POINT('',(8.89,25.926075,7.105427357601E-15));
#1549 = SURFACE_CURVE('',#1550,(#1555,#1566),.PCURVE_S1.);
#1550 = CIRCLE('',#1551,1.45);
#1551 = AXIS2_PLACEMENT_3D('',#1552,#1553,#1554);
#1552 = CARTESIAN_POINT('',(8.89,24.476075,7.105427357601E-15));
#1553 = DIRECTION('',(0.,1.110223024625E-16,-1.));
#1554 = DIRECTION('',(0.,1.,1.110223024625E-16));
#1555 = PCURVE('',#126,#1556);
#1556 = DEFINITIONAL_REPRESENTATION('',(#1557),#1565);
#1557 = ( BOUNDED_CURVE() B_SPLINE_CURVE(2,(#1558,#1559,#1560,#1561,
#1562,#1563,#1564),.UNSPECIFIED.,.T.,.F.) B_SPLINE_CURVE_WITH_KNOTS((1,2
    ,2,2,2,1),(-2.094395102393,0.,2.094395102393,4.188790204786,
6.28318530718,8.377580409573),.UNSPECIFIED.) CURVE() 
GEOMETRIC_REPRESENTATION_ITEM() RATIONAL_B_SPLINE_CURVE((1.,0.5,1.,0.5,
1.,0.5,1.)) REPRESENTATION_ITEM('') );
#1558 = CARTESIAN_POINT('',(8.89,25.926075));
#1559 = CARTESIAN_POINT('',(11.401473670975,25.926075));
#1560 = CARTESIAN_POINT('',(10.145736835487,23.751075));
#1561 = CARTESIAN_POINT('',(8.89,21.576075));
#1562 = CARTESIAN_POINT('',(7.634263164513,23.751075));
#1563 = CARTESIAN_POINT('',(6.378526329025,25.926075));
#1564 = CARTESIAN_POINT('',(8.89,25.926075));
#1565 = ( GEOMETRIC_REPRESENTATION_CONTEXT(2) 
PARAMETRIC_REPRESENTATION_CONTEXT() REPRESENTATION_CONTEXT('2D SPACE',''
  ) );
#1566 = PCURVE('',#1567,#1572);
#1567 = CYLINDRICAL_SURFACE('',#1568,1.45);
#1568 = AXIS2_PLACEMENT_3D('',#1569,#1570,#1571);
#1569 = CARTESIAN_POINT('',(8.89,24.476075,16.));
#1570 = DIRECTION('',(0.,1.110223024625E-16,-1.));
#1571 = DIRECTION('',(0.,1.,1.110223024625E-16));
#1572 = DEFINITIONAL_REPRESENTATION('',(#1573),#1577);
#1573 = LINE('',#1574,#1575);
#1574 = CARTESIAN_POINT('',(0.,16.));
#1575 = VECTOR('',#1576,1.);
#1576 = DIRECTION('',(1.,0.));
#1577 = ( GEOMETRIC_REPRESENTATION_CONTEXT(2) 
PARAMETRIC_REPRESENTATION_CONTEXT() REPRESENTATION_CONTEXT('2D SPACE',''
  ) );
#1578 = FACE_BOUND('',#1579,.F.);
#1579 = EDGE_LOOP('',(#1580));
#1580 = ORIENTED_EDGE('',*,*,#1581,.T.);
#1581 = EDGE_CURVE('',#1582,#1582,#1584,.T.);
#1582 = VERTEX_POINT('',#1583);
#1583 = CARTESIAN_POINT('',(41.,26.2,7.105427357601E-15));
#1584 = SURFACE_CURVE('',#1585,(#1590,#1601),.PCURVE_S1.);
#1585 = CIRCLE('',#1586,1.2);
#1586 = AXIS2_PLACEMENT_3D('',#1587,#1588,#1589);
#1587 = CARTESIAN_POINT('',(41.,25.,7.105427357601E-15));
#1588 = DIRECTION('',(0.,1.110223024625E-16,-1.));
#1589 = DIRECTION('',(0.,1.,1.110223024625E-16));
#1590 = PCURVE('',#126,#1591);
#1591 = DEFINITIONAL_REPRESENTATION('',(#1592),#1600);
#1592 = ( BOUNDED_CURVE() B_SPLINE_CURVE(2,(#1593,#1594,#1595,#1596,
#1597,#1598,#1599),.UNSPECIFIED.,.T.,.F.) B_SPLINE_CURVE_WITH_KNOTS((1,2
    ,2,2,2,1),(-2.094395102393,0.,2.094395102393,4.188790204786,
6.28318530718,8.377580409573),.UNSPECIFIED.) CURVE() 
GEOMETRIC_REPRESENTATION_ITEM() RATIONAL_B_SPLINE_CURVE((1.,0.5,1.,0.5,
1.,0.5,1.)) REPRESENTATION_ITEM('') );
#1593 = CARTESIAN_POINT('',(41.,26.2));
#1594 = CARTESIAN_POINT('',(43.078460969083,26.2));
#1595 = CARTESIAN_POINT('',(42.039230484541,24.4));
#1596 = CARTESIAN_POINT('',(41.,22.6));
#1597 = CARTESIAN_POINT('',(39.960769515459,24.4));
#1598 = CARTESIAN_POINT('',(38.921539030917,26.2));
#1599 = CARTESIAN_POINT('',(41.,26.2));
#1600 = ( GEOMETRIC_REPRESENTATION_CONTEXT(2) 
PARAMETRIC_REPRESENTATION_CONTEXT() REPRESENTATION_CONTEXT('2D SPACE',''
  ) );
#1601 = PCURVE('',#1602,#1607);
#1602 = CYLINDRICAL_SURFACE('',#1603,1.2);
#1603 = AXIS2_PLACEMENT_3D('',#1604,#1605,#1606);
#1604 = CARTESIAN_POINT('',(41.,25.,5.));
#1605 = DIRECTION('',(0.,1.110223024625E-16,-1.));
#1606 = DIRECTION('',(0.,1.,1.110223024625E-16));
#1607 = DEFINITIONAL_REPRESENTATION('',(#1608),#1612);
#1608 = LINE('',#1609,#1610);
#1609 = CARTESIAN_POINT('',(0.,5.));
#1610 = VECTOR('',#1611,1.);
#1611 = DIRECTION('',(1.,0.));
#1612 = ( GEOMETRIC_REPRESENTATION_CONTEXT(2) 
PARAMETRIC_REPRESENTATION_CONTEXT() REPRESENTATION_CONTEXT('2D SPACE',''
  ) );
#1613 = FACE_BOUND('',#1614,.F.);
#1614 = EDGE_LOOP('',(#1615,#1645,#1673,#1701));
#1615 = ORIENTED_EDGE('',*,*,#1616,.T.);
#1616 = EDGE_CURVE('',#1617,#1619,#1621,.T.);
#1617 = VERTEX_POINT('',#1618);
#1618 = CARTESIAN_POINT('',(42.15,30.6,7.105427357601E-15));
#1619 = VERTEX_POINT('',#1620);
#1620 = CARTESIAN_POINT('',(37.85,30.6,7.105427357601E-15));
#1621 = SURFACE_CURVE('',#1622,(#1626,#1633),.PCURVE_S1.);
#1622 = LINE('',#1623,#1624);
#1623 = CARTESIAN_POINT('',(18.925,30.6,7.105427357601E-15));
#1624 = VECTOR('',#1625,1.);
#1625 = DIRECTION('',(-1.,0.,0.));
#1626 = PCURVE('',#126,#1627);
#1627 = DEFINITIONAL_REPRESENTATION('',(#1628),#1632);
#1628 = LINE('',#1629,#1630);
#1629 = CARTESIAN_POINT('',(18.925,30.6));
#1630 = VECTOR('',#1631,1.);
#1631 = DIRECTION('',(-1.,0.));
#1632 = ( GEOMETRIC_REPRESENTATION_CONTEXT(2) 
PARAMETRIC_REPRESENTATION_CONTEXT() REPRESENTATION_CONTEXT('2D SPACE',''
  ) );
#1633 = PCURVE('',#1634,#1639);
#1634 = PLANE('',#1635);
#1635 = AXIS2_PLACEMENT_3D('',#1636,#1637,#1638);
#1636 = CARTESIAN_POINT('',(37.85,30.6,1.805));
#1637 = DIRECTION('',(0.,1.,1.110223024625E-16));
#1638 = DIRECTION('',(1.,0.,0.));
#1639 = DEFINITIONAL_REPRESENTATION('',(#1640),#1644);
#1640 = LINE('',#1641,#1642);
#1641 = CARTESIAN_POINT('',(-18.925,1.805));
#1642 = VECTOR('',#1643,1.);
#1643 = DIRECTION('',(-1.,0.));
#1644 = ( GEOMETRIC_REPRESENTATION_CONTEXT(2) 
PARAMETRIC_REPRESENTATION_CONTEXT() REPRESENTATION_CONTEXT('2D SPACE',''
  ) );
#1645 = ORIENTED_EDGE('',*,*,#1646,.T.);
#1646 = EDGE_CURVE('',#1619,#1647,#1649,.T.);
#1647 = VERTEX_POINT('',#1648);
#1648 = CARTESIAN_POINT('',(37.85,39.4,7.105427357601E-15));
#1649 = SURFACE_CURVE('',#1650,(#1654,#1661),.PCURVE_S1.);
#1650 = LINE('',#1651,#1652);
#1651 = CARTESIAN_POINT('',(37.85,15.3,7.105427357601E-15));
#1652 = VECTOR('',#1653,1.);
#1653 = DIRECTION('',(0.,1.,0.));
#1654 = PCURVE('',#126,#1655);
#1655 = DEFINITIONAL_REPRESENTATION('',(#1656),#1660);
#1656 = LINE('',#1657,#1658);
#1657 = CARTESIAN_POINT('',(37.85,15.3));
#1658 = VECTOR('',#1659,1.);
#1659 = DIRECTION('',(0.,1.));
#1660 = ( GEOMETRIC_REPRESENTATION_CONTEXT(2) 
PARAMETRIC_REPRESENTATION_CONTEXT() REPRESENTATION_CONTEXT('2D SPACE',''
  ) );
#1661 = PCURVE('',#1662,#1667);
#1662 = PLANE('',#1663);
#1663 = AXIS2_PLACEMENT_3D('',#1664,#1665,#1666);
#1664 = CARTESIAN_POINT('',(37.85,30.6,1.805));
#1665 = DIRECTION('',(1.,0.,0.));
#1666 = DIRECTION('',(0.,1.,1.110223024625E-16));
#1667 = DEFINITIONAL_REPRESENTATION('',(#1668),#1672);
#1668 = LINE('',#1669,#1670);
#1669 = CARTESIAN_POINT('',(-15.3,-1.805));
#1670 = VECTOR('',#1671,1.);
#1671 = DIRECTION('',(1.,-1.110223024625E-16));
#1672 = ( GEOMETRIC_REPRESENTATION_CONTEXT(2) 
PARAMETRIC_REPRESENTATION_CONTEXT() REPRESENTATION_CONTEXT('2D SPACE',''
  ) );
#1673 = ORIENTED_EDGE('',*,*,#1674,.F.);
#1674 = EDGE_CURVE('',#1675,#1647,#1677,.T.);
#1675 = VERTEX_POINT('',#1676);
#1676 = CARTESIAN_POINT('',(42.15,39.4,7.105427357601E-15));
#1677 = SURFACE_CURVE('',#1678,(#1682,#1689),.PCURVE_S1.);
#1678 = LINE('',#1679,#1680);
#1679 = CARTESIAN_POINT('',(18.925,39.4,7.105427357601E-15));
#1680 = VECTOR('',#1681,1.);
#1681 = DIRECTION('',(-1.,0.,0.));
#1682 = PCURVE('',#126,#1683);
#1683 = DEFINITIONAL_REPRESENTATION('',(#1684),#1688);
#1684 = LINE('',#1685,#1686);
#1685 = CARTESIAN_POINT('',(18.925,39.4));
#1686 = VECTOR('',#1687,1.);
#1687 = DIRECTION('',(-1.,0.));
#1688 = ( GEOMETRIC_REPRESENTATION_CONTEXT(2) 
PARAMETRIC_REPRESENTATION_CONTEXT() REPRESENTATION_CONTEXT('2D SPACE',''
  ) );
#1689 = PCURVE('',#1690,#1695);
#1690 = PLANE('',#1691);
#1691 = AXIS2_PLACEMENT_3D('',#1692,#1693,#1694);
#1692 = CARTESIAN_POINT('',(37.85,39.4,1.805));
#1693 = DIRECTION('',(0.,1.,1.110223024625E-16));
#1694 = DIRECTION('',(1.,0.,0.));
#1695 = DEFINITIONAL_REPRESENTATION('',(#1696),#1700);
#1696 = LINE('',#1697,#1698);
#1697 = CARTESIAN_POINT('',(-18.925,1.805));
#1698 = VECTOR('',#1699,1.);
#1699 = DIRECTION('',(-1.,0.));
#1700 = ( GEOMETRIC_REPRESENTATION_CONTEXT(2) 
PARAMETRIC_REPRESENTATION_CONTEXT() REPRESENTATION_CONTEXT('2D SPACE',''
  ) );
#1701 = ORIENTED_EDGE('',*,*,#1702,.F.);
#1702 = EDGE_CURVE('',#1617,#1675,#1703,.T.);
#1703 = SURFACE_CURVE('',#1704,(#1708,#1715),.PCURVE_S1.);
#1704 = LINE('',#1705,#1706);
#1705 = CARTESIAN_POINT('',(42.15,15.3,7.105427357601E-15));
#1706 = VECTOR('',#1707,1.);
#1707 = DIRECTION('',(0.,1.,0.));
#1708 = PCURVE('',#126,#1709);
#1709 = DEFINITIONAL_REPRESENTATION('',(#1710),#1714);
#1710 = LINE('',#1711,#1712);
#1711 = CARTESIAN_POINT('',(42.15,15.3));
#1712 = VECTOR('',#1713,1.);
#1713 = DIRECTION('',(0.,1.));
#1714 = ( GEOMETRIC_REPRESENTATION_CONTEXT(2) 
PARAMETRIC_REPRESENTATION_CONTEXT() REPRESENTATION_CONTEXT('2D SPACE',''
  ) );
#1715 = PCURVE('',#1716,#1721);
#1716 = PLANE('',#1717);
#1717 = AXIS2_PLACEMENT_3D('',#1718,#1719,#1720);
#1718 = CARTESIAN_POINT('',(42.15,30.6,1.805));
#1719 = DIRECTION('',(1.,0.,0.));
#1720 = DIRECTION('',(0.,1.,1.110223024625E-16));
#1721 = DEFINITIONAL_REPRESENTATION('',(#1722),#1726);
#1722 = LINE('',#1723,#1724);
#1723 = CARTESIAN_POINT('',(-15.3,-1.805));
#1724 = VECTOR('',#1725,1.);
#1725 = DIRECTION('',(1.,-1.110223024625E-16));
#1726 = ( GEOMETRIC_REPRESENTATION_CONTEXT(2) 
PARAMETRIC_REPRESENTATION_CONTEXT() REPRESENTATION_CONTEXT('2D SPACE',''
  ) );
#1727 = ADVANCED_FACE('',(#1728,#1848,#2018,#2053,#2088,#2258,#2428,
    #2463,#3169,#3204),#72,.T.);
#1728 = FACE_BOUND('',#1729,.T.);
#1729 = EDGE_LOOP('',(#1730,#1731,#1732,#1755,#1779,#1802,#1826,#1847));
#1730 = ORIENTED_EDGE('',*,*,#56,.T.);
#1731 = ORIENTED_EDGE('',*,*,#220,.T.);
#1732 = ORIENTED_EDGE('',*,*,#1733,.T.);
#1733 = EDGE_CURVE('',#221,#1734,#1736,.T.);
#1734 = VERTEX_POINT('',#1735);
#1735 = CARTESIAN_POINT('',(48.,40.,3.));
#1736 = SURFACE_CURVE('',#1737,(#1741,#1748),.PCURVE_S1.);
#1737 = LINE('',#1738,#1739);
#1738 = CARTESIAN_POINT('',(48.,-40.,3.));
#1739 = VECTOR('',#1740,1.);
#1740 = DIRECTION('',(0.,1.,0.));
#1741 = PCURVE('',#72,#1742);
#1742 = DEFINITIONAL_REPRESENTATION('',(#1743),#1747);
#1743 = LINE('',#1744,#1745);
#1744 = CARTESIAN_POINT('',(48.,-40.));
#1745 = VECTOR('',#1746,1.);
#1746 = DIRECTION('',(0.,1.));
#1747 = ( GEOMETRIC_REPRESENTATION_CONTEXT(2) 
PARAMETRIC_REPRESENTATION_CONTEXT() REPRESENTATION_CONTEXT('2D SPACE',''
  ) );
#1748 = PCURVE('',#260,#1749);
#1749 = DEFINITIONAL_REPRESENTATION('',(#1750),#1754);
#1750 = LINE('',#1751,#1752);
#1751 = CARTESIAN_POINT('',(0.,-3.));
#1752 = VECTOR('',#1753,1.);
#1753 = DIRECTION('',(1.,0.));
#1754 = ( GEOMETRIC_REPRESENTATION_CONTEXT(2) 
PARAMETRIC_REPRESENTATION_CONTEXT() REPRESENTATION_CONTEXT('2D SPACE',''
  ) );
#1755 = ORIENTED_EDGE('',*,*,#1756,.T.);
#1756 = EDGE_CURVE('',#1734,#1757,#1759,.T.);
#1757 = VERTEX_POINT('',#1758);
#1758 = CARTESIAN_POINT('',(43.,45.,3.));
#1759 = SURFACE_CURVE('',#1760,(#1765,#1772),.PCURVE_S1.);
#1760 = CIRCLE('',#1761,5.);
#1761 = AXIS2_PLACEMENT_3D('',#1762,#1763,#1764);
#1762 = CARTESIAN_POINT('',(43.,40.,3.));
#1763 = DIRECTION('',(0.,0.,1.));
#1764 = DIRECTION('',(1.,0.,0.));
#1765 = PCURVE('',#72,#1766);
#1766 = DEFINITIONAL_REPRESENTATION('',(#1767),#1771);
#1767 = CIRCLE('',#1768,5.);
#1768 = AXIS2_PLACEMENT_2D('',#1769,#1770);
#1769 = CARTESIAN_POINT('',(43.,40.));
#1770 = DIRECTION('',(1.,0.));
#1771 = ( GEOMETRIC_REPRESENTATION_CONTEXT(2) 
PARAMETRIC_REPRESENTATION_CONTEXT() REPRESENTATION_CONTEXT('2D SPACE',''
  ) );
#1772 = PCURVE('',#339,#1773);
#1773 = DEFINITIONAL_REPRESENTATION('',(#1774),#1778);
#1774 = LINE('',#1775,#1776);
#1775 = CARTESIAN_POINT('',(-0.,-3.));
#1776 = VECTOR('',#1777,1.);
#1777 = DIRECTION('',(-1.,0.));
#1778 = ( GEOMETRIC_REPRESENTATION_CONTEXT(2) 
PARAMETRIC_REPRESENTATION_CONTEXT() REPRESENTATION_CONTEXT('2D SPACE',''
  ) );
#1779 = ORIENTED_EDGE('',*,*,#1780,.T.);
#1780 = EDGE_CURVE('',#1757,#1781,#1783,.T.);
#1781 = VERTEX_POINT('',#1782);
#1782 = CARTESIAN_POINT('',(-43.,45.,3.));
#1783 = SURFACE_CURVE('',#1784,(#1788,#1795),.PCURVE_S1.);
#1784 = LINE('',#1785,#1786);
#1785 = CARTESIAN_POINT('',(43.,45.,3.));
#1786 = VECTOR('',#1787,1.);
#1787 = DIRECTION('',(-1.,0.,0.));
#1788 = PCURVE('',#72,#1789);
#1789 = DEFINITIONAL_REPRESENTATION('',(#1790),#1794);
#1790 = LINE('',#1791,#1792);
#1791 = CARTESIAN_POINT('',(43.,45.));
#1792 = VECTOR('',#1793,1.);
#1793 = DIRECTION('',(-1.,0.));
#1794 = ( GEOMETRIC_REPRESENTATION_CONTEXT(2) 
PARAMETRIC_REPRESENTATION_CONTEXT() REPRESENTATION_CONTEXT('2D SPACE',''
  ) );
#1795 = PCURVE('',#367,#1796);
#1796 = DEFINITIONAL_REPRESENTATION('',(#1797),#1801);
#1797 = LINE('',#1798,#1799);
#1798 = CARTESIAN_POINT('',(0.,-3.));
#1799 = VECTOR('',#1800,1.);
#1800 = DIRECTION('',(1.,0.));
#1801 = ( GEOMETRIC_REPRESENTATION_CONTEXT(2) 
PARAMETRIC_REPRESENTATION_CONTEXT() REPRESENTATION_CONTEXT('2D SPACE',''
  ) );
#1802 = ORIENTED_EDGE('',*,*,#1803,.T.);
#1803 = EDGE_CURVE('',#1781,#1804,#1806,.T.);
#1804 = VERTEX_POINT('',#1805);
#1805 = CARTESIAN_POINT('',(-48.,40.,3.));
#1806 = SURFACE_CURVE('',#1807,(#1812,#1819),.PCURVE_S1.);
#1807 = CIRCLE('',#1808,5.);
#1808 = AXIS2_PLACEMENT_3D('',#1809,#1810,#1811);
#1809 = CARTESIAN_POINT('',(-43.,40.,3.));
#1810 = DIRECTION('',(0.,-0.,1.));
#1811 = DIRECTION('',(0.,1.,0.));
#1812 = PCURVE('',#72,#1813);
#1813 = DEFINITIONAL_REPRESENTATION('',(#1814),#1818);
#1814 = CIRCLE('',#1815,5.);
#1815 = AXIS2_PLACEMENT_2D('',#1816,#1817);
#1816 = CARTESIAN_POINT('',(-43.,40.));
#1817 = DIRECTION('',(0.,1.));
#1818 = ( GEOMETRIC_REPRESENTATION_CONTEXT(2) 
PARAMETRIC_REPRESENTATION_CONTEXT() REPRESENTATION_CONTEXT('2D SPACE',''
  ) );
#1819 = PCURVE('',#396,#1820);
#1820 = DEFINITIONAL_REPRESENTATION('',(#1821),#1825);
#1821 = LINE('',#1822,#1823);
#1822 = CARTESIAN_POINT('',(-0.,-3.));
#1823 = VECTOR('',#1824,1.);
#1824 = DIRECTION('',(-1.,0.));
#1825 = ( GEOMETRIC_REPRESENTATION_CONTEXT(2) 
PARAMETRIC_REPRESENTATION_CONTEXT() REPRESENTATION_CONTEXT('2D SPACE',''
  ) );
#1826 = ORIENTED_EDGE('',*,*,#1827,.T.);
#1827 = EDGE_CURVE('',#1804,#144,#1828,.T.);
#1828 = SURFACE_CURVE('',#1829,(#1833,#1840),.PCURVE_S1.);
#1829 = LINE('',#1830,#1831);
#1830 = CARTESIAN_POINT('',(-48.,40.,3.));
#1831 = VECTOR('',#1832,1.);
#1832 = DIRECTION('',(0.,-1.,0.));
#1833 = PCURVE('',#72,#1834);
#1834 = DEFINITIONAL_REPRESENTATION('',(#1835),#1839);
#1835 = LINE('',#1836,#1837);
#1836 = CARTESIAN_POINT('',(-48.,40.));
#1837 = VECTOR('',#1838,1.);
#1838 = DIRECTION('',(0.,-1.));
#1839 = ( GEOMETRIC_REPRESENTATION_CONTEXT(2) 
PARAMETRIC_REPRESENTATION_CONTEXT() REPRESENTATION_CONTEXT('2D SPACE',''
  ) );
#1840 = PCURVE('',#159,#1841);
#1841 = DEFINITIONAL_REPRESENTATION('',(#1842),#1846);
#1842 = LINE('',#1843,#1844);
#1843 = CARTESIAN_POINT('',(0.,-3.));
#1844 = VECTOR('',#1845,1.);
#1845 = DIRECTION('',(1.,0.));
#1846 = ( GEOMETRIC_REPRESENTATION_CONTEXT(2) 
PARAMETRIC_REPRESENTATION_CONTEXT() REPRESENTATION_CONTEXT('2D SPACE',''
  ) );
#1847 = ORIENTED_EDGE('',*,*,#171,.T.);
#1848 = FACE_BOUND('',#1849,.T.);
#1849 = EDGE_LOOP('',(#1850,#1880,#1908,#1936,#1964,#1992));
#1850 = ORIENTED_EDGE('',*,*,#1851,.T.);
#1851 = EDGE_CURVE('',#1852,#1854,#1856,.T.);
#1852 = VERTEX_POINT('',#1853);
#1853 = CARTESIAN_POINT('',(-43.15,-23.75869692124,3.));
#1854 = VERTEX_POINT('',#1855);
#1855 = CARTESIAN_POINT('',(-41.,-22.51739384248,3.));
#1856 = SURFACE_CURVE('',#1857,(#1861,#1868),.PCURVE_S1.);
#1857 = LINE('',#1858,#1859);
#1858 = CARTESIAN_POINT('',(-20.74984122634,-10.82595922338,3.));
#1859 = VECTOR('',#1860,1.);
#1860 = DIRECTION('',(0.866025403784,0.5,0.));
#1861 = PCURVE('',#72,#1862);
#1862 = DEFINITIONAL_REPRESENTATION('',(#1863),#1867);
#1863 = LINE('',#1864,#1865);
#1864 = CARTESIAN_POINT('',(-20.74984122634,-10.82595922338));
#1865 = VECTOR('',#1866,1.);
#1866 = DIRECTION('',(0.866025403784,0.5));
#1867 = ( GEOMETRIC_REPRESENTATION_CONTEXT(2) 
PARAMETRIC_REPRESENTATION_CONTEXT() REPRESENTATION_CONTEXT('2D SPACE',''
  ) );
#1868 = PCURVE('',#1869,#1874);
#1869 = PLANE('',#1870);
#1870 = AXIS2_PLACEMENT_3D('',#1871,#1872,#1873);
#1871 = CARTESIAN_POINT('',(-41.,-22.51739384248,1.2));
#1872 = DIRECTION('',(0.5,-0.866025403784,0.));
#1873 = DIRECTION('',(-0.866025403784,-0.5,0.));
#1874 = DEFINITIONAL_REPRESENTATION('',(#1875),#1879);
#1875 = LINE('',#1876,#1877);
#1876 = CARTESIAN_POINT('',(-23.3828692382,-1.8));
#1877 = VECTOR('',#1878,1.);
#1878 = DIRECTION('',(-1.,0.));
#1879 = ( GEOMETRIC_REPRESENTATION_CONTEXT(2) 
PARAMETRIC_REPRESENTATION_CONTEXT() REPRESENTATION_CONTEXT('2D SPACE',''
  ) );
#1880 = ORIENTED_EDGE('',*,*,#1881,.T.);
#1881 = EDGE_CURVE('',#1854,#1882,#1884,.T.);
#1882 = VERTEX_POINT('',#1883);
#1883 = CARTESIAN_POINT('',(-38.85,-23.75869692124,3.));
#1884 = SURFACE_CURVE('',#1885,(#1889,#1896),.PCURVE_S1.);
#1885 = LINE('',#1886,#1887);
#1886 = CARTESIAN_POINT('',(-29.42515877365,-29.20013154034,3.));
#1887 = VECTOR('',#1888,1.);
#1888 = DIRECTION('',(0.866025403784,-0.5,0.));
#1889 = PCURVE('',#72,#1890);
#1890 = DEFINITIONAL_REPRESENTATION('',(#1891),#1895);
#1891 = LINE('',#1892,#1893);
#1892 = CARTESIAN_POINT('',(-29.42515877365,-29.20013154034));
#1893 = VECTOR('',#1894,1.);
#1894 = DIRECTION('',(0.866025403784,-0.5));
#1895 = ( GEOMETRIC_REPRESENTATION_CONTEXT(2) 
PARAMETRIC_REPRESENTATION_CONTEXT() REPRESENTATION_CONTEXT('2D SPACE',''
  ) );
#1896 = PCURVE('',#1897,#1902);
#1897 = PLANE('',#1898);
#1898 = AXIS2_PLACEMENT_3D('',#1899,#1900,#1901);
#1899 = CARTESIAN_POINT('',(-38.85,-23.75869692124,1.2));
#1900 = DIRECTION('',(-0.5,-0.866025403784,0.));
#1901 = DIRECTION('',(-0.866025403784,0.5,0.));
#1902 = DEFINITIONAL_REPRESENTATION('',(#1903),#1907);
#1903 = LINE('',#1904,#1905);
#1904 = CARTESIAN_POINT('',(-10.8828692382,-1.8));
#1905 = VECTOR('',#1906,1.);
#1906 = DIRECTION('',(-1.,0.));
#1907 = ( GEOMETRIC_REPRESENTATION_CONTEXT(2) 
PARAMETRIC_REPRESENTATION_CONTEXT() REPRESENTATION_CONTEXT('2D SPACE',''
  ) );
#1908 = ORIENTED_EDGE('',*,*,#1909,.T.);
#1909 = EDGE_CURVE('',#1882,#1910,#1912,.T.);
#1910 = VERTEX_POINT('',#1911);
#1911 = CARTESIAN_POINT('',(-38.85,-26.24130307875,3.));
#1912 = SURFACE_CURVE('',#1913,(#1917,#1924),.PCURVE_S1.);
#1913 = LINE('',#1914,#1915);
#1914 = CARTESIAN_POINT('',(-38.85,-13.12065153937,3.));
#1915 = VECTOR('',#1916,1.);
#1916 = DIRECTION('',(-3.577604997923E-16,-1.,0.));
#1917 = PCURVE('',#72,#1918);
#1918 = DEFINITIONAL_REPRESENTATION('',(#1919),#1923);
#1919 = LINE('',#1920,#1921);
#1920 = CARTESIAN_POINT('',(-38.85,-13.12065153937));
#1921 = VECTOR('',#1922,1.);
#1922 = DIRECTION('',(-3.577604997923E-16,-1.));
#1923 = ( GEOMETRIC_REPRESENTATION_CONTEXT(2) 
PARAMETRIC_REPRESENTATION_CONTEXT() REPRESENTATION_CONTEXT('2D SPACE',''
  ) );
#1924 = PCURVE('',#1925,#1930);
#1925 = PLANE('',#1926);
#1926 = AXIS2_PLACEMENT_3D('',#1927,#1928,#1929);
#1927 = CARTESIAN_POINT('',(-38.85,-26.24130307875,1.2));
#1928 = DIRECTION('',(-1.,3.577604997923E-16,0.));
#1929 = DIRECTION('',(3.577604997923E-16,1.,0.));
#1930 = DEFINITIONAL_REPRESENTATION('',(#1931),#1935);
#1931 = LINE('',#1932,#1933);
#1932 = CARTESIAN_POINT('',(13.120651539379,-1.8));
#1933 = VECTOR('',#1934,1.);
#1934 = DIRECTION('',(-1.,-0.));
#1935 = ( GEOMETRIC_REPRESENTATION_CONTEXT(2) 
PARAMETRIC_REPRESENTATION_CONTEXT() REPRESENTATION_CONTEXT('2D SPACE',''
  ) );
#1936 = ORIENTED_EDGE('',*,*,#1937,.T.);
#1937 = EDGE_CURVE('',#1910,#1938,#1940,.T.);
#1938 = VERTEX_POINT('',#1939);
#1939 = CARTESIAN_POINT('',(-41.,-27.48260615751,3.));
#1940 = SURFACE_CURVE('',#1941,(#1945,#1952),.PCURVE_S1.);
#1941 = LINE('',#1942,#1943);
#1942 = CARTESIAN_POINT('',(-19.67484122634,-15.17051999903,3.));
#1943 = VECTOR('',#1944,1.);
#1944 = DIRECTION('',(-0.866025403784,-0.5,0.));
#1945 = PCURVE('',#72,#1946);
#1946 = DEFINITIONAL_REPRESENTATION('',(#1947),#1951);
#1947 = LINE('',#1948,#1949);
#1948 = CARTESIAN_POINT('',(-19.67484122634,-15.17051999903));
#1949 = VECTOR('',#1950,1.);
#1950 = DIRECTION('',(-0.866025403784,-0.5));
#1951 = ( GEOMETRIC_REPRESENTATION_CONTEXT(2) 
PARAMETRIC_REPRESENTATION_CONTEXT() REPRESENTATION_CONTEXT('2D SPACE',''
  ) );
#1952 = PCURVE('',#1953,#1958);
#1953 = PLANE('',#1954);
#1954 = AXIS2_PLACEMENT_3D('',#1955,#1956,#1957);
#1955 = CARTESIAN_POINT('',(-41.,-27.48260615751,1.2));
#1956 = DIRECTION('',(-0.5,0.866025403784,0.));
#1957 = DIRECTION('',(0.866025403784,0.5,0.));
#1958 = DEFINITIONAL_REPRESENTATION('',(#1959),#1963);
#1959 = LINE('',#1960,#1961);
#1960 = CARTESIAN_POINT('',(24.62417231696,-1.8));
#1961 = VECTOR('',#1962,1.);
#1962 = DIRECTION('',(-1.,-0.));
#1963 = ( GEOMETRIC_REPRESENTATION_CONTEXT(2) 
PARAMETRIC_REPRESENTATION_CONTEXT() REPRESENTATION_CONTEXT('2D SPACE',''
  ) );
#1964 = ORIENTED_EDGE('',*,*,#1965,.T.);
#1965 = EDGE_CURVE('',#1938,#1966,#1968,.T.);
#1966 = VERTEX_POINT('',#1967);
#1967 = CARTESIAN_POINT('',(-43.15,-26.24130307875,3.));
#1968 = SURFACE_CURVE('',#1969,(#1973,#1980),.PCURVE_S1.);
#1969 = LINE('',#1970,#1971);
#1970 = CARTESIAN_POINT('',(-32.65015877365,-32.30338923723,3.));
#1971 = VECTOR('',#1972,1.);
#1972 = DIRECTION('',(-0.866025403784,0.5,0.));
#1973 = PCURVE('',#72,#1974);
#1974 = DEFINITIONAL_REPRESENTATION('',(#1975),#1979);
#1975 = LINE('',#1976,#1977);
#1976 = CARTESIAN_POINT('',(-32.65015877365,-32.30338923723));
#1977 = VECTOR('',#1978,1.);
#1978 = DIRECTION('',(-0.866025403784,0.5));
#1979 = ( GEOMETRIC_REPRESENTATION_CONTEXT(2) 
PARAMETRIC_REPRESENTATION_CONTEXT() REPRESENTATION_CONTEXT('2D SPACE',''
  ) );
#1980 = PCURVE('',#1981,#1986);
#1981 = PLANE('',#1982);
#1982 = AXIS2_PLACEMENT_3D('',#1983,#1984,#1985);
#1983 = CARTESIAN_POINT('',(-43.15,-26.24130307875,1.2));
#1984 = DIRECTION('',(0.5,0.866025403784,0.));
#1985 = DIRECTION('',(0.866025403784,-0.5,0.));
#1986 = DEFINITIONAL_REPRESENTATION('',(#1987),#1991);
#1987 = LINE('',#1988,#1989);
#1988 = CARTESIAN_POINT('',(12.12417231696,-1.8));
#1989 = VECTOR('',#1990,1.);
#1990 = DIRECTION('',(-1.,0.));
#1991 = ( GEOMETRIC_REPRESENTATION_CONTEXT(2) 
PARAMETRIC_REPRESENTATION_CONTEXT() REPRESENTATION_CONTEXT('2D SPACE',''
  ) );
#1992 = ORIENTED_EDGE('',*,*,#1993,.T.);
#1993 = EDGE_CURVE('',#1966,#1852,#1994,.T.);
#1994 = SURFACE_CURVE('',#1995,(#1999,#2006),.PCURVE_S1.);
#1995 = LINE('',#1996,#1997);
#1996 = CARTESIAN_POINT('',(-43.15,-11.87934846062,3.));
#1997 = VECTOR('',#1998,1.);
#1998 = DIRECTION('',(-1.788802498961E-16,1.,0.));
#1999 = PCURVE('',#72,#2000);
#2000 = DEFINITIONAL_REPRESENTATION('',(#2001),#2005);
#2001 = LINE('',#2002,#2003);
#2002 = CARTESIAN_POINT('',(-43.15,-11.87934846062));
#2003 = VECTOR('',#2004,1.);
#2004 = DIRECTION('',(-1.788802498961E-16,1.));
#2005 = ( GEOMETRIC_REPRESENTATION_CONTEXT(2) 
PARAMETRIC_REPRESENTATION_CONTEXT() REPRESENTATION_CONTEXT('2D SPACE',''
  ) );
#2006 = PCURVE('',#2007,#2012);
#2007 = PLANE('',#2008);
#2008 = AXIS2_PLACEMENT_3D('',#2009,#2010,#2011);
#2009 = CARTESIAN_POINT('',(-43.15,-23.75869692124,1.2));
#2010 = DIRECTION('',(1.,1.788802498961E-16,0.));
#2011 = DIRECTION('',(1.788802498961E-16,-1.,0.));
#2012 = DEFINITIONAL_REPRESENTATION('',(#2013),#2017);
#2013 = LINE('',#2014,#2015);
#2014 = CARTESIAN_POINT('',(-11.87934846062,-1.8));
#2015 = VECTOR('',#2016,1.);
#2016 = DIRECTION('',(-1.,0.));
#2017 = ( GEOMETRIC_REPRESENTATION_CONTEXT(2) 
PARAMETRIC_REPRESENTATION_CONTEXT() REPRESENTATION_CONTEXT('2D SPACE',''
  ) );
#2018 = FACE_BOUND('',#2019,.T.);
#2019 = EDGE_LOOP('',(#2020));
#2020 = ORIENTED_EDGE('',*,*,#2021,.T.);
#2021 = EDGE_CURVE('',#2022,#2022,#2024,.T.);
#2022 = VERTEX_POINT('',#2023);
#2023 = CARTESIAN_POINT('',(-8.89,-18.443925,3.));
#2024 = SURFACE_CURVE('',#2025,(#2030,#2041),.PCURVE_S1.);
#2025 = CIRCLE('',#2026,2.8);
#2026 = AXIS2_PLACEMENT_3D('',#2027,#2028,#2029);
#2027 = CARTESIAN_POINT('',(-8.89,-21.243925,3.));
#2028 = DIRECTION('',(0.,1.110223024625E-16,-1.));
#2029 = DIRECTION('',(0.,1.,1.110223024625E-16));
#2030 = PCURVE('',#72,#2031);
#2031 = DEFINITIONAL_REPRESENTATION('',(#2032),#2040);
#2032 = ( BOUNDED_CURVE() B_SPLINE_CURVE(2,(#2033,#2034,#2035,#2036,
#2037,#2038,#2039),.UNSPECIFIED.,.T.,.F.) B_SPLINE_CURVE_WITH_KNOTS((1,2
    ,2,2,2,1),(-2.094395102393,0.,2.094395102393,4.188790204786,
6.28318530718,8.377580409573),.UNSPECIFIED.) CURVE() 
GEOMETRIC_REPRESENTATION_ITEM() RATIONAL_B_SPLINE_CURVE((1.,0.5,1.,0.5,
1.,0.5,1.)) REPRESENTATION_ITEM('') );
#2033 = CARTESIAN_POINT('',(-8.89,-18.443925));
#2034 = CARTESIAN_POINT('',(-4.040257738807,-18.443925));
#2035 = CARTESIAN_POINT('',(-6.465128869404,-22.643925));
#2036 = CARTESIAN_POINT('',(-8.89,-26.843925));
#2037 = CARTESIAN_POINT('',(-11.31487113059,-22.643925));
#2038 = CARTESIAN_POINT('',(-13.73974226119,-18.443925));
#2039 = CARTESIAN_POINT('',(-8.89,-18.443925));
#2040 = ( GEOMETRIC_REPRESENTATION_CONTEXT(2) 
PARAMETRIC_REPRESENTATION_CONTEXT() REPRESENTATION_CONTEXT('2D SPACE',''
  ) );
#2041 = PCURVE('',#2042,#2047);
#2042 = CYLINDRICAL_SURFACE('',#2043,2.8);
#2043 = AXIS2_PLACEMENT_3D('',#2044,#2045,#2046);
#2044 = CARTESIAN_POINT('',(-8.89,-21.243925,15.));
#2045 = DIRECTION('',(0.,1.110223024625E-16,-1.));
#2046 = DIRECTION('',(0.,1.,1.110223024625E-16));
#2047 = DEFINITIONAL_REPRESENTATION('',(#2048),#2052);
#2048 = LINE('',#2049,#2050);
#2049 = CARTESIAN_POINT('',(0.,12.));
#2050 = VECTOR('',#2051,1.);
#2051 = DIRECTION('',(1.,0.));
#2052 = ( GEOMETRIC_REPRESENTATION_CONTEXT(2) 
PARAMETRIC_REPRESENTATION_CONTEXT() REPRESENTATION_CONTEXT('2D SPACE',''
  ) );
#2053 = FACE_BOUND('',#2054,.T.);
#2054 = EDGE_LOOP('',(#2055));
#2055 = ORIENTED_EDGE('',*,*,#2056,.T.);
#2056 = EDGE_CURVE('',#2057,#2057,#2059,.T.);
#2057 = VERTEX_POINT('',#2058);
#2058 = CARTESIAN_POINT('',(8.89,-18.443925,3.));
#2059 = SURFACE_CURVE('',#2060,(#2065,#2076),.PCURVE_S1.);
#2060 = CIRCLE('',#2061,2.8);
#2061 = AXIS2_PLACEMENT_3D('',#2062,#2063,#2064);
#2062 = CARTESIAN_POINT('',(8.89,-21.243925,3.));
#2063 = DIRECTION('',(0.,1.110223024625E-16,-1.));
#2064 = DIRECTION('',(0.,1.,1.110223024625E-16));
#2065 = PCURVE('',#72,#2066);
#2066 = DEFINITIONAL_REPRESENTATION('',(#2067),#2075);
#2067 = ( BOUNDED_CURVE() B_SPLINE_CURVE(2,(#2068,#2069,#2070,#2071,
#2072,#2073,#2074),.UNSPECIFIED.,.T.,.F.) B_SPLINE_CURVE_WITH_KNOTS((1,2
    ,2,2,2,1),(-2.094395102393,0.,2.094395102393,4.188790204786,
6.28318530718,8.377580409573),.UNSPECIFIED.) CURVE() 
GEOMETRIC_REPRESENTATION_ITEM() RATIONAL_B_SPLINE_CURVE((1.,0.5,1.,0.5,
1.,0.5,1.)) REPRESENTATION_ITEM('') );
#2068 = CARTESIAN_POINT('',(8.89,-18.443925));
#2069 = CARTESIAN_POINT('',(13.739742261193,-18.443925));
#2070 = CARTESIAN_POINT('',(11.314871130596,-22.643925));
#2071 = CARTESIAN_POINT('',(8.89,-26.843925));
#2072 = CARTESIAN_POINT('',(6.465128869404,-22.643925));
#2073 = CARTESIAN_POINT('',(4.040257738807,-18.443925));
#2074 = CARTESIAN_POINT('',(8.89,-18.443925));
#2075 = ( GEOMETRIC_REPRESENTATION_CONTEXT(2) 
PARAMETRIC_REPRESENTATION_CONTEXT() REPRESENTATION_CONTEXT('2D SPACE',''
  ) );
#2076 = PCURVE('',#2077,#2082);
#2077 = CYLINDRICAL_SURFACE('',#2078,2.8);
#2078 = AXIS2_PLACEMENT_3D('',#2079,#2080,#2081);
#2079 = CARTESIAN_POINT('',(8.89,-21.243925,15.));
#2080 = DIRECTION('',(0.,1.110223024625E-16,-1.));
#2081 = DIRECTION('',(0.,1.,1.110223024625E-16));
#2082 = DEFINITIONAL_REPRESENTATION('',(#2083),#2087);
#2083 = LINE('',#2084,#2085);
#2084 = CARTESIAN_POINT('',(0.,12.));
#2085 = VECTOR('',#2086,1.);
#2086 = DIRECTION('',(1.,0.));
#2087 = ( GEOMETRIC_REPRESENTATION_CONTEXT(2) 
PARAMETRIC_REPRESENTATION_CONTEXT() REPRESENTATION_CONTEXT('2D SPACE',''
  ) );
#2088 = FACE_BOUND('',#2089,.T.);
#2089 = EDGE_LOOP('',(#2090,#2120,#2148,#2176,#2204,#2232));
#2090 = ORIENTED_EDGE('',*,*,#2091,.T.);
#2091 = EDGE_CURVE('',#2092,#2094,#2096,.T.);
#2092 = VERTEX_POINT('',#2093);
#2093 = CARTESIAN_POINT('',(38.85,-23.75869692124,3.));
#2094 = VERTEX_POINT('',#2095);
#2095 = CARTESIAN_POINT('',(41.,-22.51739384248,3.));
#2096 = SURFACE_CURVE('',#2097,(#2101,#2108),.PCURVE_S1.);
#2097 = LINE('',#2098,#2099);
#2098 = CARTESIAN_POINT('',(30.500158773653,-28.57948000096,3.));
#2099 = VECTOR('',#2100,1.);
#2100 = DIRECTION('',(0.866025403784,0.5,0.));
#2101 = PCURVE('',#72,#2102);
#2102 = DEFINITIONAL_REPRESENTATION('',(#2103),#2107);
#2103 = LINE('',#2104,#2105);
#2104 = CARTESIAN_POINT('',(30.500158773653,-28.57948000096));
#2105 = VECTOR('',#2106,1.);
#2106 = DIRECTION('',(0.866025403784,0.5));
#2107 = ( GEOMETRIC_REPRESENTATION_CONTEXT(2) 
PARAMETRIC_REPRESENTATION_CONTEXT() REPRESENTATION_CONTEXT('2D SPACE',''
  ) );
#2108 = PCURVE('',#2109,#2114);
#2109 = PLANE('',#2110);
#2110 = AXIS2_PLACEMENT_3D('',#2111,#2112,#2113);
#2111 = CARTESIAN_POINT('',(41.,-22.51739384248,1.2));
#2112 = DIRECTION('',(0.5,-0.866025403784,0.));
#2113 = DIRECTION('',(-0.866025403784,-0.5,0.));
#2114 = DEFINITIONAL_REPRESENTATION('',(#2115),#2119);
#2115 = LINE('',#2116,#2117);
#2116 = CARTESIAN_POINT('',(12.12417231696,-1.8));
#2117 = VECTOR('',#2118,1.);
#2118 = DIRECTION('',(-1.,0.));
#2119 = ( GEOMETRIC_REPRESENTATION_CONTEXT(2) 
PARAMETRIC_REPRESENTATION_CONTEXT() REPRESENTATION_CONTEXT('2D SPACE',''
  ) );
#2120 = ORIENTED_EDGE('',*,*,#2121,.T.);
#2121 = EDGE_CURVE('',#2094,#2122,#2124,.T.);
#2122 = VERTEX_POINT('',#2123);
#2123 = CARTESIAN_POINT('',(43.15,-23.75869692124,3.));
#2124 = SURFACE_CURVE('',#2125,(#2129,#2136),.PCURVE_S1.);
#2125 = LINE('',#2126,#2127);
#2126 = CARTESIAN_POINT('',(21.824841226347,-11.44661076276,3.));
#2127 = VECTOR('',#2128,1.);
#2128 = DIRECTION('',(0.866025403784,-0.5,0.));
#2129 = PCURVE('',#72,#2130);
#2130 = DEFINITIONAL_REPRESENTATION('',(#2131),#2135);
#2131 = LINE('',#2132,#2133);
#2132 = CARTESIAN_POINT('',(21.824841226347,-11.44661076276));
#2133 = VECTOR('',#2134,1.);
#2134 = DIRECTION('',(0.866025403784,-0.5));
#2135 = ( GEOMETRIC_REPRESENTATION_CONTEXT(2) 
PARAMETRIC_REPRESENTATION_CONTEXT() REPRESENTATION_CONTEXT('2D SPACE',''
  ) );
#2136 = PCURVE('',#2137,#2142);
#2137 = PLANE('',#2138);
#2138 = AXIS2_PLACEMENT_3D('',#2139,#2140,#2141);
#2139 = CARTESIAN_POINT('',(43.15,-23.75869692124,1.2));
#2140 = DIRECTION('',(-0.5,-0.866025403784,0.));
#2141 = DIRECTION('',(-0.866025403784,0.5,0.));
#2142 = DEFINITIONAL_REPRESENTATION('',(#2143),#2147);
#2143 = LINE('',#2144,#2145);
#2144 = CARTESIAN_POINT('',(24.62417231696,-1.8));
#2145 = VECTOR('',#2146,1.);
#2146 = DIRECTION('',(-1.,0.));
#2147 = ( GEOMETRIC_REPRESENTATION_CONTEXT(2) 
PARAMETRIC_REPRESENTATION_CONTEXT() REPRESENTATION_CONTEXT('2D SPACE',''
  ) );
#2148 = ORIENTED_EDGE('',*,*,#2149,.T.);
#2149 = EDGE_CURVE('',#2122,#2150,#2152,.T.);
#2150 = VERTEX_POINT('',#2151);
#2151 = CARTESIAN_POINT('',(43.15,-26.24130307875,3.));
#2152 = SURFACE_CURVE('',#2153,(#2157,#2164),.PCURVE_S1.);
#2153 = LINE('',#2154,#2155);
#2154 = CARTESIAN_POINT('',(43.15,-13.12065153937,3.));
#2155 = VECTOR('',#2156,1.);
#2156 = DIRECTION('',(-3.577604997923E-16,-1.,0.));
#2157 = PCURVE('',#72,#2158);
#2158 = DEFINITIONAL_REPRESENTATION('',(#2159),#2163);
#2159 = LINE('',#2160,#2161);
#2160 = CARTESIAN_POINT('',(43.15,-13.12065153937));
#2161 = VECTOR('',#2162,1.);
#2162 = DIRECTION('',(-3.577604997923E-16,-1.));
#2163 = ( GEOMETRIC_REPRESENTATION_CONTEXT(2) 
PARAMETRIC_REPRESENTATION_CONTEXT() REPRESENTATION_CONTEXT('2D SPACE',''
  ) );
#2164 = PCURVE('',#2165,#2170);
#2165 = PLANE('',#2166);
#2166 = AXIS2_PLACEMENT_3D('',#2167,#2168,#2169);
#2167 = CARTESIAN_POINT('',(43.15,-26.24130307875,1.2));
#2168 = DIRECTION('',(-1.,3.577604997923E-16,0.));
#2169 = DIRECTION('',(3.577604997923E-16,1.,0.));
#2170 = DEFINITIONAL_REPRESENTATION('',(#2171),#2175);
#2171 = LINE('',#2172,#2173);
#2172 = CARTESIAN_POINT('',(13.120651539379,-1.8));
#2173 = VECTOR('',#2174,1.);
#2174 = DIRECTION('',(-1.,-0.));
#2175 = ( GEOMETRIC_REPRESENTATION_CONTEXT(2) 
PARAMETRIC_REPRESENTATION_CONTEXT() REPRESENTATION_CONTEXT('2D SPACE',''
  ) );
#2176 = ORIENTED_EDGE('',*,*,#2177,.T.);
#2177 = EDGE_CURVE('',#2150,#2178,#2180,.T.);
#2178 = VERTEX_POINT('',#2179);
#2179 = CARTESIAN_POINT('',(41.,-27.48260615751,3.));
#2180 = SURFACE_CURVE('',#2181,(#2185,#2192),.PCURVE_S1.);
#2181 = LINE('',#2182,#2183);
#2182 = CARTESIAN_POINT('',(31.575158773653,-32.92404077661,3.));
#2183 = VECTOR('',#2184,1.);
#2184 = DIRECTION('',(-0.866025403784,-0.5,0.));
#2185 = PCURVE('',#72,#2186);
#2186 = DEFINITIONAL_REPRESENTATION('',(#2187),#2191);
#2187 = LINE('',#2188,#2189);
#2188 = CARTESIAN_POINT('',(31.575158773653,-32.92404077661));
#2189 = VECTOR('',#2190,1.);
#2190 = DIRECTION('',(-0.866025403784,-0.5));
#2191 = ( GEOMETRIC_REPRESENTATION_CONTEXT(2) 
PARAMETRIC_REPRESENTATION_CONTEXT() REPRESENTATION_CONTEXT('2D SPACE',''
  ) );
#2192 = PCURVE('',#2193,#2198);
#2193 = PLANE('',#2194);
#2194 = AXIS2_PLACEMENT_3D('',#2195,#2196,#2197);
#2195 = CARTESIAN_POINT('',(41.,-27.48260615751,1.2));
#2196 = DIRECTION('',(-0.5,0.866025403784,0.));
#2197 = DIRECTION('',(0.866025403784,0.5,0.));
#2198 = DEFINITIONAL_REPRESENTATION('',(#2199),#2203);
#2199 = LINE('',#2200,#2201);
#2200 = CARTESIAN_POINT('',(-10.8828692382,-1.8));
#2201 = VECTOR('',#2202,1.);
#2202 = DIRECTION('',(-1.,-0.));
#2203 = ( GEOMETRIC_REPRESENTATION_CONTEXT(2) 
PARAMETRIC_REPRESENTATION_CONTEXT() REPRESENTATION_CONTEXT('2D SPACE',''
  ) );
#2204 = ORIENTED_EDGE('',*,*,#2205,.T.);
#2205 = EDGE_CURVE('',#2178,#2206,#2208,.T.);
#2206 = VERTEX_POINT('',#2207);
#2207 = CARTESIAN_POINT('',(38.85,-26.24130307875,3.));
#2208 = SURFACE_CURVE('',#2209,(#2213,#2220),.PCURVE_S1.);
#2209 = LINE('',#2210,#2211);
#2210 = CARTESIAN_POINT('',(18.599841226347,-14.54986845965,3.));
#2211 = VECTOR('',#2212,1.);
#2212 = DIRECTION('',(-0.866025403784,0.5,0.));
#2213 = PCURVE('',#72,#2214);
#2214 = DEFINITIONAL_REPRESENTATION('',(#2215),#2219);
#2215 = LINE('',#2216,#2217);
#2216 = CARTESIAN_POINT('',(18.599841226347,-14.54986845965));
#2217 = VECTOR('',#2218,1.);
#2218 = DIRECTION('',(-0.866025403784,0.5));
#2219 = ( GEOMETRIC_REPRESENTATION_CONTEXT(2) 
PARAMETRIC_REPRESENTATION_CONTEXT() REPRESENTATION_CONTEXT('2D SPACE',''
  ) );
#2220 = PCURVE('',#2221,#2226);
#2221 = PLANE('',#2222);
#2222 = AXIS2_PLACEMENT_3D('',#2223,#2224,#2225);
#2223 = CARTESIAN_POINT('',(38.85,-26.24130307875,1.2));
#2224 = DIRECTION('',(0.5,0.866025403784,0.));
#2225 = DIRECTION('',(0.866025403784,-0.5,0.));
#2226 = DEFINITIONAL_REPRESENTATION('',(#2227),#2231);
#2227 = LINE('',#2228,#2229);
#2228 = CARTESIAN_POINT('',(-23.3828692382,-1.8));
#2229 = VECTOR('',#2230,1.);
#2230 = DIRECTION('',(-1.,0.));
#2231 = ( GEOMETRIC_REPRESENTATION_CONTEXT(2) 
PARAMETRIC_REPRESENTATION_CONTEXT() REPRESENTATION_CONTEXT('2D SPACE',''
  ) );
#2232 = ORIENTED_EDGE('',*,*,#2233,.T.);
#2233 = EDGE_CURVE('',#2206,#2092,#2234,.T.);
#2234 = SURFACE_CURVE('',#2235,(#2239,#2246),.PCURVE_S1.);
#2235 = LINE('',#2236,#2237);
#2236 = CARTESIAN_POINT('',(38.85,-11.87934846062,3.));
#2237 = VECTOR('',#2238,1.);
#2238 = DIRECTION('',(-1.788802498961E-16,1.,0.));
#2239 = PCURVE('',#72,#2240);
#2240 = DEFINITIONAL_REPRESENTATION('',(#2241),#2245);
#2241 = LINE('',#2242,#2243);
#2242 = CARTESIAN_POINT('',(38.85,-11.87934846062));
#2243 = VECTOR('',#2244,1.);
#2244 = DIRECTION('',(-1.788802498961E-16,1.));
#2245 = ( GEOMETRIC_REPRESENTATION_CONTEXT(2) 
PARAMETRIC_REPRESENTATION_CONTEXT() REPRESENTATION_CONTEXT('2D SPACE',''
  ) );
#2246 = PCURVE('',#2247,#2252);
#2247 = PLANE('',#2248);
#2248 = AXIS2_PLACEMENT_3D('',#2249,#2250,#2251);
#2249 = CARTESIAN_POINT('',(38.85,-23.75869692124,1.2));
#2250 = DIRECTION('',(1.,1.788802498961E-16,0.));
#2251 = DIRECTION('',(1.788802498961E-16,-1.,0.));
#2252 = DEFINITIONAL_REPRESENTATION('',(#2253),#2257);
#2253 = LINE('',#2254,#2255);
#2254 = CARTESIAN_POINT('',(-11.87934846062,-1.8));
#2255 = VECTOR('',#2256,1.);
#2256 = DIRECTION('',(-1.,0.));
#2257 = ( GEOMETRIC_REPRESENTATION_CONTEXT(2) 
PARAMETRIC_REPRESENTATION_CONTEXT() REPRESENTATION_CONTEXT('2D SPACE',''
  ) );
#2258 = FACE_BOUND('',#2259,.T.);
#2259 = EDGE_LOOP('',(#2260,#2290,#2318,#2346,#2374,#2402));
#2260 = ORIENTED_EDGE('',*,*,#2261,.T.);
#2261 = EDGE_CURVE('',#2262,#2264,#2266,.T.);
#2262 = VERTEX_POINT('',#2263);
#2263 = CARTESIAN_POINT('',(-43.15,26.241303078758,3.));
#2264 = VERTEX_POINT('',#2265);
#2265 = CARTESIAN_POINT('',(-41.,27.482606157515,3.));
#2266 = SURFACE_CURVE('',#2267,(#2271,#2278),.PCURVE_S1.);
#2267 = LINE('',#2268,#2269);
#2268 = CARTESIAN_POINT('',(-31.57515877365,32.924040776616,3.));
#2269 = VECTOR('',#2270,1.);
#2270 = DIRECTION('',(0.866025403784,0.5,0.));
#2271 = PCURVE('',#72,#2272);
#2272 = DEFINITIONAL_REPRESENTATION('',(#2273),#2277);
#2273 = LINE('',#2274,#2275);
#2274 = CARTESIAN_POINT('',(-31.57515877365,32.924040776616));
#2275 = VECTOR('',#2276,1.);
#2276 = DIRECTION('',(0.866025403784,0.5));
#2277 = ( GEOMETRIC_REPRESENTATION_CONTEXT(2) 
PARAMETRIC_REPRESENTATION_CONTEXT() REPRESENTATION_CONTEXT('2D SPACE',''
  ) );
#2278 = PCURVE('',#2279,#2284);
#2279 = PLANE('',#2280);
#2280 = AXIS2_PLACEMENT_3D('',#2281,#2282,#2283);
#2281 = CARTESIAN_POINT('',(-41.,27.482606157515,1.2));
#2282 = DIRECTION('',(0.5,-0.866025403784,0.));
#2283 = DIRECTION('',(-0.866025403784,-0.5,0.));
#2284 = DEFINITIONAL_REPRESENTATION('',(#2285),#2289);
#2285 = LINE('',#2286,#2287);
#2286 = CARTESIAN_POINT('',(-10.8828692382,-1.8));
#2287 = VECTOR('',#2288,1.);
#2288 = DIRECTION('',(-1.,0.));
#2289 = ( GEOMETRIC_REPRESENTATION_CONTEXT(2) 
PARAMETRIC_REPRESENTATION_CONTEXT() REPRESENTATION_CONTEXT('2D SPACE',''
  ) );
#2290 = ORIENTED_EDGE('',*,*,#2291,.T.);
#2291 = EDGE_CURVE('',#2264,#2292,#2294,.T.);
#2292 = VERTEX_POINT('',#2293);
#2293 = CARTESIAN_POINT('',(-38.85,26.241303078758,3.));
#2294 = SURFACE_CURVE('',#2295,(#2299,#2306),.PCURVE_S1.);
#2295 = LINE('',#2296,#2297);
#2296 = CARTESIAN_POINT('',(-18.59984122634,14.549868459657,3.));
#2297 = VECTOR('',#2298,1.);
#2298 = DIRECTION('',(0.866025403784,-0.5,0.));
#2299 = PCURVE('',#72,#2300);
#2300 = DEFINITIONAL_REPRESENTATION('',(#2301),#2305);
#2301 = LINE('',#2302,#2303);
#2302 = CARTESIAN_POINT('',(-18.59984122634,14.549868459657));
#2303 = VECTOR('',#2304,1.);
#2304 = DIRECTION('',(0.866025403784,-0.5));
#2305 = ( GEOMETRIC_REPRESENTATION_CONTEXT(2) 
PARAMETRIC_REPRESENTATION_CONTEXT() REPRESENTATION_CONTEXT('2D SPACE',''
  ) );
#2306 = PCURVE('',#2307,#2312);
#2307 = PLANE('',#2308);
#2308 = AXIS2_PLACEMENT_3D('',#2309,#2310,#2311);
#2309 = CARTESIAN_POINT('',(-38.85,26.241303078758,1.2));
#2310 = DIRECTION('',(-0.5,-0.866025403784,0.));
#2311 = DIRECTION('',(-0.866025403784,0.5,0.));
#2312 = DEFINITIONAL_REPRESENTATION('',(#2313),#2317);
#2313 = LINE('',#2314,#2315);
#2314 = CARTESIAN_POINT('',(-23.3828692382,-1.8));
#2315 = VECTOR('',#2316,1.);
#2316 = DIRECTION('',(-1.,0.));
#2317 = ( GEOMETRIC_REPRESENTATION_CONTEXT(2) 
PARAMETRIC_REPRESENTATION_CONTEXT() REPRESENTATION_CONTEXT('2D SPACE',''
  ) );
#2318 = ORIENTED_EDGE('',*,*,#2319,.T.);
#2319 = EDGE_CURVE('',#2292,#2320,#2322,.T.);
#2320 = VERTEX_POINT('',#2321);
#2321 = CARTESIAN_POINT('',(-38.85,23.758696921242,3.));
#2322 = SURFACE_CURVE('',#2323,(#2327,#2334),.PCURVE_S1.);
#2323 = LINE('',#2324,#2325);
#2324 = CARTESIAN_POINT('',(-38.85,11.879348460621,3.));
#2325 = VECTOR('',#2326,1.);
#2326 = DIRECTION('',(-3.577604997923E-16,-1.,0.));
#2327 = PCURVE('',#72,#2328);
#2328 = DEFINITIONAL_REPRESENTATION('',(#2329),#2333);
#2329 = LINE('',#2330,#2331);
#2330 = CARTESIAN_POINT('',(-38.85,11.879348460621));
#2331 = VECTOR('',#2332,1.);
#2332 = DIRECTION('',(-3.577604997923E-16,-1.));
#2333 = ( GEOMETRIC_REPRESENTATION_CONTEXT(2) 
PARAMETRIC_REPRESENTATION_CONTEXT() REPRESENTATION_CONTEXT('2D SPACE',''
  ) );
#2334 = PCURVE('',#2335,#2340);
#2335 = PLANE('',#2336);
#2336 = AXIS2_PLACEMENT_3D('',#2337,#2338,#2339);
#2337 = CARTESIAN_POINT('',(-38.85,23.758696921242,1.2));
#2338 = DIRECTION('',(-1.,3.577604997923E-16,0.));
#2339 = DIRECTION('',(3.577604997923E-16,1.,0.));
#2340 = DEFINITIONAL_REPRESENTATION('',(#2341),#2345);
#2341 = LINE('',#2342,#2343);
#2342 = CARTESIAN_POINT('',(-11.87934846062,-1.8));
#2343 = VECTOR('',#2344,1.);
#2344 = DIRECTION('',(-1.,-0.));
#2345 = ( GEOMETRIC_REPRESENTATION_CONTEXT(2) 
PARAMETRIC_REPRESENTATION_CONTEXT() REPRESENTATION_CONTEXT('2D SPACE',''
  ) );
#2346 = ORIENTED_EDGE('',*,*,#2347,.T.);
#2347 = EDGE_CURVE('',#2320,#2348,#2350,.T.);
#2348 = VERTEX_POINT('',#2349);
#2349 = CARTESIAN_POINT('',(-41.,22.517393842485,3.));
#2350 = SURFACE_CURVE('',#2351,(#2355,#2362),.PCURVE_S1.);
#2351 = LINE('',#2352,#2353);
#2352 = CARTESIAN_POINT('',(-30.50015877365,28.579480000965,3.));
#2353 = VECTOR('',#2354,1.);
#2354 = DIRECTION('',(-0.866025403784,-0.5,0.));
#2355 = PCURVE('',#72,#2356);
#2356 = DEFINITIONAL_REPRESENTATION('',(#2357),#2361);
#2357 = LINE('',#2358,#2359);
#2358 = CARTESIAN_POINT('',(-30.50015877365,28.579480000965));
#2359 = VECTOR('',#2360,1.);
#2360 = DIRECTION('',(-0.866025403784,-0.5));
#2361 = ( GEOMETRIC_REPRESENTATION_CONTEXT(2) 
PARAMETRIC_REPRESENTATION_CONTEXT() REPRESENTATION_CONTEXT('2D SPACE',''
  ) );
#2362 = PCURVE('',#2363,#2368);
#2363 = PLANE('',#2364);
#2364 = AXIS2_PLACEMENT_3D('',#2365,#2366,#2367);
#2365 = CARTESIAN_POINT('',(-41.,22.517393842485,1.2));
#2366 = DIRECTION('',(-0.5,0.866025403784,0.));
#2367 = DIRECTION('',(0.866025403784,0.5,0.));
#2368 = DEFINITIONAL_REPRESENTATION('',(#2369),#2373);
#2369 = LINE('',#2370,#2371);
#2370 = CARTESIAN_POINT('',(12.12417231696,-1.8));
#2371 = VECTOR('',#2372,1.);
#2372 = DIRECTION('',(-1.,-0.));
#2373 = ( GEOMETRIC_REPRESENTATION_CONTEXT(2) 
PARAMETRIC_REPRESENTATION_CONTEXT() REPRESENTATION_CONTEXT('2D SPACE',''
  ) );
#2374 = ORIENTED_EDGE('',*,*,#2375,.T.);
#2375 = EDGE_CURVE('',#2348,#2376,#2378,.T.);
#2376 = VERTEX_POINT('',#2377);
#2377 = CARTESIAN_POINT('',(-43.15,23.758696921242,3.));
#2378 = SURFACE_CURVE('',#2379,(#2383,#2390),.PCURVE_S1.);
#2379 = LINE('',#2380,#2381);
#2380 = CARTESIAN_POINT('',(-21.82484122634,11.446610762762,3.));
#2381 = VECTOR('',#2382,1.);
#2382 = DIRECTION('',(-0.866025403784,0.5,0.));
#2383 = PCURVE('',#72,#2384);
#2384 = DEFINITIONAL_REPRESENTATION('',(#2385),#2389);
#2385 = LINE('',#2386,#2387);
#2386 = CARTESIAN_POINT('',(-21.82484122634,11.446610762762));
#2387 = VECTOR('',#2388,1.);
#2388 = DIRECTION('',(-0.866025403784,0.5));
#2389 = ( GEOMETRIC_REPRESENTATION_CONTEXT(2) 
PARAMETRIC_REPRESENTATION_CONTEXT() REPRESENTATION_CONTEXT('2D SPACE',''
  ) );
#2390 = PCURVE('',#2391,#2396);
#2391 = PLANE('',#2392);
#2392 = AXIS2_PLACEMENT_3D('',#2393,#2394,#2395);
#2393 = CARTESIAN_POINT('',(-43.15,23.758696921242,1.2));
#2394 = DIRECTION('',(0.5,0.866025403784,0.));
#2395 = DIRECTION('',(0.866025403784,-0.5,0.));
#2396 = DEFINITIONAL_REPRESENTATION('',(#2397),#2401);
#2397 = LINE('',#2398,#2399);
#2398 = CARTESIAN_POINT('',(24.62417231696,-1.8));
#2399 = VECTOR('',#2400,1.);
#2400 = DIRECTION('',(-1.,0.));
#2401 = ( GEOMETRIC_REPRESENTATION_CONTEXT(2) 
PARAMETRIC_REPRESENTATION_CONTEXT() REPRESENTATION_CONTEXT('2D SPACE',''
  ) );
#2402 = ORIENTED_EDGE('',*,*,#2403,.T.);
#2403 = EDGE_CURVE('',#2376,#2262,#2404,.T.);
#2404 = SURFACE_CURVE('',#2405,(#2409,#2416),.PCURVE_S1.);
#2405 = LINE('',#2406,#2407);
#2406 = CARTESIAN_POINT('',(-43.15,13.120651539379,3.));
#2407 = VECTOR('',#2408,1.);
#2408 = DIRECTION('',(-1.788802498961E-16,1.,0.));
#2409 = PCURVE('',#72,#2410);
#2410 = DEFINITIONAL_REPRESENTATION('',(#2411),#2415);
#2411 = LINE('',#2412,#2413);
#2412 = CARTESIAN_POINT('',(-43.15,13.120651539379));
#2413 = VECTOR('',#2414,1.);
#2414 = DIRECTION('',(-1.788802498961E-16,1.));
#2415 = ( GEOMETRIC_REPRESENTATION_CONTEXT(2) 
PARAMETRIC_REPRESENTATION_CONTEXT() REPRESENTATION_CONTEXT('2D SPACE',''
  ) );
#2416 = PCURVE('',#2417,#2422);
#2417 = PLANE('',#2418);
#2418 = AXIS2_PLACEMENT_3D('',#2419,#2420,#2421);
#2419 = CARTESIAN_POINT('',(-43.15,26.241303078758,1.2));
#2420 = DIRECTION('',(1.,1.788802498961E-16,0.));
#2421 = DIRECTION('',(1.788802498961E-16,-1.,0.));
#2422 = DEFINITIONAL_REPRESENTATION('',(#2423),#2427);
#2423 = LINE('',#2424,#2425);
#2424 = CARTESIAN_POINT('',(13.120651539379,-1.8));
#2425 = VECTOR('',#2426,1.);
#2426 = DIRECTION('',(-1.,0.));
#2427 = ( GEOMETRIC_REPRESENTATION_CONTEXT(2) 
PARAMETRIC_REPRESENTATION_CONTEXT() REPRESENTATION_CONTEXT('2D SPACE',''
  ) );
#2428 = FACE_BOUND('',#2429,.T.);
#2429 = EDGE_LOOP('',(#2430));
#2430 = ORIENTED_EDGE('',*,*,#2431,.T.);
#2431 = EDGE_CURVE('',#2432,#2432,#2434,.T.);
#2432 = VERTEX_POINT('',#2433);
#2433 = CARTESIAN_POINT('',(-8.89,27.276075,3.));
#2434 = SURFACE_CURVE('',#2435,(#2440,#2451),.PCURVE_S1.);
#2435 = CIRCLE('',#2436,2.8);
#2436 = AXIS2_PLACEMENT_3D('',#2437,#2438,#2439);
#2437 = CARTESIAN_POINT('',(-8.89,24.476075,3.));
#2438 = DIRECTION('',(0.,1.110223024625E-16,-1.));
#2439 = DIRECTION('',(0.,1.,1.110223024625E-16));
#2440 = PCURVE('',#72,#2441);
#2441 = DEFINITIONAL_REPRESENTATION('',(#2442),#2450);
#2442 = ( BOUNDED_CURVE() B_SPLINE_CURVE(2,(#2443,#2444,#2445,#2446,
#2447,#2448,#2449),.UNSPECIFIED.,.T.,.F.) B_SPLINE_CURVE_WITH_KNOTS((1,2
    ,2,2,2,1),(-2.094395102393,0.,2.094395102393,4.188790204786,
6.28318530718,8.377580409573),.UNSPECIFIED.) CURVE() 
GEOMETRIC_REPRESENTATION_ITEM() RATIONAL_B_SPLINE_CURVE((1.,0.5,1.,0.5,
1.,0.5,1.)) REPRESENTATION_ITEM('') );
#2443 = CARTESIAN_POINT('',(-8.89,27.276075));
#2444 = CARTESIAN_POINT('',(-4.040257738807,27.276075));
#2445 = CARTESIAN_POINT('',(-6.465128869404,23.076075));
#2446 = CARTESIAN_POINT('',(-8.89,18.876075));
#2447 = CARTESIAN_POINT('',(-11.31487113059,23.076075));
#2448 = CARTESIAN_POINT('',(-13.73974226119,27.276075));
#2449 = CARTESIAN_POINT('',(-8.89,27.276075));
#2450 = ( GEOMETRIC_REPRESENTATION_CONTEXT(2) 
PARAMETRIC_REPRESENTATION_CONTEXT() REPRESENTATION_CONTEXT('2D SPACE',''
  ) );
#2451 = PCURVE('',#2452,#2457);
#2452 = CYLINDRICAL_SURFACE('',#2453,2.8);
#2453 = AXIS2_PLACEMENT_3D('',#2454,#2455,#2456);
#2454 = CARTESIAN_POINT('',(-8.89,24.476075,15.));
#2455 = DIRECTION('',(0.,1.110223024625E-16,-1.));
#2456 = DIRECTION('',(0.,1.,1.110223024625E-16));
#2457 = DEFINITIONAL_REPRESENTATION('',(#2458),#2462);
#2458 = LINE('',#2459,#2460);
#2459 = CARTESIAN_POINT('',(0.,12.));
#2460 = VECTOR('',#2461,1.);
#2461 = DIRECTION('',(1.,0.));
#2462 = ( GEOMETRIC_REPRESENTATION_CONTEXT(2) 
PARAMETRIC_REPRESENTATION_CONTEXT() REPRESENTATION_CONTEXT('2D SPACE',''
  ) );
#2463 = FACE_BOUND('',#2464,.T.);
#2464 = EDGE_LOOP('',(#2465,#2500,#2523,#2556,#2584,#2607,#2630,#2653,
    #2676,#2699,#2722,#2745,#2768,#2791,#2824,#2852,#2875,#2908,#2936,
    #2959,#2982,#3005,#3028,#3051,#3074,#3097,#3120,#3143));
#2465 = ORIENTED_EDGE('',*,*,#2466,.T.);
#2466 = EDGE_CURVE('',#2467,#2469,#2471,.T.);
#2467 = VERTEX_POINT('',#2468);
#2468 = CARTESIAN_POINT('',(40.,-29.5,3.));
#2469 = VERTEX_POINT('',#2470);
#2470 = CARTESIAN_POINT('',(34.87652461702,-37.,3.));
#2471 = SURFACE_CURVE('',#2472,(#2477,#2488),.PCURVE_S1.);
#2472 = CIRCLE('',#2473,5.5);
#2473 = AXIS2_PLACEMENT_3D('',#2474,#2475,#2476);
#2474 = CARTESIAN_POINT('',(40.,-35.,3.));
#2475 = DIRECTION('',(0.,1.110223024625E-16,-1.));
#2476 = DIRECTION('',(0.,1.,1.110223024625E-16));
#2477 = PCURVE('',#72,#2478);
#2478 = DEFINITIONAL_REPRESENTATION('',(#2479),#2487);
#2479 = ( BOUNDED_CURVE() B_SPLINE_CURVE(2,(#2480,#2481,#2482,#2483,
#2484,#2485,#2486),.UNSPECIFIED.,.T.,.F.) B_SPLINE_CURVE_WITH_KNOTS((1,2
    ,2,2,2,1),(-2.094395102393,0.,2.094395102393,4.188790204786,
6.28318530718,8.377580409573),.UNSPECIFIED.) CURVE() 
GEOMETRIC_REPRESENTATION_ITEM() RATIONAL_B_SPLINE_CURVE((1.,0.5,1.,0.5,
1.,0.5,1.)) REPRESENTATION_ITEM('') );
#2480 = CARTESIAN_POINT('',(40.,-29.5));
#2481 = CARTESIAN_POINT('',(49.526279441629,-29.5));
#2482 = CARTESIAN_POINT('',(44.763139720814,-37.75));
#2483 = CARTESIAN_POINT('',(40.,-46.));
#2484 = CARTESIAN_POINT('',(35.236860279186,-37.75));
#2485 = CARTESIAN_POINT('',(30.473720558371,-29.5));
#2486 = CARTESIAN_POINT('',(40.,-29.5));
#2487 = ( GEOMETRIC_REPRESENTATION_CONTEXT(2) 
PARAMETRIC_REPRESENTATION_CONTEXT() REPRESENTATION_CONTEXT('2D SPACE',''
  ) );
#2488 = PCURVE('',#2489,#2494);
#2489 = CYLINDRICAL_SURFACE('',#2490,5.5);
#2490 = AXIS2_PLACEMENT_3D('',#2491,#2492,#2493);
#2491 = CARTESIAN_POINT('',(40.,-35.,28.9));
#2492 = DIRECTION('',(0.,1.110223024625E-16,-1.));
#2493 = DIRECTION('',(0.,1.,1.110223024625E-16));
#2494 = DEFINITIONAL_REPRESENTATION('',(#2495),#2499);
#2495 = LINE('',#2496,#2497);
#2496 = CARTESIAN_POINT('',(0.,25.9));
#2497 = VECTOR('',#2498,1.);
#2498 = DIRECTION('',(1.,0.));
#2499 = ( GEOMETRIC_REPRESENTATION_CONTEXT(2) 
PARAMETRIC_REPRESENTATION_CONTEXT() REPRESENTATION_CONTEXT('2D SPACE',''
  ) );
#2500 = ORIENTED_EDGE('',*,*,#2501,.T.);
#2501 = EDGE_CURVE('',#2469,#2502,#2504,.T.);
#2502 = VERTEX_POINT('',#2503);
#2503 = CARTESIAN_POINT('',(-34.87652461702,-37.,3.));
#2504 = SURFACE_CURVE('',#2505,(#2509,#2516),.PCURVE_S1.);
#2505 = LINE('',#2506,#2507);
#2506 = CARTESIAN_POINT('',(-17.5,-37.,3.));
#2507 = VECTOR('',#2508,1.);
#2508 = DIRECTION('',(-1.,0.,0.));
#2509 = PCURVE('',#72,#2510);
#2510 = DEFINITIONAL_REPRESENTATION('',(#2511),#2515);
#2511 = LINE('',#2512,#2513);
#2512 = CARTESIAN_POINT('',(-17.5,-37.));
#2513 = VECTOR('',#2514,1.);
#2514 = DIRECTION('',(-1.,0.));
#2515 = ( GEOMETRIC_REPRESENTATION_CONTEXT(2) 
PARAMETRIC_REPRESENTATION_CONTEXT() REPRESENTATION_CONTEXT('2D SPACE',''
  ) );
#2516 = PCURVE('',#1030,#2517);
#2517 = DEFINITIONAL_REPRESENTATION('',(#2518),#2522);
#2518 = LINE('',#2519,#2520);
#2519 = CARTESIAN_POINT('',(17.5,3.));
#2520 = VECTOR('',#2521,1.);
#2521 = DIRECTION('',(-1.,0.));
#2522 = ( GEOMETRIC_REPRESENTATION_CONTEXT(2) 
PARAMETRIC_REPRESENTATION_CONTEXT() REPRESENTATION_CONTEXT('2D SPACE',''
  ) );
#2523 = ORIENTED_EDGE('',*,*,#2524,.T.);
#2524 = EDGE_CURVE('',#2502,#2525,#2527,.T.);
#2525 = VERTEX_POINT('',#2526);
#2526 = CARTESIAN_POINT('',(-40.,-29.5,3.));
#2527 = SURFACE_CURVE('',#2528,(#2533,#2544),.PCURVE_S1.);
#2528 = CIRCLE('',#2529,5.5);
#2529 = AXIS2_PLACEMENT_3D('',#2530,#2531,#2532);
#2530 = CARTESIAN_POINT('',(-40.,-35.,3.));
#2531 = DIRECTION('',(0.,1.110223024625E-16,-1.));
#2532 = DIRECTION('',(0.,1.,1.110223024625E-16));
#2533 = PCURVE('',#72,#2534);
#2534 = DEFINITIONAL_REPRESENTATION('',(#2535),#2543);
#2535 = ( BOUNDED_CURVE() B_SPLINE_CURVE(2,(#2536,#2537,#2538,#2539,
#2540,#2541,#2542),.UNSPECIFIED.,.T.,.F.) B_SPLINE_CURVE_WITH_KNOTS((1,2
    ,2,2,2,1),(-2.094395102393,0.,2.094395102393,4.188790204786,
6.28318530718,8.377580409573),.UNSPECIFIED.) CURVE() 
GEOMETRIC_REPRESENTATION_ITEM() RATIONAL_B_SPLINE_CURVE((1.,0.5,1.,0.5,
1.,0.5,1.)) REPRESENTATION_ITEM('') );
#2536 = CARTESIAN_POINT('',(-40.,-29.5));
#2537 = CARTESIAN_POINT('',(-30.47372055837,-29.5));
#2538 = CARTESIAN_POINT('',(-35.23686027918,-37.75));
#2539 = CARTESIAN_POINT('',(-40.,-46.));
#2540 = CARTESIAN_POINT('',(-44.76313972081,-37.75));
#2541 = CARTESIAN_POINT('',(-49.52627944162,-29.5));
#2542 = CARTESIAN_POINT('',(-40.,-29.5));
#2543 = ( GEOMETRIC_REPRESENTATION_CONTEXT(2) 
PARAMETRIC_REPRESENTATION_CONTEXT() REPRESENTATION_CONTEXT('2D SPACE',''
  ) );
#2544 = PCURVE('',#2545,#2550);
#2545 = CYLINDRICAL_SURFACE('',#2546,5.5);
#2546 = AXIS2_PLACEMENT_3D('',#2547,#2548,#2549);
#2547 = CARTESIAN_POINT('',(-40.,-35.,28.9));
#2548 = DIRECTION('',(0.,1.110223024625E-16,-1.));
#2549 = DIRECTION('',(0.,1.,1.110223024625E-16));
#2550 = DEFINITIONAL_REPRESENTATION('',(#2551),#2555);
#2551 = LINE('',#2552,#2553);
#2552 = CARTESIAN_POINT('',(0.,25.9));
#2553 = VECTOR('',#2554,1.);
#2554 = DIRECTION('',(1.,0.));
#2555 = ( GEOMETRIC_REPRESENTATION_CONTEXT(2) 
PARAMETRIC_REPRESENTATION_CONTEXT() REPRESENTATION_CONTEXT('2D SPACE',''
  ) );
#2556 = ORIENTED_EDGE('',*,*,#2557,.T.);
#2557 = EDGE_CURVE('',#2525,#2558,#2560,.T.);
#2558 = VERTEX_POINT('',#2559);
#2559 = CARTESIAN_POINT('',(-35.,-32.70871215252,3.));
#2560 = SURFACE_CURVE('',#2561,(#2566,#2577),.PCURVE_S1.);
#2561 = CIRCLE('',#2562,5.5);
#2562 = AXIS2_PLACEMENT_3D('',#2563,#2564,#2565);
#2563 = CARTESIAN_POINT('',(-40.,-35.,3.));
#2564 = DIRECTION('',(0.,1.110223024625E-16,-1.));
#2565 = DIRECTION('',(0.,1.,1.110223024625E-16));
#2566 = PCURVE('',#72,#2567);
#2567 = DEFINITIONAL_REPRESENTATION('',(#2568),#2576);
#2568 = ( BOUNDED_CURVE() B_SPLINE_CURVE(2,(#2569,#2570,#2571,#2572,
#2573,#2574,#2575),.UNSPECIFIED.,.T.,.F.) B_SPLINE_CURVE_WITH_KNOTS((1,2
    ,2,2,2,1),(-2.094395102393,0.,2.094395102393,4.188790204786,
6.28318530718,8.377580409573),.UNSPECIFIED.) CURVE() 
GEOMETRIC_REPRESENTATION_ITEM() RATIONAL_B_SPLINE_CURVE((1.,0.5,1.,0.5,
1.,0.5,1.)) REPRESENTATION_ITEM('') );
#2569 = CARTESIAN_POINT('',(-40.,-29.5));
#2570 = CARTESIAN_POINT('',(-30.47372055837,-29.5));
#2571 = CARTESIAN_POINT('',(-35.23686027918,-37.75));
#2572 = CARTESIAN_POINT('',(-40.,-46.));
#2573 = CARTESIAN_POINT('',(-44.76313972081,-37.75));
#2574 = CARTESIAN_POINT('',(-49.52627944162,-29.5));
#2575 = CARTESIAN_POINT('',(-40.,-29.5));
#2576 = ( GEOMETRIC_REPRESENTATION_CONTEXT(2) 
PARAMETRIC_REPRESENTATION_CONTEXT() REPRESENTATION_CONTEXT('2D SPACE',''
  ) );
#2577 = PCURVE('',#2545,#2578);
#2578 = DEFINITIONAL_REPRESENTATION('',(#2579),#2583);
#2579 = LINE('',#2580,#2581);
#2580 = CARTESIAN_POINT('',(0.,25.9));
#2581 = VECTOR('',#2582,1.);
#2582 = DIRECTION('',(1.,0.));
#2583 = ( GEOMETRIC_REPRESENTATION_CONTEXT(2) 
PARAMETRIC_REPRESENTATION_CONTEXT() REPRESENTATION_CONTEXT('2D SPACE',''
  ) );
#2584 = ORIENTED_EDGE('',*,*,#2585,.T.);
#2585 = EDGE_CURVE('',#2558,#2586,#2588,.T.);
#2586 = VERTEX_POINT('',#2587);
#2587 = CARTESIAN_POINT('',(-35.,-24.743925,3.));
#2588 = SURFACE_CURVE('',#2589,(#2593,#2600),.PCURVE_S1.);
#2589 = LINE('',#2590,#2591);
#2590 = CARTESIAN_POINT('',(-35.,-18.5,3.));
#2591 = VECTOR('',#2592,1.);
#2592 = DIRECTION('',(0.,1.,0.));
#2593 = PCURVE('',#72,#2594);
#2594 = DEFINITIONAL_REPRESENTATION('',(#2595),#2599);
#2595 = LINE('',#2596,#2597);
#2596 = CARTESIAN_POINT('',(-35.,-18.5));
#2597 = VECTOR('',#2598,1.);
#2598 = DIRECTION('',(0.,1.));
#2599 = ( GEOMETRIC_REPRESENTATION_CONTEXT(2) 
PARAMETRIC_REPRESENTATION_CONTEXT() REPRESENTATION_CONTEXT('2D SPACE',''
  ) );
#2600 = PCURVE('',#1058,#2601);
#2601 = DEFINITIONAL_REPRESENTATION('',(#2602),#2606);
#2602 = LINE('',#2603,#2604);
#2603 = CARTESIAN_POINT('',(18.5,-3.));
#2604 = VECTOR('',#2605,1.);
#2605 = DIRECTION('',(1.,-1.110223024625E-16));
#2606 = ( GEOMETRIC_REPRESENTATION_CONTEXT(2) 
PARAMETRIC_REPRESENTATION_CONTEXT() REPRESENTATION_CONTEXT('2D SPACE',''
  ) );
#2607 = ORIENTED_EDGE('',*,*,#2608,.T.);
#2608 = EDGE_CURVE('',#2586,#2609,#2611,.T.);
#2609 = VERTEX_POINT('',#2610);
#2610 = CARTESIAN_POINT('',(-5.,-24.743925,3.));
#2611 = SURFACE_CURVE('',#2612,(#2616,#2623),.PCURVE_S1.);
#2612 = LINE('',#2613,#2614);
#2613 = CARTESIAN_POINT('',(-43.,-24.743925,3.));
#2614 = VECTOR('',#2615,1.);
#2615 = DIRECTION('',(1.,0.,0.));
#2616 = PCURVE('',#72,#2617);
#2617 = DEFINITIONAL_REPRESENTATION('',(#2618),#2622);
#2618 = LINE('',#2619,#2620);
#2619 = CARTESIAN_POINT('',(-43.,-24.743925));
#2620 = VECTOR('',#2621,1.);
#2621 = DIRECTION('',(1.,0.));
#2622 = ( GEOMETRIC_REPRESENTATION_CONTEXT(2) 
PARAMETRIC_REPRESENTATION_CONTEXT() REPRESENTATION_CONTEXT('2D SPACE',''
  ) );
#2623 = PCURVE('',#1086,#2624);
#2624 = DEFINITIONAL_REPRESENTATION('',(#2625),#2629);
#2625 = LINE('',#2626,#2627);
#2626 = CARTESIAN_POINT('',(0.,0.));
#2627 = VECTOR('',#2628,1.);
#2628 = DIRECTION('',(1.,0.));
#2629 = ( GEOMETRIC_REPRESENTATION_CONTEXT(2) 
PARAMETRIC_REPRESENTATION_CONTEXT() REPRESENTATION_CONTEXT('2D SPACE',''
  ) );
#2630 = ORIENTED_EDGE('',*,*,#2631,.T.);
#2631 = EDGE_CURVE('',#2609,#2632,#2634,.T.);
#2632 = VERTEX_POINT('',#2633);
#2633 = CARTESIAN_POINT('',(-5.,-17.743925,3.));
#2634 = SURFACE_CURVE('',#2635,(#2639,#2646),.PCURVE_S1.);
#2635 = LINE('',#2636,#2637);
#2636 = CARTESIAN_POINT('',(-5.,-24.743925,3.));
#2637 = VECTOR('',#2638,1.);
#2638 = DIRECTION('',(0.,1.,1.110223024625E-16));
#2639 = PCURVE('',#72,#2640);
#2640 = DEFINITIONAL_REPRESENTATION('',(#2641),#2645);
#2641 = LINE('',#2642,#2643);
#2642 = CARTESIAN_POINT('',(-5.,-24.743925));
#2643 = VECTOR('',#2644,1.);
#2644 = DIRECTION('',(0.,1.));
#2645 = ( GEOMETRIC_REPRESENTATION_CONTEXT(2) 
PARAMETRIC_REPRESENTATION_CONTEXT() REPRESENTATION_CONTEXT('2D SPACE',''
  ) );
#2646 = PCURVE('',#1114,#2647);
#2647 = DEFINITIONAL_REPRESENTATION('',(#2648),#2652);
#2648 = LINE('',#2649,#2650);
#2649 = CARTESIAN_POINT('',(0.,0.));
#2650 = VECTOR('',#2651,1.);
#2651 = DIRECTION('',(1.,0.));
#2652 = ( GEOMETRIC_REPRESENTATION_CONTEXT(2) 
PARAMETRIC_REPRESENTATION_CONTEXT() REPRESENTATION_CONTEXT('2D SPACE',''
  ) );
#2653 = ORIENTED_EDGE('',*,*,#2654,.F.);
#2654 = EDGE_CURVE('',#2655,#2632,#2657,.T.);
#2655 = VERTEX_POINT('',#2656);
#2656 = CARTESIAN_POINT('',(-35.,-17.743925,3.));
#2657 = SURFACE_CURVE('',#2658,(#2662,#2669),.PCURVE_S1.);
#2658 = LINE('',#2659,#2660);
#2659 = CARTESIAN_POINT('',(-43.,-17.743925,3.));
#2660 = VECTOR('',#2661,1.);
#2661 = DIRECTION('',(1.,0.,0.));
#2662 = PCURVE('',#72,#2663);
#2663 = DEFINITIONAL_REPRESENTATION('',(#2664),#2668);
#2664 = LINE('',#2665,#2666);
#2665 = CARTESIAN_POINT('',(-43.,-17.743925));
#2666 = VECTOR('',#2667,1.);
#2667 = DIRECTION('',(1.,0.));
#2668 = ( GEOMETRIC_REPRESENTATION_CONTEXT(2) 
PARAMETRIC_REPRESENTATION_CONTEXT() REPRESENTATION_CONTEXT('2D SPACE',''
  ) );
#2669 = PCURVE('',#1142,#2670);
#2670 = DEFINITIONAL_REPRESENTATION('',(#2671),#2675);
#2671 = LINE('',#2672,#2673);
#2672 = CARTESIAN_POINT('',(0.,0.));
#2673 = VECTOR('',#2674,1.);
#2674 = DIRECTION('',(1.,0.));
#2675 = ( GEOMETRIC_REPRESENTATION_CONTEXT(2) 
PARAMETRIC_REPRESENTATION_CONTEXT() REPRESENTATION_CONTEXT('2D SPACE',''
  ) );
#2676 = ORIENTED_EDGE('',*,*,#2677,.T.);
#2677 = EDGE_CURVE('',#2655,#2678,#2680,.T.);
#2678 = VERTEX_POINT('',#2679);
#2679 = CARTESIAN_POINT('',(-35.,20.976075,3.));
#2680 = SURFACE_CURVE('',#2681,(#2685,#2692),.PCURVE_S1.);
#2681 = LINE('',#2682,#2683);
#2682 = CARTESIAN_POINT('',(-35.,-18.5,3.));
#2683 = VECTOR('',#2684,1.);
#2684 = DIRECTION('',(0.,1.,0.));
#2685 = PCURVE('',#72,#2686);
#2686 = DEFINITIONAL_REPRESENTATION('',(#2687),#2691);
#2687 = LINE('',#2688,#2689);
#2688 = CARTESIAN_POINT('',(-35.,-18.5));
#2689 = VECTOR('',#2690,1.);
#2690 = DIRECTION('',(0.,1.));
#2691 = ( GEOMETRIC_REPRESENTATION_CONTEXT(2) 
PARAMETRIC_REPRESENTATION_CONTEXT() REPRESENTATION_CONTEXT('2D SPACE',''
  ) );
#2692 = PCURVE('',#1170,#2693);
#2693 = DEFINITIONAL_REPRESENTATION('',(#2694),#2698);
#2694 = LINE('',#2695,#2696);
#2695 = CARTESIAN_POINT('',(18.5,-3.));
#2696 = VECTOR('',#2697,1.);
#2697 = DIRECTION('',(1.,-1.110223024625E-16));
#2698 = ( GEOMETRIC_REPRESENTATION_CONTEXT(2) 
PARAMETRIC_REPRESENTATION_CONTEXT() REPRESENTATION_CONTEXT('2D SPACE',''
  ) );
#2699 = ORIENTED_EDGE('',*,*,#2700,.T.);
#2700 = EDGE_CURVE('',#2678,#2701,#2703,.T.);
#2701 = VERTEX_POINT('',#2702);
#2702 = CARTESIAN_POINT('',(-5.,20.976075,3.));
#2703 = SURFACE_CURVE('',#2704,(#2708,#2715),.PCURVE_S1.);
#2704 = LINE('',#2705,#2706);
#2705 = CARTESIAN_POINT('',(-43.,20.976075,3.));
#2706 = VECTOR('',#2707,1.);
#2707 = DIRECTION('',(1.,0.,0.));
#2708 = PCURVE('',#72,#2709);
#2709 = DEFINITIONAL_REPRESENTATION('',(#2710),#2714);
#2710 = LINE('',#2711,#2712);
#2711 = CARTESIAN_POINT('',(-43.,20.976075));
#2712 = VECTOR('',#2713,1.);
#2713 = DIRECTION('',(1.,0.));
#2714 = ( GEOMETRIC_REPRESENTATION_CONTEXT(2) 
PARAMETRIC_REPRESENTATION_CONTEXT() REPRESENTATION_CONTEXT('2D SPACE',''
  ) );
#2715 = PCURVE('',#1198,#2716);
#2716 = DEFINITIONAL_REPRESENTATION('',(#2717),#2721);
#2717 = LINE('',#2718,#2719);
#2718 = CARTESIAN_POINT('',(0.,0.));
#2719 = VECTOR('',#2720,1.);
#2720 = DIRECTION('',(1.,0.));
#2721 = ( GEOMETRIC_REPRESENTATION_CONTEXT(2) 
PARAMETRIC_REPRESENTATION_CONTEXT() REPRESENTATION_CONTEXT('2D SPACE',''
  ) );
#2722 = ORIENTED_EDGE('',*,*,#2723,.T.);
#2723 = EDGE_CURVE('',#2701,#2724,#2726,.T.);
#2724 = VERTEX_POINT('',#2725);
#2725 = CARTESIAN_POINT('',(-5.,27.976075,3.));
#2726 = SURFACE_CURVE('',#2727,(#2731,#2738),.PCURVE_S1.);
#2727 = LINE('',#2728,#2729);
#2728 = CARTESIAN_POINT('',(-5.,20.976075,3.));
#2729 = VECTOR('',#2730,1.);
#2730 = DIRECTION('',(0.,1.,1.110223024625E-16));
#2731 = PCURVE('',#72,#2732);
#2732 = DEFINITIONAL_REPRESENTATION('',(#2733),#2737);
#2733 = LINE('',#2734,#2735);
#2734 = CARTESIAN_POINT('',(-5.,20.976075));
#2735 = VECTOR('',#2736,1.);
#2736 = DIRECTION('',(0.,1.));
#2737 = ( GEOMETRIC_REPRESENTATION_CONTEXT(2) 
PARAMETRIC_REPRESENTATION_CONTEXT() REPRESENTATION_CONTEXT('2D SPACE',''
  ) );
#2738 = PCURVE('',#1226,#2739);
#2739 = DEFINITIONAL_REPRESENTATION('',(#2740),#2744);
#2740 = LINE('',#2741,#2742);
#2741 = CARTESIAN_POINT('',(0.,0.));
#2742 = VECTOR('',#2743,1.);
#2743 = DIRECTION('',(1.,0.));
#2744 = ( GEOMETRIC_REPRESENTATION_CONTEXT(2) 
PARAMETRIC_REPRESENTATION_CONTEXT() REPRESENTATION_CONTEXT('2D SPACE',''
  ) );
#2745 = ORIENTED_EDGE('',*,*,#2746,.F.);
#2746 = EDGE_CURVE('',#2747,#2724,#2749,.T.);
#2747 = VERTEX_POINT('',#2748);
#2748 = CARTESIAN_POINT('',(-35.,27.976075,3.));
#2749 = SURFACE_CURVE('',#2750,(#2754,#2761),.PCURVE_S1.);
#2750 = LINE('',#2751,#2752);
#2751 = CARTESIAN_POINT('',(-43.,27.976075,3.));
#2752 = VECTOR('',#2753,1.);
#2753 = DIRECTION('',(1.,0.,0.));
#2754 = PCURVE('',#72,#2755);
#2755 = DEFINITIONAL_REPRESENTATION('',(#2756),#2760);
#2756 = LINE('',#2757,#2758);
#2757 = CARTESIAN_POINT('',(-43.,27.976075));
#2758 = VECTOR('',#2759,1.);
#2759 = DIRECTION('',(1.,0.));
#2760 = ( GEOMETRIC_REPRESENTATION_CONTEXT(2) 
PARAMETRIC_REPRESENTATION_CONTEXT() REPRESENTATION_CONTEXT('2D SPACE',''
  ) );
#2761 = PCURVE('',#1254,#2762);
#2762 = DEFINITIONAL_REPRESENTATION('',(#2763),#2767);
#2763 = LINE('',#2764,#2765);
#2764 = CARTESIAN_POINT('',(0.,0.));
#2765 = VECTOR('',#2766,1.);
#2766 = DIRECTION('',(1.,0.));
#2767 = ( GEOMETRIC_REPRESENTATION_CONTEXT(2) 
PARAMETRIC_REPRESENTATION_CONTEXT() REPRESENTATION_CONTEXT('2D SPACE',''
  ) );
#2768 = ORIENTED_EDGE('',*,*,#2769,.T.);
#2769 = EDGE_CURVE('',#2747,#2770,#2772,.T.);
#2770 = VERTEX_POINT('',#2771);
#2771 = CARTESIAN_POINT('',(-35.,32.708712152522,3.));
#2772 = SURFACE_CURVE('',#2773,(#2777,#2784),.PCURVE_S1.);
#2773 = LINE('',#2774,#2775);
#2774 = CARTESIAN_POINT('',(-35.,-18.5,3.));
#2775 = VECTOR('',#2776,1.);
#2776 = DIRECTION('',(0.,1.,0.));
#2777 = PCURVE('',#72,#2778);
#2778 = DEFINITIONAL_REPRESENTATION('',(#2779),#2783);
#2779 = LINE('',#2780,#2781);
#2780 = CARTESIAN_POINT('',(-35.,-18.5));
#2781 = VECTOR('',#2782,1.);
#2782 = DIRECTION('',(0.,1.));
#2783 = ( GEOMETRIC_REPRESENTATION_CONTEXT(2) 
PARAMETRIC_REPRESENTATION_CONTEXT() REPRESENTATION_CONTEXT('2D SPACE',''
  ) );
#2784 = PCURVE('',#1282,#2785);
#2785 = DEFINITIONAL_REPRESENTATION('',(#2786),#2790);
#2786 = LINE('',#2787,#2788);
#2787 = CARTESIAN_POINT('',(18.5,-3.));
#2788 = VECTOR('',#2789,1.);
#2789 = DIRECTION('',(1.,-1.110223024625E-16));
#2790 = ( GEOMETRIC_REPRESENTATION_CONTEXT(2) 
PARAMETRIC_REPRESENTATION_CONTEXT() REPRESENTATION_CONTEXT('2D SPACE',''
  ) );
#2791 = ORIENTED_EDGE('',*,*,#2792,.T.);
#2792 = EDGE_CURVE('',#2770,#2793,#2795,.T.);
#2793 = VERTEX_POINT('',#2794);
#2794 = CARTESIAN_POINT('',(-40.,40.5,3.));
#2795 = SURFACE_CURVE('',#2796,(#2801,#2812),.PCURVE_S1.);
#2796 = CIRCLE('',#2797,5.5);
#2797 = AXIS2_PLACEMENT_3D('',#2798,#2799,#2800);
#2798 = CARTESIAN_POINT('',(-40.,35.,3.));
#2799 = DIRECTION('',(0.,1.110223024625E-16,-1.));
#2800 = DIRECTION('',(0.,1.,1.110223024625E-16));
#2801 = PCURVE('',#72,#2802);
#2802 = DEFINITIONAL_REPRESENTATION('',(#2803),#2811);
#2803 = ( BOUNDED_CURVE() B_SPLINE_CURVE(2,(#2804,#2805,#2806,#2807,
#2808,#2809,#2810),.UNSPECIFIED.,.T.,.F.) B_SPLINE_CURVE_WITH_KNOTS((1,2
    ,2,2,2,1),(-2.094395102393,0.,2.094395102393,4.188790204786,
6.28318530718,8.377580409573),.UNSPECIFIED.) CURVE() 
GEOMETRIC_REPRESENTATION_ITEM() RATIONAL_B_SPLINE_CURVE((1.,0.5,1.,0.5,
1.,0.5,1.)) REPRESENTATION_ITEM('') );
#2804 = CARTESIAN_POINT('',(-40.,40.5));
#2805 = CARTESIAN_POINT('',(-30.47372055837,40.5));
#2806 = CARTESIAN_POINT('',(-35.23686027918,32.25));
#2807 = CARTESIAN_POINT('',(-40.,24.));
#2808 = CARTESIAN_POINT('',(-44.76313972081,32.25));
#2809 = CARTESIAN_POINT('',(-49.52627944162,40.5));
#2810 = CARTESIAN_POINT('',(-40.,40.5));
#2811 = ( GEOMETRIC_REPRESENTATION_CONTEXT(2) 
PARAMETRIC_REPRESENTATION_CONTEXT() REPRESENTATION_CONTEXT('2D SPACE',''
  ) );
#2812 = PCURVE('',#2813,#2818);
#2813 = CYLINDRICAL_SURFACE('',#2814,5.5);
#2814 = AXIS2_PLACEMENT_3D('',#2815,#2816,#2817);
#2815 = CARTESIAN_POINT('',(-40.,35.,28.9));
#2816 = DIRECTION('',(0.,1.110223024625E-16,-1.));
#2817 = DIRECTION('',(0.,1.,1.110223024625E-16));
#2818 = DEFINITIONAL_REPRESENTATION('',(#2819),#2823);
#2819 = LINE('',#2820,#2821);
#2820 = CARTESIAN_POINT('',(0.,25.9));
#2821 = VECTOR('',#2822,1.);
#2822 = DIRECTION('',(1.,0.));
#2823 = ( GEOMETRIC_REPRESENTATION_CONTEXT(2) 
PARAMETRIC_REPRESENTATION_CONTEXT() REPRESENTATION_CONTEXT('2D SPACE',''
  ) );
#2824 = ORIENTED_EDGE('',*,*,#2825,.T.);
#2825 = EDGE_CURVE('',#2793,#2826,#2828,.T.);
#2826 = VERTEX_POINT('',#2827);
#2827 = CARTESIAN_POINT('',(-34.87652461702,37.,3.));
#2828 = SURFACE_CURVE('',#2829,(#2834,#2845),.PCURVE_S1.);
#2829 = CIRCLE('',#2830,5.5);
#2830 = AXIS2_PLACEMENT_3D('',#2831,#2832,#2833);
#2831 = CARTESIAN_POINT('',(-40.,35.,3.));
#2832 = DIRECTION('',(0.,1.110223024625E-16,-1.));
#2833 = DIRECTION('',(0.,1.,1.110223024625E-16));
#2834 = PCURVE('',#72,#2835);
#2835 = DEFINITIONAL_REPRESENTATION('',(#2836),#2844);
#2836 = ( BOUNDED_CURVE() B_SPLINE_CURVE(2,(#2837,#2838,#2839,#2840,
#2841,#2842,#2843),.UNSPECIFIED.,.T.,.F.) B_SPLINE_CURVE_WITH_KNOTS((1,2
    ,2,2,2,1),(-2.094395102393,0.,2.094395102393,4.188790204786,
6.28318530718,8.377580409573),.UNSPECIFIED.) CURVE() 
GEOMETRIC_REPRESENTATION_ITEM() RATIONAL_B_SPLINE_CURVE((1.,0.5,1.,0.5,
1.,0.5,1.)) REPRESENTATION_ITEM('') );
#2837 = CARTESIAN_POINT('',(-40.,40.5));
#2838 = CARTESIAN_POINT('',(-30.47372055837,40.5));
#2839 = CARTESIAN_POINT('',(-35.23686027918,32.25));
#2840 = CARTESIAN_POINT('',(-40.,24.));
#2841 = CARTESIAN_POINT('',(-44.76313972081,32.25));
#2842 = CARTESIAN_POINT('',(-49.52627944162,40.5));
#2843 = CARTESIAN_POINT('',(-40.,40.5));
#2844 = ( GEOMETRIC_REPRESENTATION_CONTEXT(2) 
PARAMETRIC_REPRESENTATION_CONTEXT() REPRESENTATION_CONTEXT('2D SPACE',''
  ) );
#2845 = PCURVE('',#2813,#2846);
#2846 = DEFINITIONAL_REPRESENTATION('',(#2847),#2851);
#2847 = LINE('',#2848,#2849);
#2848 = CARTESIAN_POINT('',(0.,25.9));
#2849 = VECTOR('',#2850,1.);
#2850 = DIRECTION('',(1.,0.));
#2851 = ( GEOMETRIC_REPRESENTATION_CONTEXT(2) 
PARAMETRIC_REPRESENTATION_CONTEXT() REPRESENTATION_CONTEXT('2D SPACE',''
  ) );
#2852 = ORIENTED_EDGE('',*,*,#2853,.F.);
#2853 = EDGE_CURVE('',#2854,#2826,#2856,.T.);
#2854 = VERTEX_POINT('',#2855);
#2855 = CARTESIAN_POINT('',(34.87652461702,37.,3.));
#2856 = SURFACE_CURVE('',#2857,(#2861,#2868),.PCURVE_S1.);
#2857 = LINE('',#2858,#2859);
#2858 = CARTESIAN_POINT('',(-17.5,37.,3.));
#2859 = VECTOR('',#2860,1.);
#2860 = DIRECTION('',(-1.,0.,0.));
#2861 = PCURVE('',#72,#2862);
#2862 = DEFINITIONAL_REPRESENTATION('',(#2863),#2867);
#2863 = LINE('',#2864,#2865);
#2864 = CARTESIAN_POINT('',(-17.5,37.));
#2865 = VECTOR('',#2866,1.);
#2866 = DIRECTION('',(-1.,0.));
#2867 = ( GEOMETRIC_REPRESENTATION_CONTEXT(2) 
PARAMETRIC_REPRESENTATION_CONTEXT() REPRESENTATION_CONTEXT('2D SPACE',''
  ) );
#2868 = PCURVE('',#1310,#2869);
#2869 = DEFINITIONAL_REPRESENTATION('',(#2870),#2874);
#2870 = LINE('',#2871,#2872);
#2871 = CARTESIAN_POINT('',(17.5,3.));
#2872 = VECTOR('',#2873,1.);
#2873 = DIRECTION('',(-1.,0.));
#2874 = ( GEOMETRIC_REPRESENTATION_CONTEXT(2) 
PARAMETRIC_REPRESENTATION_CONTEXT() REPRESENTATION_CONTEXT('2D SPACE',''
  ) );
#2875 = ORIENTED_EDGE('',*,*,#2876,.T.);
#2876 = EDGE_CURVE('',#2854,#2877,#2879,.T.);
#2877 = VERTEX_POINT('',#2878);
#2878 = CARTESIAN_POINT('',(40.,40.5,3.));
#2879 = SURFACE_CURVE('',#2880,(#2885,#2896),.PCURVE_S1.);
#2880 = CIRCLE('',#2881,5.5);
#2881 = AXIS2_PLACEMENT_3D('',#2882,#2883,#2884);
#2882 = CARTESIAN_POINT('',(40.,35.,3.));
#2883 = DIRECTION('',(0.,1.110223024625E-16,-1.));
#2884 = DIRECTION('',(0.,1.,1.110223024625E-16));
#2885 = PCURVE('',#72,#2886);
#2886 = DEFINITIONAL_REPRESENTATION('',(#2887),#2895);
#2887 = ( BOUNDED_CURVE() B_SPLINE_CURVE(2,(#2888,#2889,#2890,#2891,
#2892,#2893,#2894),.UNSPECIFIED.,.T.,.F.) B_SPLINE_CURVE_WITH_KNOTS((1,2
    ,2,2,2,1),(-2.094395102393,0.,2.094395102393,4.188790204786,
6.28318530718,8.377580409573),.UNSPECIFIED.) CURVE() 
GEOMETRIC_REPRESENTATION_ITEM() RATIONAL_B_SPLINE_CURVE((1.,0.5,1.,0.5,
1.,0.5,1.)) REPRESENTATION_ITEM('') );
#2888 = CARTESIAN_POINT('',(40.,40.5));
#2889 = CARTESIAN_POINT('',(49.526279441629,40.5));
#2890 = CARTESIAN_POINT('',(44.763139720814,32.25));
#2891 = CARTESIAN_POINT('',(40.,24.));
#2892 = CARTESIAN_POINT('',(35.236860279186,32.25));
#2893 = CARTESIAN_POINT('',(30.473720558371,40.5));
#2894 = CARTESIAN_POINT('',(40.,40.5));
#2895 = ( GEOMETRIC_REPRESENTATION_CONTEXT(2) 
PARAMETRIC_REPRESENTATION_CONTEXT() REPRESENTATION_CONTEXT('2D SPACE',''
  ) );
#2896 = PCURVE('',#2897,#2902);
#2897 = CYLINDRICAL_SURFACE('',#2898,5.5);
#2898 = AXIS2_PLACEMENT_3D('',#2899,#2900,#2901);
#2899 = CARTESIAN_POINT('',(40.,35.,28.9));
#2900 = DIRECTION('',(0.,1.110223024625E-16,-1.));
#2901 = DIRECTION('',(0.,1.,1.110223024625E-16));
#2902 = DEFINITIONAL_REPRESENTATION('',(#2903),#2907);
#2903 = LINE('',#2904,#2905);
#2904 = CARTESIAN_POINT('',(0.,25.9));
#2905 = VECTOR('',#2906,1.);
#2906 = DIRECTION('',(1.,0.));
#2907 = ( GEOMETRIC_REPRESENTATION_CONTEXT(2) 
PARAMETRIC_REPRESENTATION_CONTEXT() REPRESENTATION_CONTEXT('2D SPACE',''
  ) );
#2908 = ORIENTED_EDGE('',*,*,#2909,.T.);
#2909 = EDGE_CURVE('',#2877,#2910,#2912,.T.);
#2910 = VERTEX_POINT('',#2911);
#2911 = CARTESIAN_POINT('',(35.,32.708712152522,3.));
#2912 = SURFACE_CURVE('',#2913,(#2918,#2929),.PCURVE_S1.);
#2913 = CIRCLE('',#2914,5.5);
#2914 = AXIS2_PLACEMENT_3D('',#2915,#2916,#2917);
#2915 = CARTESIAN_POINT('',(40.,35.,3.));
#2916 = DIRECTION('',(0.,1.110223024625E-16,-1.));
#2917 = DIRECTION('',(0.,1.,1.110223024625E-16));
#2918 = PCURVE('',#72,#2919);
#2919 = DEFINITIONAL_REPRESENTATION('',(#2920),#2928);
#2920 = ( BOUNDED_CURVE() B_SPLINE_CURVE(2,(#2921,#2922,#2923,#2924,
#2925,#2926,#2927),.UNSPECIFIED.,.T.,.F.) B_SPLINE_CURVE_WITH_KNOTS((1,2
    ,2,2,2,1),(-2.094395102393,0.,2.094395102393,4.188790204786,
6.28318530718,8.377580409573),.UNSPECIFIED.) CURVE() 
GEOMETRIC_REPRESENTATION_ITEM() RATIONAL_B_SPLINE_CURVE((1.,0.5,1.,0.5,
1.,0.5,1.)) REPRESENTATION_ITEM('') );
#2921 = CARTESIAN_POINT('',(40.,40.5));
#2922 = CARTESIAN_POINT('',(49.526279441629,40.5));
#2923 = CARTESIAN_POINT('',(44.763139720814,32.25));
#2924 = CARTESIAN_POINT('',(40.,24.));
#2925 = CARTESIAN_POINT('',(35.236860279186,32.25));
#2926 = CARTESIAN_POINT('',(30.473720558371,40.5));
#2927 = CARTESIAN_POINT('',(40.,40.5));
#2928 = ( GEOMETRIC_REPRESENTATION_CONTEXT(2) 
PARAMETRIC_REPRESENTATION_CONTEXT() REPRESENTATION_CONTEXT('2D SPACE',''
  ) );
#2929 = PCURVE('',#2897,#2930);
#2930 = DEFINITIONAL_REPRESENTATION('',(#2931),#2935);
#2931 = LINE('',#2932,#2933);
#2932 = CARTESIAN_POINT('',(0.,25.9));
#2933 = VECTOR('',#2934,1.);
#2934 = DIRECTION('',(1.,0.));
#2935 = ( GEOMETRIC_REPRESENTATION_CONTEXT(2) 
PARAMETRIC_REPRESENTATION_CONTEXT() REPRESENTATION_CONTEXT('2D SPACE',''
  ) );
#2936 = ORIENTED_EDGE('',*,*,#2937,.F.);
#2937 = EDGE_CURVE('',#2938,#2910,#2940,.T.);
#2938 = VERTEX_POINT('',#2939);
#2939 = CARTESIAN_POINT('',(35.,27.976075,3.));
#2940 = SURFACE_CURVE('',#2941,(#2945,#2952),.PCURVE_S1.);
#2941 = LINE('',#2942,#2943);
#2942 = CARTESIAN_POINT('',(35.,-18.5,3.));
#2943 = VECTOR('',#2944,1.);
#2944 = DIRECTION('',(0.,1.,0.));
#2945 = PCURVE('',#72,#2946);
#2946 = DEFINITIONAL_REPRESENTATION('',(#2947),#2951);
#2947 = LINE('',#2948,#2949);
#2948 = CARTESIAN_POINT('',(35.,-18.5));
#2949 = VECTOR('',#2950,1.);
#2950 = DIRECTION('',(0.,1.));
#2951 = ( GEOMETRIC_REPRESENTATION_CONTEXT(2) 
PARAMETRIC_REPRESENTATION_CONTEXT() REPRESENTATION_CONTEXT('2D SPACE',''
  ) );
#2952 = PCURVE('',#1338,#2953);
#2953 = DEFINITIONAL_REPRESENTATION('',(#2954),#2958);
#2954 = LINE('',#2955,#2956);
#2955 = CARTESIAN_POINT('',(18.5,-3.));
#2956 = VECTOR('',#2957,1.);
#2957 = DIRECTION('',(1.,-1.110223024625E-16));
#2958 = ( GEOMETRIC_REPRESENTATION_CONTEXT(2) 
PARAMETRIC_REPRESENTATION_CONTEXT() REPRESENTATION_CONTEXT('2D SPACE',''
  ) );
#2959 = ORIENTED_EDGE('',*,*,#2960,.F.);
#2960 = EDGE_CURVE('',#2961,#2938,#2963,.T.);
#2961 = VERTEX_POINT('',#2962);
#2962 = CARTESIAN_POINT('',(5.,27.976075,3.));
#2963 = SURFACE_CURVE('',#2964,(#2968,#2975),.PCURVE_S1.);
#2964 = LINE('',#2965,#2966);
#2965 = CARTESIAN_POINT('',(5.,27.976075,3.));
#2966 = VECTOR('',#2967,1.);
#2967 = DIRECTION('',(1.,0.,0.));
#2968 = PCURVE('',#72,#2969);
#2969 = DEFINITIONAL_REPRESENTATION('',(#2970),#2974);
#2970 = LINE('',#2971,#2972);
#2971 = CARTESIAN_POINT('',(5.,27.976075));
#2972 = VECTOR('',#2973,1.);
#2973 = DIRECTION('',(1.,0.));
#2974 = ( GEOMETRIC_REPRESENTATION_CONTEXT(2) 
PARAMETRIC_REPRESENTATION_CONTEXT() REPRESENTATION_CONTEXT('2D SPACE',''
  ) );
#2975 = PCURVE('',#1366,#2976);
#2976 = DEFINITIONAL_REPRESENTATION('',(#2977),#2981);
#2977 = LINE('',#2978,#2979);
#2978 = CARTESIAN_POINT('',(0.,0.));
#2979 = VECTOR('',#2980,1.);
#2980 = DIRECTION('',(1.,0.));
#2981 = ( GEOMETRIC_REPRESENTATION_CONTEXT(2) 
PARAMETRIC_REPRESENTATION_CONTEXT() REPRESENTATION_CONTEXT('2D SPACE',''
  ) );
#2982 = ORIENTED_EDGE('',*,*,#2983,.F.);
#2983 = EDGE_CURVE('',#2984,#2961,#2986,.T.);
#2984 = VERTEX_POINT('',#2985);
#2985 = CARTESIAN_POINT('',(5.,20.976075,3.));
#2986 = SURFACE_CURVE('',#2987,(#2991,#2998),.PCURVE_S1.);
#2987 = LINE('',#2988,#2989);
#2988 = CARTESIAN_POINT('',(5.,20.976075,3.));
#2989 = VECTOR('',#2990,1.);
#2990 = DIRECTION('',(0.,1.,1.110223024625E-16));
#2991 = PCURVE('',#72,#2992);
#2992 = DEFINITIONAL_REPRESENTATION('',(#2993),#2997);
#2993 = LINE('',#2994,#2995);
#2994 = CARTESIAN_POINT('',(5.,20.976075));
#2995 = VECTOR('',#2996,1.);
#2996 = DIRECTION('',(0.,1.));
#2997 = ( GEOMETRIC_REPRESENTATION_CONTEXT(2) 
PARAMETRIC_REPRESENTATION_CONTEXT() REPRESENTATION_CONTEXT('2D SPACE',''
  ) );
#2998 = PCURVE('',#1394,#2999);
#2999 = DEFINITIONAL_REPRESENTATION('',(#3000),#3004);
#3000 = LINE('',#3001,#3002);
#3001 = CARTESIAN_POINT('',(0.,0.));
#3002 = VECTOR('',#3003,1.);
#3003 = DIRECTION('',(1.,0.));
#3004 = ( GEOMETRIC_REPRESENTATION_CONTEXT(2) 
PARAMETRIC_REPRESENTATION_CONTEXT() REPRESENTATION_CONTEXT('2D SPACE',''
  ) );
#3005 = ORIENTED_EDGE('',*,*,#3006,.T.);
#3006 = EDGE_CURVE('',#2984,#3007,#3009,.T.);
#3007 = VERTEX_POINT('',#3008);
#3008 = CARTESIAN_POINT('',(35.,20.976075,3.));
#3009 = SURFACE_CURVE('',#3010,(#3014,#3021),.PCURVE_S1.);
#3010 = LINE('',#3011,#3012);
#3011 = CARTESIAN_POINT('',(5.,20.976075,3.));
#3012 = VECTOR('',#3013,1.);
#3013 = DIRECTION('',(1.,0.,0.));
#3014 = PCURVE('',#72,#3015);
#3015 = DEFINITIONAL_REPRESENTATION('',(#3016),#3020);
#3016 = LINE('',#3017,#3018);
#3017 = CARTESIAN_POINT('',(5.,20.976075));
#3018 = VECTOR('',#3019,1.);
#3019 = DIRECTION('',(1.,0.));
#3020 = ( GEOMETRIC_REPRESENTATION_CONTEXT(2) 
PARAMETRIC_REPRESENTATION_CONTEXT() REPRESENTATION_CONTEXT('2D SPACE',''
  ) );
#3021 = PCURVE('',#1422,#3022);
#3022 = DEFINITIONAL_REPRESENTATION('',(#3023),#3027);
#3023 = LINE('',#3024,#3025);
#3024 = CARTESIAN_POINT('',(0.,0.));
#3025 = VECTOR('',#3026,1.);
#3026 = DIRECTION('',(1.,0.));
#3027 = ( GEOMETRIC_REPRESENTATION_CONTEXT(2) 
PARAMETRIC_REPRESENTATION_CONTEXT() REPRESENTATION_CONTEXT('2D SPACE',''
  ) );
#3028 = ORIENTED_EDGE('',*,*,#3029,.F.);
#3029 = EDGE_CURVE('',#3030,#3007,#3032,.T.);
#3030 = VERTEX_POINT('',#3031);
#3031 = CARTESIAN_POINT('',(35.,-17.743925,3.));
#3032 = SURFACE_CURVE('',#3033,(#3037,#3044),.PCURVE_S1.);
#3033 = LINE('',#3034,#3035);
#3034 = CARTESIAN_POINT('',(35.,-18.5,3.));
#3035 = VECTOR('',#3036,1.);
#3036 = DIRECTION('',(0.,1.,0.));
#3037 = PCURVE('',#72,#3038);
#3038 = DEFINITIONAL_REPRESENTATION('',(#3039),#3043);
#3039 = LINE('',#3040,#3041);
#3040 = CARTESIAN_POINT('',(35.,-18.5));
#3041 = VECTOR('',#3042,1.);
#3042 = DIRECTION('',(0.,1.));
#3043 = ( GEOMETRIC_REPRESENTATION_CONTEXT(2) 
PARAMETRIC_REPRESENTATION_CONTEXT() REPRESENTATION_CONTEXT('2D SPACE',''
  ) );
#3044 = PCURVE('',#1450,#3045);
#3045 = DEFINITIONAL_REPRESENTATION('',(#3046),#3050);
#3046 = LINE('',#3047,#3048);
#3047 = CARTESIAN_POINT('',(18.5,-3.));
#3048 = VECTOR('',#3049,1.);
#3049 = DIRECTION('',(1.,-1.110223024625E-16));
#3050 = ( GEOMETRIC_REPRESENTATION_CONTEXT(2) 
PARAMETRIC_REPRESENTATION_CONTEXT() REPRESENTATION_CONTEXT('2D SPACE',''
  ) );
#3051 = ORIENTED_EDGE('',*,*,#3052,.F.);
#3052 = EDGE_CURVE('',#3053,#3030,#3055,.T.);
#3053 = VERTEX_POINT('',#3054);
#3054 = CARTESIAN_POINT('',(5.,-17.743925,3.));
#3055 = SURFACE_CURVE('',#3056,(#3060,#3067),.PCURVE_S1.);
#3056 = LINE('',#3057,#3058);
#3057 = CARTESIAN_POINT('',(5.,-17.743925,3.));
#3058 = VECTOR('',#3059,1.);
#3059 = DIRECTION('',(1.,0.,0.));
#3060 = PCURVE('',#72,#3061);
#3061 = DEFINITIONAL_REPRESENTATION('',(#3062),#3066);
#3062 = LINE('',#3063,#3064);
#3063 = CARTESIAN_POINT('',(5.,-17.743925));
#3064 = VECTOR('',#3065,1.);
#3065 = DIRECTION('',(1.,0.));
#3066 = ( GEOMETRIC_REPRESENTATION_CONTEXT(2) 
PARAMETRIC_REPRESENTATION_CONTEXT() REPRESENTATION_CONTEXT('2D SPACE',''
  ) );
#3067 = PCURVE('',#1478,#3068);
#3068 = DEFINITIONAL_REPRESENTATION('',(#3069),#3073);
#3069 = LINE('',#3070,#3071);
#3070 = CARTESIAN_POINT('',(0.,0.));
#3071 = VECTOR('',#3072,1.);
#3072 = DIRECTION('',(1.,0.));
#3073 = ( GEOMETRIC_REPRESENTATION_CONTEXT(2) 
PARAMETRIC_REPRESENTATION_CONTEXT() REPRESENTATION_CONTEXT('2D SPACE',''
  ) );
#3074 = ORIENTED_EDGE('',*,*,#3075,.F.);
#3075 = EDGE_CURVE('',#3076,#3053,#3078,.T.);
#3076 = VERTEX_POINT('',#3077);
#3077 = CARTESIAN_POINT('',(5.,-24.743925,3.));
#3078 = SURFACE_CURVE('',#3079,(#3083,#3090),.PCURVE_S1.);
#3079 = LINE('',#3080,#3081);
#3080 = CARTESIAN_POINT('',(5.,-24.743925,3.));
#3081 = VECTOR('',#3082,1.);
#3082 = DIRECTION('',(0.,1.,1.110223024625E-16));
#3083 = PCURVE('',#72,#3084);
#3084 = DEFINITIONAL_REPRESENTATION('',(#3085),#3089);
#3085 = LINE('',#3086,#3087);
#3086 = CARTESIAN_POINT('',(5.,-24.743925));
#3087 = VECTOR('',#3088,1.);
#3088 = DIRECTION('',(0.,1.));
#3089 = ( GEOMETRIC_REPRESENTATION_CONTEXT(2) 
PARAMETRIC_REPRESENTATION_CONTEXT() REPRESENTATION_CONTEXT('2D SPACE',''
  ) );
#3090 = PCURVE('',#1506,#3091);
#3091 = DEFINITIONAL_REPRESENTATION('',(#3092),#3096);
#3092 = LINE('',#3093,#3094);
#3093 = CARTESIAN_POINT('',(0.,0.));
#3094 = VECTOR('',#3095,1.);
#3095 = DIRECTION('',(1.,0.));
#3096 = ( GEOMETRIC_REPRESENTATION_CONTEXT(2) 
PARAMETRIC_REPRESENTATION_CONTEXT() REPRESENTATION_CONTEXT('2D SPACE',''
  ) );
#3097 = ORIENTED_EDGE('',*,*,#3098,.T.);
#3098 = EDGE_CURVE('',#3076,#3099,#3101,.T.);
#3099 = VERTEX_POINT('',#3100);
#3100 = CARTESIAN_POINT('',(35.,-24.743925,3.));
#3101 = SURFACE_CURVE('',#3102,(#3106,#3113),.PCURVE_S1.);
#3102 = LINE('',#3103,#3104);
#3103 = CARTESIAN_POINT('',(5.,-24.743925,3.));
#3104 = VECTOR('',#3105,1.);
#3105 = DIRECTION('',(1.,0.,0.));
#3106 = PCURVE('',#72,#3107);
#3107 = DEFINITIONAL_REPRESENTATION('',(#3108),#3112);
#3108 = LINE('',#3109,#3110);
#3109 = CARTESIAN_POINT('',(5.,-24.743925));
#3110 = VECTOR('',#3111,1.);
#3111 = DIRECTION('',(1.,0.));
#3112 = ( GEOMETRIC_REPRESENTATION_CONTEXT(2) 
PARAMETRIC_REPRESENTATION_CONTEXT() REPRESENTATION_CONTEXT('2D SPACE',''
  ) );
#3113 = PCURVE('',#1532,#3114);
#3114 = DEFINITIONAL_REPRESENTATION('',(#3115),#3119);
#3115 = LINE('',#3116,#3117);
#3116 = CARTESIAN_POINT('',(0.,0.));
#3117 = VECTOR('',#3118,1.);
#3118 = DIRECTION('',(1.,0.));
#3119 = ( GEOMETRIC_REPRESENTATION_CONTEXT(2) 
PARAMETRIC_REPRESENTATION_CONTEXT() REPRESENTATION_CONTEXT('2D SPACE',''
  ) );
#3120 = ORIENTED_EDGE('',*,*,#3121,.F.);
#3121 = EDGE_CURVE('',#3122,#3099,#3124,.T.);
#3122 = VERTEX_POINT('',#3123);
#3123 = CARTESIAN_POINT('',(35.,-32.70871215252,3.));
#3124 = SURFACE_CURVE('',#3125,(#3129,#3136),.PCURVE_S1.);
#3125 = LINE('',#3126,#3127);
#3126 = CARTESIAN_POINT('',(35.,-18.5,3.));
#3127 = VECTOR('',#3128,1.);
#3128 = DIRECTION('',(0.,1.,0.));
#3129 = PCURVE('',#72,#3130);
#3130 = DEFINITIONAL_REPRESENTATION('',(#3131),#3135);
#3131 = LINE('',#3132,#3133);
#3132 = CARTESIAN_POINT('',(35.,-18.5));
#3133 = VECTOR('',#3134,1.);
#3134 = DIRECTION('',(0.,1.));
#3135 = ( GEOMETRIC_REPRESENTATION_CONTEXT(2) 
PARAMETRIC_REPRESENTATION_CONTEXT() REPRESENTATION_CONTEXT('2D SPACE',''
  ) );
#3136 = PCURVE('',#1002,#3137);
#3137 = DEFINITIONAL_REPRESENTATION('',(#3138),#3142);
#3138 = LINE('',#3139,#3140);
#3139 = CARTESIAN_POINT('',(18.5,-3.));
#3140 = VECTOR('',#3141,1.);
#3141 = DIRECTION('',(1.,-1.110223024625E-16));
#3142 = ( GEOMETRIC_REPRESENTATION_CONTEXT(2) 
PARAMETRIC_REPRESENTATION_CONTEXT() REPRESENTATION_CONTEXT('2D SPACE',''
  ) );
#3143 = ORIENTED_EDGE('',*,*,#3144,.T.);
#3144 = EDGE_CURVE('',#3122,#2467,#3145,.T.);
#3145 = SURFACE_CURVE('',#3146,(#3151,#3162),.PCURVE_S1.);
#3146 = CIRCLE('',#3147,5.5);
#3147 = AXIS2_PLACEMENT_3D('',#3148,#3149,#3150);
#3148 = CARTESIAN_POINT('',(40.,-35.,3.));
#3149 = DIRECTION('',(0.,1.110223024625E-16,-1.));
#3150 = DIRECTION('',(0.,1.,1.110223024625E-16));
#3151 = PCURVE('',#72,#3152);
#3152 = DEFINITIONAL_REPRESENTATION('',(#3153),#3161);
#3153 = ( BOUNDED_CURVE() B_SPLINE_CURVE(2,(#3154,#3155,#3156,#3157,
#3158,#3159,#3160),.UNSPECIFIED.,.T.,.F.) B_SPLINE_CURVE_WITH_KNOTS((1,2
    ,2,2,2,1),(-2.094395102393,0.,2.094395102393,4.188790204786,
6.28318530718,8.377580409573),.UNSPECIFIED.) CURVE() 
GEOMETRIC_REPRESENTATION_ITEM() RATIONAL_B_SPLINE_CURVE((1.,0.5,1.,0.5,
1.,0.5,1.)) REPRESENTATION_ITEM('') );
#3154 = CARTESIAN_POINT('',(40.,-29.5));
#3155 = CARTESIAN_POINT('',(49.526279441629,-29.5));
#3156 = CARTESIAN_POINT('',(44.763139720814,-37.75));
#3157 = CARTESIAN_POINT('',(40.,-46.));
#3158 = CARTESIAN_POINT('',(35.236860279186,-37.75));
#3159 = CARTESIAN_POINT('',(30.473720558371,-29.5));
#3160 = CARTESIAN_POINT('',(40.,-29.5));
#3161 = ( GEOMETRIC_REPRESENTATION_CONTEXT(2) 
PARAMETRIC_REPRESENTATION_CONTEXT() REPRESENTATION_CONTEXT('2D SPACE',''
  ) );
#3162 = PCURVE('',#2489,#3163);
#3163 = DEFINITIONAL_REPRESENTATION('',(#3164),#3168);
#3164 = LINE('',#3165,#3166);
#3165 = CARTESIAN_POINT('',(0.,25.9));
#3166 = VECTOR('',#3167,1.);
#3167 = DIRECTION('',(1.,0.));
#3168 = ( GEOMETRIC_REPRESENTATION_CONTEXT(2) 
PARAMETRIC_REPRESENTATION_CONTEXT() REPRESENTATION_CONTEXT('2D SPACE',''
  ) );
#3169 = FACE_BOUND('',#3170,.T.);
#3170 = EDGE_LOOP('',(#3171));
#3171 = ORIENTED_EDGE('',*,*,#3172,.T.);
#3172 = EDGE_CURVE('',#3173,#3173,#3175,.T.);
#3173 = VERTEX_POINT('',#3174);
#3174 = CARTESIAN_POINT('',(8.89,27.276075,3.));
#3175 = SURFACE_CURVE('',#3176,(#3181,#3192),.PCURVE_S1.);
#3176 = CIRCLE('',#3177,2.8);
#3177 = AXIS2_PLACEMENT_3D('',#3178,#3179,#3180);
#3178 = CARTESIAN_POINT('',(8.89,24.476075,3.));
#3179 = DIRECTION('',(0.,1.110223024625E-16,-1.));
#3180 = DIRECTION('',(0.,1.,1.110223024625E-16));
#3181 = PCURVE('',#72,#3182);
#3182 = DEFINITIONAL_REPRESENTATION('',(#3183),#3191);
#3183 = ( BOUNDED_CURVE() B_SPLINE_CURVE(2,(#3184,#3185,#3186,#3187,
#3188,#3189,#3190),.UNSPECIFIED.,.T.,.F.) B_SPLINE_CURVE_WITH_KNOTS((1,2
    ,2,2,2,1),(-2.094395102393,0.,2.094395102393,4.188790204786,
6.28318530718,8.377580409573),.UNSPECIFIED.) CURVE() 
GEOMETRIC_REPRESENTATION_ITEM() RATIONAL_B_SPLINE_CURVE((1.,0.5,1.,0.5,
1.,0.5,1.)) REPRESENTATION_ITEM('') );
#3184 = CARTESIAN_POINT('',(8.89,27.276075));
#3185 = CARTESIAN_POINT('',(13.739742261193,27.276075));
#3186 = CARTESIAN_POINT('',(11.314871130596,23.076075));
#3187 = CARTESIAN_POINT('',(8.89,18.876075));
#3188 = CARTESIAN_POINT('',(6.465128869404,23.076075));
#3189 = CARTESIAN_POINT('',(4.040257738807,27.276075));
#3190 = CARTESIAN_POINT('',(8.89,27.276075));
#3191 = ( GEOMETRIC_REPRESENTATION_CONTEXT(2) 
PARAMETRIC_REPRESENTATION_CONTEXT() REPRESENTATION_CONTEXT('2D SPACE',''
  ) );
#3192 = PCURVE('',#3193,#3198);
#3193 = CYLINDRICAL_SURFACE('',#3194,2.8);
#3194 = AXIS2_PLACEMENT_3D('',#3195,#3196,#3197);
#3195 = CARTESIAN_POINT('',(8.89,24.476075,15.));
#3196 = DIRECTION('',(0.,1.110223024625E-16,-1.));
#3197 = DIRECTION('',(0.,1.,1.110223024625E-16));
#3198 = DEFINITIONAL_REPRESENTATION('',(#3199),#3203);
#3199 = LINE('',#3200,#3201);
#3200 = CARTESIAN_POINT('',(0.,12.));
#3201 = VECTOR('',#3202,1.);
#3202 = DIRECTION('',(1.,0.));
#3203 = ( GEOMETRIC_REPRESENTATION_CONTEXT(2) 
PARAMETRIC_REPRESENTATION_CONTEXT() REPRESENTATION_CONTEXT('2D SPACE',''
  ) );
#3204 = FACE_BOUND('',#3205,.T.);
#3205 = EDGE_LOOP('',(#3206,#3236,#3264,#3292,#3320,#3348));
#3206 = ORIENTED_EDGE('',*,*,#3207,.T.);
#3207 = EDGE_CURVE('',#3208,#3210,#3212,.T.);
#3208 = VERTEX_POINT('',#3209);
#3209 = CARTESIAN_POINT('',(38.85,26.241303078758,3.));
#3210 = VERTEX_POINT('',#3211);
#3211 = CARTESIAN_POINT('',(41.,27.482606157515,3.));
#3212 = SURFACE_CURVE('',#3213,(#3217,#3224),.PCURVE_S1.);
#3213 = LINE('',#3214,#3215);
#3214 = CARTESIAN_POINT('',(19.674841226347,15.170519999035,3.));
#3215 = VECTOR('',#3216,1.);
#3216 = DIRECTION('',(0.866025403784,0.5,0.));
#3217 = PCURVE('',#72,#3218);
#3218 = DEFINITIONAL_REPRESENTATION('',(#3219),#3223);
#3219 = LINE('',#3220,#3221);
#3220 = CARTESIAN_POINT('',(19.674841226347,15.170519999035));
#3221 = VECTOR('',#3222,1.);
#3222 = DIRECTION('',(0.866025403784,0.5));
#3223 = ( GEOMETRIC_REPRESENTATION_CONTEXT(2) 
PARAMETRIC_REPRESENTATION_CONTEXT() REPRESENTATION_CONTEXT('2D SPACE',''
  ) );
#3224 = PCURVE('',#3225,#3230);
#3225 = PLANE('',#3226);
#3226 = AXIS2_PLACEMENT_3D('',#3227,#3228,#3229);
#3227 = CARTESIAN_POINT('',(41.,27.482606157515,1.2));
#3228 = DIRECTION('',(0.5,-0.866025403784,0.));
#3229 = DIRECTION('',(-0.866025403784,-0.5,0.));
#3230 = DEFINITIONAL_REPRESENTATION('',(#3231),#3235);
#3231 = LINE('',#3232,#3233);
#3232 = CARTESIAN_POINT('',(24.62417231696,-1.8));
#3233 = VECTOR('',#3234,1.);
#3234 = DIRECTION('',(-1.,0.));
#3235 = ( GEOMETRIC_REPRESENTATION_CONTEXT(2) 
PARAMETRIC_REPRESENTATION_CONTEXT() REPRESENTATION_CONTEXT('2D SPACE',''
  ) );
#3236 = ORIENTED_EDGE('',*,*,#3237,.T.);
#3237 = EDGE_CURVE('',#3210,#3238,#3240,.T.);
#3238 = VERTEX_POINT('',#3239);
#3239 = CARTESIAN_POINT('',(43.15,26.241303078758,3.));
#3240 = SURFACE_CURVE('',#3241,(#3245,#3252),.PCURVE_S1.);
#3241 = LINE('',#3242,#3243);
#3242 = CARTESIAN_POINT('',(32.650158773653,32.303389237238,3.));
#3243 = VECTOR('',#3244,1.);
#3244 = DIRECTION('',(0.866025403784,-0.5,0.));
#3245 = PCURVE('',#72,#3246);
#3246 = DEFINITIONAL_REPRESENTATION('',(#3247),#3251);
#3247 = LINE('',#3248,#3249);
#3248 = CARTESIAN_POINT('',(32.650158773653,32.303389237238));
#3249 = VECTOR('',#3250,1.);
#3250 = DIRECTION('',(0.866025403784,-0.5));
#3251 = ( GEOMETRIC_REPRESENTATION_CONTEXT(2) 
PARAMETRIC_REPRESENTATION_CONTEXT() REPRESENTATION_CONTEXT('2D SPACE',''
  ) );
#3252 = PCURVE('',#3253,#3258);
#3253 = PLANE('',#3254);
#3254 = AXIS2_PLACEMENT_3D('',#3255,#3256,#3257);
#3255 = CARTESIAN_POINT('',(43.15,26.241303078758,1.2));
#3256 = DIRECTION('',(-0.5,-0.866025403784,0.));
#3257 = DIRECTION('',(-0.866025403784,0.5,0.));
#3258 = DEFINITIONAL_REPRESENTATION('',(#3259),#3263);
#3259 = LINE('',#3260,#3261);
#3260 = CARTESIAN_POINT('',(12.12417231696,-1.8));
#3261 = VECTOR('',#3262,1.);
#3262 = DIRECTION('',(-1.,0.));
#3263 = ( GEOMETRIC_REPRESENTATION_CONTEXT(2) 
PARAMETRIC_REPRESENTATION_CONTEXT() REPRESENTATION_CONTEXT('2D SPACE',''
  ) );
#3264 = ORIENTED_EDGE('',*,*,#3265,.T.);
#3265 = EDGE_CURVE('',#3238,#3266,#3268,.T.);
#3266 = VERTEX_POINT('',#3267);
#3267 = CARTESIAN_POINT('',(43.15,23.758696921242,3.));
#3268 = SURFACE_CURVE('',#3269,(#3273,#3280),.PCURVE_S1.);
#3269 = LINE('',#3270,#3271);
#3270 = CARTESIAN_POINT('',(43.15,11.879348460621,3.));
#3271 = VECTOR('',#3272,1.);
#3272 = DIRECTION('',(-3.577604997923E-16,-1.,0.));
#3273 = PCURVE('',#72,#3274);
#3274 = DEFINITIONAL_REPRESENTATION('',(#3275),#3279);
#3275 = LINE('',#3276,#3277);
#3276 = CARTESIAN_POINT('',(43.15,11.879348460621));
#3277 = VECTOR('',#3278,1.);
#3278 = DIRECTION('',(-3.577604997923E-16,-1.));
#3279 = ( GEOMETRIC_REPRESENTATION_CONTEXT(2) 
PARAMETRIC_REPRESENTATION_CONTEXT() REPRESENTATION_CONTEXT('2D SPACE',''
  ) );
#3280 = PCURVE('',#3281,#3286);
#3281 = PLANE('',#3282);
#3282 = AXIS2_PLACEMENT_3D('',#3283,#3284,#3285);
#3283 = CARTESIAN_POINT('',(43.15,23.758696921242,1.2));
#3284 = DIRECTION('',(-1.,3.577604997923E-16,0.));
#3285 = DIRECTION('',(3.577604997923E-16,1.,0.));
#3286 = DEFINITIONAL_REPRESENTATION('',(#3287),#3291);
#3287 = LINE('',#3288,#3289);
#3288 = CARTESIAN_POINT('',(-11.87934846062,-1.8));
#3289 = VECTOR('',#3290,1.);
#3290 = DIRECTION('',(-1.,-0.));
#3291 = ( GEOMETRIC_REPRESENTATION_CONTEXT(2) 
PARAMETRIC_REPRESENTATION_CONTEXT() REPRESENTATION_CONTEXT('2D SPACE',''
  ) );
#3292 = ORIENTED_EDGE('',*,*,#3293,.T.);
#3293 = EDGE_CURVE('',#3266,#3294,#3296,.T.);
#3294 = VERTEX_POINT('',#3295);
#3295 = CARTESIAN_POINT('',(41.,22.517393842485,3.));
#3296 = SURFACE_CURVE('',#3297,(#3301,#3308),.PCURVE_S1.);
#3297 = LINE('',#3298,#3299);
#3298 = CARTESIAN_POINT('',(20.749841226347,10.825959223384,3.));
#3299 = VECTOR('',#3300,1.);
#3300 = DIRECTION('',(-0.866025403784,-0.5,0.));
#3301 = PCURVE('',#72,#3302);
#3302 = DEFINITIONAL_REPRESENTATION('',(#3303),#3307);
#3303 = LINE('',#3304,#3305);
#3304 = CARTESIAN_POINT('',(20.749841226347,10.825959223384));
#3305 = VECTOR('',#3306,1.);
#3306 = DIRECTION('',(-0.866025403784,-0.5));
#3307 = ( GEOMETRIC_REPRESENTATION_CONTEXT(2) 
PARAMETRIC_REPRESENTATION_CONTEXT() REPRESENTATION_CONTEXT('2D SPACE',''
  ) );
#3308 = PCURVE('',#3309,#3314);
#3309 = PLANE('',#3310);
#3310 = AXIS2_PLACEMENT_3D('',#3311,#3312,#3313);
#3311 = CARTESIAN_POINT('',(41.,22.517393842485,1.2));
#3312 = DIRECTION('',(-0.5,0.866025403784,0.));
#3313 = DIRECTION('',(0.866025403784,0.5,0.));
#3314 = DEFINITIONAL_REPRESENTATION('',(#3315),#3319);
#3315 = LINE('',#3316,#3317);
#3316 = CARTESIAN_POINT('',(-23.3828692382,-1.8));
#3317 = VECTOR('',#3318,1.);
#3318 = DIRECTION('',(-1.,-0.));
#3319 = ( GEOMETRIC_REPRESENTATION_CONTEXT(2) 
PARAMETRIC_REPRESENTATION_CONTEXT() REPRESENTATION_CONTEXT('2D SPACE',''
  ) );
#3320 = ORIENTED_EDGE('',*,*,#3321,.T.);
#3321 = EDGE_CURVE('',#3294,#3322,#3324,.T.);
#3322 = VERTEX_POINT('',#3323);
#3323 = CARTESIAN_POINT('',(38.85,23.758696921242,3.));
#3324 = SURFACE_CURVE('',#3325,(#3329,#3336),.PCURVE_S1.);
#3325 = LINE('',#3326,#3327);
#3326 = CARTESIAN_POINT('',(29.425158773653,29.200131540343,3.));
#3327 = VECTOR('',#3328,1.);
#3328 = DIRECTION('',(-0.866025403784,0.5,0.));
#3329 = PCURVE('',#72,#3330);
#3330 = DEFINITIONAL_REPRESENTATION('',(#3331),#3335);
#3331 = LINE('',#3332,#3333);
#3332 = CARTESIAN_POINT('',(29.425158773653,29.200131540343));
#3333 = VECTOR('',#3334,1.);
#3334 = DIRECTION('',(-0.866025403784,0.5));
#3335 = ( GEOMETRIC_REPRESENTATION_CONTEXT(2) 
PARAMETRIC_REPRESENTATION_CONTEXT() REPRESENTATION_CONTEXT('2D SPACE',''
  ) );
#3336 = PCURVE('',#3337,#3342);
#3337 = PLANE('',#3338);
#3338 = AXIS2_PLACEMENT_3D('',#3339,#3340,#3341);
#3339 = CARTESIAN_POINT('',(38.85,23.758696921242,1.2));
#3340 = DIRECTION('',(0.5,0.866025403784,0.));
#3341 = DIRECTION('',(0.866025403784,-0.5,0.));
#3342 = DEFINITIONAL_REPRESENTATION('',(#3343),#3347);
#3343 = LINE('',#3344,#3345);
#3344 = CARTESIAN_POINT('',(-10.8828692382,-1.8));
#3345 = VECTOR('',#3346,1.);
#3346 = DIRECTION('',(-1.,0.));
#3347 = ( GEOMETRIC_REPRESENTATION_CONTEXT(2) 
PARAMETRIC_REPRESENTATION_CONTEXT() REPRESENTATION_CONTEXT('2D SPACE',''
  ) );
#3348 = ORIENTED_EDGE('',*,*,#3349,.T.);
#3349 = EDGE_CURVE('',#3322,#3208,#3350,.T.);
#3350 = SURFACE_CURVE('',#3351,(#3355,#3362),.PCURVE_S1.);
#3351 = LINE('',#3352,#3353);
#3352 = CARTESIAN_POINT('',(38.85,13.120651539379,3.));
#3353 = VECTOR('',#3354,1.);
#3354 = DIRECTION('',(-1.788802498961E-16,1.,0.));
#3355 = PCURVE('',#72,#3356);
#3356 = DEFINITIONAL_REPRESENTATION('',(#3357),#3361);
#3357 = LINE('',#3358,#3359);
#3358 = CARTESIAN_POINT('',(38.85,13.120651539379));
#3359 = VECTOR('',#3360,1.);
#3360 = DIRECTION('',(-1.788802498961E-16,1.));
#3361 = ( GEOMETRIC_REPRESENTATION_CONTEXT(2) 
PARAMETRIC_REPRESENTATION_CONTEXT() REPRESENTATION_CONTEXT('2D SPACE',''
  ) );
#3362 = PCURVE('',#3363,#3368);
#3363 = PLANE('',#3364);
#3364 = AXIS2_PLACEMENT_3D('',#3365,#3366,#3367);
#3365 = CARTESIAN_POINT('',(38.85,26.241303078758,1.2));
#3366 = DIRECTION('',(1.,1.788802498961E-16,0.));
#3367 = DIRECTION('',(1.788802498961E-16,-1.,0.));
#3368 = DEFINITIONAL_REPRESENTATION('',(#3369),#3373);
#3369 = LINE('',#3370,#3371);
#3370 = CARTESIAN_POINT('',(13.120651539379,-1.8));
#3371 = VECTOR('',#3372,1.);
#3372 = DIRECTION('',(-1.,0.));
#3373 = ( GEOMETRIC_REPRESENTATION_CONTEXT(2) 
PARAMETRIC_REPRESENTATION_CONTEXT() REPRESENTATION_CONTEXT('2D SPACE',''
  ) );
#3374 = ADVANCED_FACE('',(#3375),#159,.F.);
#3375 = FACE_BOUND('',#3376,.F.);
#3376 = EDGE_LOOP('',(#3377,#3398,#3399,#3400));
#3377 = ORIENTED_EDGE('',*,*,#3378,.T.);
#3378 = EDGE_CURVE('',#380,#1804,#3379,.T.);
#3379 = SURFACE_CURVE('',#3380,(#3384,#3391),.PCURVE_S1.);
#3380 = LINE('',#3381,#3382);
#3381 = CARTESIAN_POINT('',(-48.,40.,7.105427357601E-15));
#3382 = VECTOR('',#3383,1.);
#3383 = DIRECTION('',(0.,0.,1.));
#3384 = PCURVE('',#159,#3385);
#3385 = DEFINITIONAL_REPRESENTATION('',(#3386),#3390);
#3386 = LINE('',#3387,#3388);
#3387 = CARTESIAN_POINT('',(0.,0.));
#3388 = VECTOR('',#3389,1.);
#3389 = DIRECTION('',(0.,-1.));
#3390 = ( GEOMETRIC_REPRESENTATION_CONTEXT(2) 
PARAMETRIC_REPRESENTATION_CONTEXT() REPRESENTATION_CONTEXT('2D SPACE',''
  ) );
#3391 = PCURVE('',#396,#3392);
#3392 = DEFINITIONAL_REPRESENTATION('',(#3393),#3397);
#3393 = LINE('',#3394,#3395);
#3394 = CARTESIAN_POINT('',(-1.570796326795,0.));
#3395 = VECTOR('',#3396,1.);
#3396 = DIRECTION('',(-0.,-1.));
#3397 = ( GEOMETRIC_REPRESENTATION_CONTEXT(2) 
PARAMETRIC_REPRESENTATION_CONTEXT() REPRESENTATION_CONTEXT('2D SPACE',''
  ) );
#3398 = ORIENTED_EDGE('',*,*,#1827,.T.);
#3399 = ORIENTED_EDGE('',*,*,#141,.F.);
#3400 = ORIENTED_EDGE('',*,*,#408,.F.);
#3401 = ADVANCED_FACE('',(#3402),#260,.F.);
#3402 = FACE_BOUND('',#3403,.F.);
#3403 = EDGE_LOOP('',(#3404,#3405,#3406,#3427));
#3404 = ORIENTED_EDGE('',*,*,#244,.T.);
#3405 = ORIENTED_EDGE('',*,*,#1733,.T.);
#3406 = ORIENTED_EDGE('',*,*,#3407,.F.);
#3407 = EDGE_CURVE('',#300,#1734,#3408,.T.);
#3408 = SURFACE_CURVE('',#3409,(#3413,#3420),.PCURVE_S1.);
#3409 = LINE('',#3410,#3411);
#3410 = CARTESIAN_POINT('',(48.,40.,7.105427357601E-15));
#3411 = VECTOR('',#3412,1.);
#3412 = DIRECTION('',(0.,0.,1.));
#3413 = PCURVE('',#260,#3414);
#3414 = DEFINITIONAL_REPRESENTATION('',(#3415),#3419);
#3415 = LINE('',#3416,#3417);
#3416 = CARTESIAN_POINT('',(80.,0.));
#3417 = VECTOR('',#3418,1.);
#3418 = DIRECTION('',(0.,-1.));
#3419 = ( GEOMETRIC_REPRESENTATION_CONTEXT(2) 
PARAMETRIC_REPRESENTATION_CONTEXT() REPRESENTATION_CONTEXT('2D SPACE',''
  ) );
#3420 = PCURVE('',#339,#3421);
#3421 = DEFINITIONAL_REPRESENTATION('',(#3422),#3426);
#3422 = LINE('',#3423,#3424);
#3423 = CARTESIAN_POINT('',(-0.,0.));
#3424 = VECTOR('',#3425,1.);
#3425 = DIRECTION('',(-0.,-1.));
#3426 = ( GEOMETRIC_REPRESENTATION_CONTEXT(2) 
PARAMETRIC_REPRESENTATION_CONTEXT() REPRESENTATION_CONTEXT('2D SPACE',''
  ) );
#3427 = ORIENTED_EDGE('',*,*,#299,.F.);
#3428 = ADVANCED_FACE('',(#3429),#396,.T.);
#3429 = FACE_BOUND('',#3430,.F.);
#3430 = EDGE_LOOP('',(#3431,#3452,#3453,#3454));
#3431 = ORIENTED_EDGE('',*,*,#3432,.T.);
#3432 = EDGE_CURVE('',#352,#1781,#3433,.T.);
#3433 = SURFACE_CURVE('',#3434,(#3438,#3445),.PCURVE_S1.);
#3434 = LINE('',#3435,#3436);
#3435 = CARTESIAN_POINT('',(-43.,45.,7.105427357601E-15));
#3436 = VECTOR('',#3437,1.);
#3437 = DIRECTION('',(0.,0.,1.));
#3438 = PCURVE('',#396,#3439);
#3439 = DEFINITIONAL_REPRESENTATION('',(#3440),#3444);
#3440 = LINE('',#3441,#3442);
#3441 = CARTESIAN_POINT('',(-0.,0.));
#3442 = VECTOR('',#3443,1.);
#3443 = DIRECTION('',(-0.,-1.));
#3444 = ( GEOMETRIC_REPRESENTATION_CONTEXT(2) 
PARAMETRIC_REPRESENTATION_CONTEXT() REPRESENTATION_CONTEXT('2D SPACE',''
  ) );
#3445 = PCURVE('',#367,#3446);
#3446 = DEFINITIONAL_REPRESENTATION('',(#3447),#3451);
#3447 = LINE('',#3448,#3449);
#3448 = CARTESIAN_POINT('',(86.,0.));
#3449 = VECTOR('',#3450,1.);
#3450 = DIRECTION('',(0.,-1.));
#3451 = ( GEOMETRIC_REPRESENTATION_CONTEXT(2) 
PARAMETRIC_REPRESENTATION_CONTEXT() REPRESENTATION_CONTEXT('2D SPACE',''
  ) );
#3452 = ORIENTED_EDGE('',*,*,#1803,.T.);
#3453 = ORIENTED_EDGE('',*,*,#3378,.F.);
#3454 = ORIENTED_EDGE('',*,*,#379,.F.);
#3455 = ADVANCED_FACE('',(#3456),#339,.T.);
#3456 = FACE_BOUND('',#3457,.F.);
#3457 = EDGE_LOOP('',(#3458,#3459,#3460,#3481));
#3458 = ORIENTED_EDGE('',*,*,#3407,.T.);
#3459 = ORIENTED_EDGE('',*,*,#1756,.T.);
#3460 = ORIENTED_EDGE('',*,*,#3461,.F.);
#3461 = EDGE_CURVE('',#323,#1757,#3462,.T.);
#3462 = SURFACE_CURVE('',#3463,(#3467,#3474),.PCURVE_S1.);
#3463 = LINE('',#3464,#3465);
#3464 = CARTESIAN_POINT('',(43.,45.,7.105427357601E-15));
#3465 = VECTOR('',#3466,1.);
#3466 = DIRECTION('',(0.,0.,1.));
#3467 = PCURVE('',#339,#3468);
#3468 = DEFINITIONAL_REPRESENTATION('',(#3469),#3473);
#3469 = LINE('',#3470,#3471);
#3470 = CARTESIAN_POINT('',(-1.570796326795,0.));
#3471 = VECTOR('',#3472,1.);
#3472 = DIRECTION('',(-0.,-1.));
#3473 = ( GEOMETRIC_REPRESENTATION_CONTEXT(2) 
PARAMETRIC_REPRESENTATION_CONTEXT() REPRESENTATION_CONTEXT('2D SPACE',''
  ) );
#3474 = PCURVE('',#367,#3475);
#3475 = DEFINITIONAL_REPRESENTATION('',(#3476),#3480);
#3476 = LINE('',#3477,#3478);
#3477 = CARTESIAN_POINT('',(0.,0.));
#3478 = VECTOR('',#3479,1.);
#3479 = DIRECTION('',(0.,-1.));
#3480 = ( GEOMETRIC_REPRESENTATION_CONTEXT(2) 
PARAMETRIC_REPRESENTATION_CONTEXT() REPRESENTATION_CONTEXT('2D SPACE',''
  ) );
#3481 = ORIENTED_EDGE('',*,*,#322,.F.);
#3482 = ADVANCED_FACE('',(#3483),#367,.F.);
#3483 = FACE_BOUND('',#3484,.F.);
#3484 = EDGE_LOOP('',(#3485,#3486,#3487,#3488));
#3485 = ORIENTED_EDGE('',*,*,#3461,.T.);
#3486 = ORIENTED_EDGE('',*,*,#1780,.T.);
#3487 = ORIENTED_EDGE('',*,*,#3432,.F.);
#3488 = ORIENTED_EDGE('',*,*,#351,.F.);
#3489 = ADVANCED_FACE('',(#3490),#450,.T.);
#3490 = FACE_BOUND('',#3491,.T.);
#3491 = EDGE_LOOP('',(#3492,#3515,#3543,#3564));
#3492 = ORIENTED_EDGE('',*,*,#3493,.F.);
#3493 = EDGE_CURVE('',#3494,#435,#3496,.T.);
#3494 = VERTEX_POINT('',#3495);
#3495 = CARTESIAN_POINT('',(-42.15,-39.4,1.805));
#3496 = SURFACE_CURVE('',#3497,(#3501,#3508),.PCURVE_S1.);
#3497 = LINE('',#3498,#3499);
#3498 = CARTESIAN_POINT('',(-42.15,-39.4,1.805));
#3499 = VECTOR('',#3500,1.);
#3500 = DIRECTION('',(0.,1.110223024625E-16,-1.));
#3501 = PCURVE('',#450,#3502);
#3502 = DEFINITIONAL_REPRESENTATION('',(#3503),#3507);
#3503 = LINE('',#3504,#3505);
#3504 = CARTESIAN_POINT('',(0.,0.));
#3505 = VECTOR('',#3506,1.);
#3506 = DIRECTION('',(0.,1.));
#3507 = ( GEOMETRIC_REPRESENTATION_CONTEXT(2) 
PARAMETRIC_REPRESENTATION_CONTEXT() REPRESENTATION_CONTEXT('2D SPACE',''
  ) );
#3508 = PCURVE('',#478,#3509);
#3509 = DEFINITIONAL_REPRESENTATION('',(#3510),#3514);
#3510 = LINE('',#3511,#3512);
#3511 = CARTESIAN_POINT('',(0.,0.));
#3512 = VECTOR('',#3513,1.);
#3513 = DIRECTION('',(0.,-1.));
#3514 = ( GEOMETRIC_REPRESENTATION_CONTEXT(2) 
PARAMETRIC_REPRESENTATION_CONTEXT() REPRESENTATION_CONTEXT('2D SPACE',''
  ) );
#3515 = ORIENTED_EDGE('',*,*,#3516,.T.);
#3516 = EDGE_CURVE('',#3494,#3517,#3519,.T.);
#3517 = VERTEX_POINT('',#3518);
#3518 = CARTESIAN_POINT('',(-37.85,-39.4,1.805));
#3519 = SURFACE_CURVE('',#3520,(#3524,#3531),.PCURVE_S1.);
#3520 = LINE('',#3521,#3522);
#3521 = CARTESIAN_POINT('',(-42.15,-39.4,1.805));
#3522 = VECTOR('',#3523,1.);
#3523 = DIRECTION('',(1.,0.,0.));
#3524 = PCURVE('',#450,#3525);
#3525 = DEFINITIONAL_REPRESENTATION('',(#3526),#3530);
#3526 = LINE('',#3527,#3528);
#3527 = CARTESIAN_POINT('',(0.,0.));
#3528 = VECTOR('',#3529,1.);
#3529 = DIRECTION('',(1.,0.));
#3530 = ( GEOMETRIC_REPRESENTATION_CONTEXT(2) 
PARAMETRIC_REPRESENTATION_CONTEXT() REPRESENTATION_CONTEXT('2D SPACE',''
  ) );
#3531 = PCURVE('',#3532,#3537);
#3532 = PLANE('',#3533);
#3533 = AXIS2_PLACEMENT_3D('',#3534,#3535,#3536);
#3534 = CARTESIAN_POINT('',(-42.15,-39.4,1.805));
#3535 = DIRECTION('',(0.,1.110223024625E-16,-1.));
#3536 = DIRECTION('',(0.,1.,1.110223024625E-16));
#3537 = DEFINITIONAL_REPRESENTATION('',(#3538),#3542);
#3538 = LINE('',#3539,#3540);
#3539 = CARTESIAN_POINT('',(0.,0.));
#3540 = VECTOR('',#3541,1.);
#3541 = DIRECTION('',(0.,1.));
#3542 = ( GEOMETRIC_REPRESENTATION_CONTEXT(2) 
PARAMETRIC_REPRESENTATION_CONTEXT() REPRESENTATION_CONTEXT('2D SPACE',''
  ) );
#3543 = ORIENTED_EDGE('',*,*,#3544,.T.);
#3544 = EDGE_CURVE('',#3517,#433,#3545,.T.);
#3545 = SURFACE_CURVE('',#3546,(#3550,#3557),.PCURVE_S1.);
#3546 = LINE('',#3547,#3548);
#3547 = CARTESIAN_POINT('',(-37.85,-39.4,1.805));
#3548 = VECTOR('',#3549,1.);
#3549 = DIRECTION('',(0.,1.110223024625E-16,-1.));
#3550 = PCURVE('',#450,#3551);
#3551 = DEFINITIONAL_REPRESENTATION('',(#3552),#3556);
#3552 = LINE('',#3553,#3554);
#3553 = CARTESIAN_POINT('',(4.3,0.));
#3554 = VECTOR('',#3555,1.);
#3555 = DIRECTION('',(0.,1.));
#3556 = ( GEOMETRIC_REPRESENTATION_CONTEXT(2) 
PARAMETRIC_REPRESENTATION_CONTEXT() REPRESENTATION_CONTEXT('2D SPACE',''
  ) );
#3557 = PCURVE('',#532,#3558);
#3558 = DEFINITIONAL_REPRESENTATION('',(#3559),#3563);
#3559 = LINE('',#3560,#3561);
#3560 = CARTESIAN_POINT('',(0.,0.));
#3561 = VECTOR('',#3562,1.);
#3562 = DIRECTION('',(0.,-1.));
#3563 = ( GEOMETRIC_REPRESENTATION_CONTEXT(2) 
PARAMETRIC_REPRESENTATION_CONTEXT() REPRESENTATION_CONTEXT('2D SPACE',''
  ) );
#3564 = ORIENTED_EDGE('',*,*,#432,.T.);
#3565 = ADVANCED_FACE('',(#3566),#532,.F.);
#3566 = FACE_BOUND('',#3567,.F.);
#3567 = EDGE_LOOP('',(#3568,#3591,#3612,#3613));
#3568 = ORIENTED_EDGE('',*,*,#3569,.F.);
#3569 = EDGE_CURVE('',#3570,#491,#3572,.T.);
#3570 = VERTEX_POINT('',#3571);
#3571 = CARTESIAN_POINT('',(-37.85,-30.6,1.805));
#3572 = SURFACE_CURVE('',#3573,(#3577,#3584),.PCURVE_S1.);
#3573 = LINE('',#3574,#3575);
#3574 = CARTESIAN_POINT('',(-37.85,-30.6,1.805));
#3575 = VECTOR('',#3576,1.);
#3576 = DIRECTION('',(0.,1.110223024625E-16,-1.));
#3577 = PCURVE('',#532,#3578);
#3578 = DEFINITIONAL_REPRESENTATION('',(#3579),#3583);
#3579 = LINE('',#3580,#3581);
#3580 = CARTESIAN_POINT('',(8.8,-9.769962616701E-16));
#3581 = VECTOR('',#3582,1.);
#3582 = DIRECTION('',(0.,-1.));
#3583 = ( GEOMETRIC_REPRESENTATION_CONTEXT(2) 
PARAMETRIC_REPRESENTATION_CONTEXT() REPRESENTATION_CONTEXT('2D SPACE',''
  ) );
#3584 = PCURVE('',#506,#3585);
#3585 = DEFINITIONAL_REPRESENTATION('',(#3586),#3590);
#3586 = LINE('',#3587,#3588);
#3587 = CARTESIAN_POINT('',(4.3,0.));
#3588 = VECTOR('',#3589,1.);
#3589 = DIRECTION('',(0.,1.));
#3590 = ( GEOMETRIC_REPRESENTATION_CONTEXT(2) 
PARAMETRIC_REPRESENTATION_CONTEXT() REPRESENTATION_CONTEXT('2D SPACE',''
  ) );
#3591 = ORIENTED_EDGE('',*,*,#3592,.F.);
#3592 = EDGE_CURVE('',#3517,#3570,#3593,.T.);
#3593 = SURFACE_CURVE('',#3594,(#3598,#3605),.PCURVE_S1.);
#3594 = LINE('',#3595,#3596);
#3595 = CARTESIAN_POINT('',(-37.85,-39.4,1.805));
#3596 = VECTOR('',#3597,1.);
#3597 = DIRECTION('',(0.,1.,1.110223024625E-16));
#3598 = PCURVE('',#532,#3599);
#3599 = DEFINITIONAL_REPRESENTATION('',(#3600),#3604);
#3600 = LINE('',#3601,#3602);
#3601 = CARTESIAN_POINT('',(0.,0.));
#3602 = VECTOR('',#3603,1.);
#3603 = DIRECTION('',(1.,0.));
#3604 = ( GEOMETRIC_REPRESENTATION_CONTEXT(2) 
PARAMETRIC_REPRESENTATION_CONTEXT() REPRESENTATION_CONTEXT('2D SPACE',''
  ) );
#3605 = PCURVE('',#3532,#3606);
#3606 = DEFINITIONAL_REPRESENTATION('',(#3607),#3611);
#3607 = LINE('',#3608,#3609);
#3608 = CARTESIAN_POINT('',(0.,4.3));
#3609 = VECTOR('',#3610,1.);
#3610 = DIRECTION('',(1.,0.));
#3611 = ( GEOMETRIC_REPRESENTATION_CONTEXT(2) 
PARAMETRIC_REPRESENTATION_CONTEXT() REPRESENTATION_CONTEXT('2D SPACE',''
  ) );
#3612 = ORIENTED_EDGE('',*,*,#3544,.T.);
#3613 = ORIENTED_EDGE('',*,*,#518,.T.);
#3614 = ADVANCED_FACE('',(#3615),#506,.F.);
#3615 = FACE_BOUND('',#3616,.F.);
#3616 = EDGE_LOOP('',(#3617,#3640,#3661,#3662));
#3617 = ORIENTED_EDGE('',*,*,#3618,.F.);
#3618 = EDGE_CURVE('',#3619,#463,#3621,.T.);
#3619 = VERTEX_POINT('',#3620);
#3620 = CARTESIAN_POINT('',(-42.15,-30.6,1.805));
#3621 = SURFACE_CURVE('',#3622,(#3626,#3633),.PCURVE_S1.);
#3622 = LINE('',#3623,#3624);
#3623 = CARTESIAN_POINT('',(-42.15,-30.6,1.805));
#3624 = VECTOR('',#3625,1.);
#3625 = DIRECTION('',(0.,1.110223024625E-16,-1.));
#3626 = PCURVE('',#506,#3627);
#3627 = DEFINITIONAL_REPRESENTATION('',(#3628),#3632);
#3628 = LINE('',#3629,#3630);
#3629 = CARTESIAN_POINT('',(0.,0.));
#3630 = VECTOR('',#3631,1.);
#3631 = DIRECTION('',(0.,1.));
#3632 = ( GEOMETRIC_REPRESENTATION_CONTEXT(2) 
PARAMETRIC_REPRESENTATION_CONTEXT() REPRESENTATION_CONTEXT('2D SPACE',''
  ) );
#3633 = PCURVE('',#478,#3634);
#3634 = DEFINITIONAL_REPRESENTATION('',(#3635),#3639);
#3635 = LINE('',#3636,#3637);
#3636 = CARTESIAN_POINT('',(8.8,-9.769962616701E-16));
#3637 = VECTOR('',#3638,1.);
#3638 = DIRECTION('',(0.,-1.));
#3639 = ( GEOMETRIC_REPRESENTATION_CONTEXT(2) 
PARAMETRIC_REPRESENTATION_CONTEXT() REPRESENTATION_CONTEXT('2D SPACE',''
  ) );
#3640 = ORIENTED_EDGE('',*,*,#3641,.T.);
#3641 = EDGE_CURVE('',#3619,#3570,#3642,.T.);
#3642 = SURFACE_CURVE('',#3643,(#3647,#3654),.PCURVE_S1.);
#3643 = LINE('',#3644,#3645);
#3644 = CARTESIAN_POINT('',(-42.15,-30.6,1.805));
#3645 = VECTOR('',#3646,1.);
#3646 = DIRECTION('',(1.,0.,0.));
#3647 = PCURVE('',#506,#3648);
#3648 = DEFINITIONAL_REPRESENTATION('',(#3649),#3653);
#3649 = LINE('',#3650,#3651);
#3650 = CARTESIAN_POINT('',(0.,0.));
#3651 = VECTOR('',#3652,1.);
#3652 = DIRECTION('',(1.,0.));
#3653 = ( GEOMETRIC_REPRESENTATION_CONTEXT(2) 
PARAMETRIC_REPRESENTATION_CONTEXT() REPRESENTATION_CONTEXT('2D SPACE',''
  ) );
#3654 = PCURVE('',#3532,#3655);
#3655 = DEFINITIONAL_REPRESENTATION('',(#3656),#3660);
#3656 = LINE('',#3657,#3658);
#3657 = CARTESIAN_POINT('',(8.8,0.));
#3658 = VECTOR('',#3659,1.);
#3659 = DIRECTION('',(0.,1.));
#3660 = ( GEOMETRIC_REPRESENTATION_CONTEXT(2) 
PARAMETRIC_REPRESENTATION_CONTEXT() REPRESENTATION_CONTEXT('2D SPACE',''
  ) );
#3661 = ORIENTED_EDGE('',*,*,#3569,.T.);
#3662 = ORIENTED_EDGE('',*,*,#490,.T.);
#3663 = ADVANCED_FACE('',(#3664),#478,.T.);
#3664 = FACE_BOUND('',#3665,.T.);
#3665 = EDGE_LOOP('',(#3666,#3667,#3688,#3689));
#3666 = ORIENTED_EDGE('',*,*,#3618,.F.);
#3667 = ORIENTED_EDGE('',*,*,#3668,.F.);
#3668 = EDGE_CURVE('',#3494,#3619,#3669,.T.);
#3669 = SURFACE_CURVE('',#3670,(#3674,#3681),.PCURVE_S1.);
#3670 = LINE('',#3671,#3672);
#3671 = CARTESIAN_POINT('',(-42.15,-39.4,1.805));
#3672 = VECTOR('',#3673,1.);
#3673 = DIRECTION('',(0.,1.,1.110223024625E-16));
#3674 = PCURVE('',#478,#3675);
#3675 = DEFINITIONAL_REPRESENTATION('',(#3676),#3680);
#3676 = LINE('',#3677,#3678);
#3677 = CARTESIAN_POINT('',(0.,0.));
#3678 = VECTOR('',#3679,1.);
#3679 = DIRECTION('',(1.,0.));
#3680 = ( GEOMETRIC_REPRESENTATION_CONTEXT(2) 
PARAMETRIC_REPRESENTATION_CONTEXT() REPRESENTATION_CONTEXT('2D SPACE',''
  ) );
#3681 = PCURVE('',#3532,#3682);
#3682 = DEFINITIONAL_REPRESENTATION('',(#3683),#3687);
#3683 = LINE('',#3684,#3685);
#3684 = CARTESIAN_POINT('',(0.,0.));
#3685 = VECTOR('',#3686,1.);
#3686 = DIRECTION('',(1.,0.));
#3687 = ( GEOMETRIC_REPRESENTATION_CONTEXT(2) 
PARAMETRIC_REPRESENTATION_CONTEXT() REPRESENTATION_CONTEXT('2D SPACE',''
  ) );
#3688 = ORIENTED_EDGE('',*,*,#3493,.T.);
#3689 = ORIENTED_EDGE('',*,*,#462,.T.);
#3690 = ADVANCED_FACE('',(#3691),#567,.F.);
#3691 = FACE_BOUND('',#3692,.F.);
#3692 = EDGE_LOOP('',(#3693,#3694,#3717,#3748));
#3693 = ORIENTED_EDGE('',*,*,#546,.F.);
#3694 = ORIENTED_EDGE('',*,*,#3695,.F.);
#3695 = EDGE_CURVE('',#3696,#547,#3698,.T.);
#3696 = VERTEX_POINT('',#3697);
#3697 = CARTESIAN_POINT('',(-41.,-23.8,1.2));
#3698 = SEAM_CURVE('',#3699,(#3703,#3710),.PCURVE_S1.);
#3699 = LINE('',#3700,#3701);
#3700 = CARTESIAN_POINT('',(-41.,-23.8,5.));
#3701 = VECTOR('',#3702,1.);
#3702 = DIRECTION('',(0.,1.110223024625E-16,-1.));
#3703 = PCURVE('',#567,#3704);
#3704 = DEFINITIONAL_REPRESENTATION('',(#3705),#3709);
#3705 = LINE('',#3706,#3707);
#3706 = CARTESIAN_POINT('',(6.28318530718,-0.));
#3707 = VECTOR('',#3708,1.);
#3708 = DIRECTION('',(0.,1.));
#3709 = ( GEOMETRIC_REPRESENTATION_CONTEXT(2) 
PARAMETRIC_REPRESENTATION_CONTEXT() REPRESENTATION_CONTEXT('2D SPACE',''
  ) );
#3710 = PCURVE('',#567,#3711);
#3711 = DEFINITIONAL_REPRESENTATION('',(#3712),#3716);
#3712 = LINE('',#3713,#3714);
#3713 = CARTESIAN_POINT('',(0.,-0.));
#3714 = VECTOR('',#3715,1.);
#3715 = DIRECTION('',(0.,1.));
#3716 = ( GEOMETRIC_REPRESENTATION_CONTEXT(2) 
PARAMETRIC_REPRESENTATION_CONTEXT() REPRESENTATION_CONTEXT('2D SPACE',''
  ) );
#3717 = ORIENTED_EDGE('',*,*,#3718,.T.);
#3718 = EDGE_CURVE('',#3696,#3696,#3719,.T.);
#3719 = SURFACE_CURVE('',#3720,(#3725,#3732),.PCURVE_S1.);
#3720 = CIRCLE('',#3721,1.2);
#3721 = AXIS2_PLACEMENT_3D('',#3722,#3723,#3724);
#3722 = CARTESIAN_POINT('',(-41.,-25.,1.2));
#3723 = DIRECTION('',(0.,1.110223024625E-16,-1.));
#3724 = DIRECTION('',(0.,1.,1.110223024625E-16));
#3725 = PCURVE('',#567,#3726);
#3726 = DEFINITIONAL_REPRESENTATION('',(#3727),#3731);
#3727 = LINE('',#3728,#3729);
#3728 = CARTESIAN_POINT('',(0.,3.8));
#3729 = VECTOR('',#3730,1.);
#3730 = DIRECTION('',(1.,0.));
#3731 = ( GEOMETRIC_REPRESENTATION_CONTEXT(2) 
PARAMETRIC_REPRESENTATION_CONTEXT() REPRESENTATION_CONTEXT('2D SPACE',''
  ) );
#3732 = PCURVE('',#3733,#3738);
#3733 = PLANE('',#3734);
#3734 = AXIS2_PLACEMENT_3D('',#3735,#3736,#3737);
#3735 = CARTESIAN_POINT('',(-41.,-25.,1.2));
#3736 = DIRECTION('',(0.,0.,1.));
#3737 = DIRECTION('',(1.,0.,0.));
#3738 = DEFINITIONAL_REPRESENTATION('',(#3739),#3747);
#3739 = ( BOUNDED_CURVE() B_SPLINE_CURVE(2,(#3740,#3741,#3742,#3743,
#3744,#3745,#3746),.UNSPECIFIED.,.T.,.F.) B_SPLINE_CURVE_WITH_KNOTS((1,2
    ,2,2,2,1),(-2.094395102393,0.,2.094395102393,4.188790204786,
6.28318530718,8.377580409573),.UNSPECIFIED.) CURVE() 
GEOMETRIC_REPRESENTATION_ITEM() RATIONAL_B_SPLINE_CURVE((1.,0.5,1.,0.5,
1.,0.5,1.)) REPRESENTATION_ITEM('') );
#3740 = CARTESIAN_POINT('',(0.,1.2));
#3741 = CARTESIAN_POINT('',(2.078460969083,1.2));
#3742 = CARTESIAN_POINT('',(1.039230484541,-0.6));
#3743 = CARTESIAN_POINT('',(2.939152317954E-16,-2.4));
#3744 = CARTESIAN_POINT('',(-1.039230484541,-0.6));
#3745 = CARTESIAN_POINT('',(-2.078460969083,1.2));
#3746 = CARTESIAN_POINT('',(0.,1.2));
#3747 = ( GEOMETRIC_REPRESENTATION_CONTEXT(2) 
PARAMETRIC_REPRESENTATION_CONTEXT() REPRESENTATION_CONTEXT('2D SPACE',''
  ) );
#3748 = ORIENTED_EDGE('',*,*,#3695,.T.);
#3749 = ADVANCED_FACE('',(#3750),#602,.F.);
#3750 = FACE_BOUND('',#3751,.F.);
#3751 = EDGE_LOOP('',(#3752,#3753,#3776,#3803));
#3752 = ORIENTED_EDGE('',*,*,#581,.F.);
#3753 = ORIENTED_EDGE('',*,*,#3754,.F.);
#3754 = EDGE_CURVE('',#3755,#582,#3757,.T.);
#3755 = VERTEX_POINT('',#3756);
#3756 = CARTESIAN_POINT('',(-8.89,-19.793925,15.));
#3757 = SEAM_CURVE('',#3758,(#3762,#3769),.PCURVE_S1.);
#3758 = LINE('',#3759,#3760);
#3759 = CARTESIAN_POINT('',(-8.89,-19.793925,16.));
#3760 = VECTOR('',#3761,1.);
#3761 = DIRECTION('',(0.,1.110223024625E-16,-1.));
#3762 = PCURVE('',#602,#3763);
#3763 = DEFINITIONAL_REPRESENTATION('',(#3764),#3768);
#3764 = LINE('',#3765,#3766);
#3765 = CARTESIAN_POINT('',(6.28318530718,-0.));
#3766 = VECTOR('',#3767,1.);
#3767 = DIRECTION('',(0.,1.));
#3768 = ( GEOMETRIC_REPRESENTATION_CONTEXT(2) 
PARAMETRIC_REPRESENTATION_CONTEXT() REPRESENTATION_CONTEXT('2D SPACE',''
  ) );
#3769 = PCURVE('',#602,#3770);
#3770 = DEFINITIONAL_REPRESENTATION('',(#3771),#3775);
#3771 = LINE('',#3772,#3773);
#3772 = CARTESIAN_POINT('',(0.,-0.));
#3773 = VECTOR('',#3774,1.);
#3774 = DIRECTION('',(0.,1.));
#3775 = ( GEOMETRIC_REPRESENTATION_CONTEXT(2) 
PARAMETRIC_REPRESENTATION_CONTEXT() REPRESENTATION_CONTEXT('2D SPACE',''
  ) );
#3776 = ORIENTED_EDGE('',*,*,#3777,.T.);
#3777 = EDGE_CURVE('',#3755,#3755,#3778,.T.);
#3778 = SURFACE_CURVE('',#3779,(#3784,#3791),.PCURVE_S1.);
#3779 = CIRCLE('',#3780,1.45);
#3780 = AXIS2_PLACEMENT_3D('',#3781,#3782,#3783);
#3781 = CARTESIAN_POINT('',(-8.89,-21.243925,15.));
#3782 = DIRECTION('',(0.,1.110223024625E-16,-1.));
#3783 = DIRECTION('',(0.,1.,1.110223024625E-16));
#3784 = PCURVE('',#602,#3785);
#3785 = DEFINITIONAL_REPRESENTATION('',(#3786),#3790);
#3786 = LINE('',#3787,#3788);
#3787 = CARTESIAN_POINT('',(0.,1.));
#3788 = VECTOR('',#3789,1.);
#3789 = DIRECTION('',(1.,0.));
#3790 = ( GEOMETRIC_REPRESENTATION_CONTEXT(2) 
PARAMETRIC_REPRESENTATION_CONTEXT() REPRESENTATION_CONTEXT('2D SPACE',''
  ) );
#3791 = PCURVE('',#3792,#3797);
#3792 = PLANE('',#3793);
#3793 = AXIS2_PLACEMENT_3D('',#3794,#3795,#3796);
#3794 = CARTESIAN_POINT('',(-8.89,-21.243925,15.));
#3795 = DIRECTION('',(0.,1.110223024625E-16,-1.));
#3796 = DIRECTION('',(0.,1.,1.110223024625E-16));
#3797 = DEFINITIONAL_REPRESENTATION('',(#3798),#3802);
#3798 = CIRCLE('',#3799,1.45);
#3799 = AXIS2_PLACEMENT_2D('',#3800,#3801);
#3800 = CARTESIAN_POINT('',(0.,0.));
#3801 = DIRECTION('',(1.,0.));
#3802 = ( GEOMETRIC_REPRESENTATION_CONTEXT(2) 
PARAMETRIC_REPRESENTATION_CONTEXT() REPRESENTATION_CONTEXT('2D SPACE',''
  ) );
#3803 = ORIENTED_EDGE('',*,*,#3754,.T.);
#3804 = ADVANCED_FACE('',(#3805),#637,.F.);
#3805 = FACE_BOUND('',#3806,.F.);
#3806 = EDGE_LOOP('',(#3807,#3808,#3831,#3858));
#3807 = ORIENTED_EDGE('',*,*,#616,.F.);
#3808 = ORIENTED_EDGE('',*,*,#3809,.F.);
#3809 = EDGE_CURVE('',#3810,#617,#3812,.T.);
#3810 = VERTEX_POINT('',#3811);
#3811 = CARTESIAN_POINT('',(8.89,-19.793925,15.));
#3812 = SEAM_CURVE('',#3813,(#3817,#3824),.PCURVE_S1.);
#3813 = LINE('',#3814,#3815);
#3814 = CARTESIAN_POINT('',(8.89,-19.793925,16.));
#3815 = VECTOR('',#3816,1.);
#3816 = DIRECTION('',(0.,1.110223024625E-16,-1.));
#3817 = PCURVE('',#637,#3818);
#3818 = DEFINITIONAL_REPRESENTATION('',(#3819),#3823);
#3819 = LINE('',#3820,#3821);
#3820 = CARTESIAN_POINT('',(6.28318530718,-0.));
#3821 = VECTOR('',#3822,1.);
#3822 = DIRECTION('',(0.,1.));
#3823 = ( GEOMETRIC_REPRESENTATION_CONTEXT(2) 
PARAMETRIC_REPRESENTATION_CONTEXT() REPRESENTATION_CONTEXT('2D SPACE',''
  ) );
#3824 = PCURVE('',#637,#3825);
#3825 = DEFINITIONAL_REPRESENTATION('',(#3826),#3830);
#3826 = LINE('',#3827,#3828);
#3827 = CARTESIAN_POINT('',(0.,-0.));
#3828 = VECTOR('',#3829,1.);
#3829 = DIRECTION('',(0.,1.));
#3830 = ( GEOMETRIC_REPRESENTATION_CONTEXT(2) 
PARAMETRIC_REPRESENTATION_CONTEXT() REPRESENTATION_CONTEXT('2D SPACE',''
  ) );
#3831 = ORIENTED_EDGE('',*,*,#3832,.T.);
#3832 = EDGE_CURVE('',#3810,#3810,#3833,.T.);
#3833 = SURFACE_CURVE('',#3834,(#3839,#3846),.PCURVE_S1.);
#3834 = CIRCLE('',#3835,1.45);
#3835 = AXIS2_PLACEMENT_3D('',#3836,#3837,#3838);
#3836 = CARTESIAN_POINT('',(8.89,-21.243925,15.));
#3837 = DIRECTION('',(0.,1.110223024625E-16,-1.));
#3838 = DIRECTION('',(0.,1.,1.110223024625E-16));
#3839 = PCURVE('',#637,#3840);
#3840 = DEFINITIONAL_REPRESENTATION('',(#3841),#3845);
#3841 = LINE('',#3842,#3843);
#3842 = CARTESIAN_POINT('',(0.,1.));
#3843 = VECTOR('',#3844,1.);
#3844 = DIRECTION('',(1.,0.));
#3845 = ( GEOMETRIC_REPRESENTATION_CONTEXT(2) 
PARAMETRIC_REPRESENTATION_CONTEXT() REPRESENTATION_CONTEXT('2D SPACE',''
  ) );
#3846 = PCURVE('',#3847,#3852);
#3847 = PLANE('',#3848);
#3848 = AXIS2_PLACEMENT_3D('',#3849,#3850,#3851);
#3849 = CARTESIAN_POINT('',(8.89,-21.243925,15.));
#3850 = DIRECTION('',(0.,1.110223024625E-16,-1.));
#3851 = DIRECTION('',(0.,1.,1.110223024625E-16));
#3852 = DEFINITIONAL_REPRESENTATION('',(#3853),#3857);
#3853 = CIRCLE('',#3854,1.45);
#3854 = AXIS2_PLACEMENT_2D('',#3855,#3856);
#3855 = CARTESIAN_POINT('',(0.,0.));
#3856 = DIRECTION('',(1.,0.));
#3857 = ( GEOMETRIC_REPRESENTATION_CONTEXT(2) 
PARAMETRIC_REPRESENTATION_CONTEXT() REPRESENTATION_CONTEXT('2D SPACE',''
  ) );
#3858 = ORIENTED_EDGE('',*,*,#3809,.T.);
#3859 = ADVANCED_FACE('',(#3860),#669,.T.);
#3860 = FACE_BOUND('',#3861,.T.);
#3861 = EDGE_LOOP('',(#3862,#3885,#3913,#3934));
#3862 = ORIENTED_EDGE('',*,*,#3863,.F.);
#3863 = EDGE_CURVE('',#3864,#654,#3866,.T.);
#3864 = VERTEX_POINT('',#3865);
#3865 = CARTESIAN_POINT('',(37.85,-39.4,1.805));
#3866 = SURFACE_CURVE('',#3867,(#3871,#3878),.PCURVE_S1.);
#3867 = LINE('',#3868,#3869);
#3868 = CARTESIAN_POINT('',(37.85,-39.4,1.805));
#3869 = VECTOR('',#3870,1.);
#3870 = DIRECTION('',(0.,1.110223024625E-16,-1.));
#3871 = PCURVE('',#669,#3872);
#3872 = DEFINITIONAL_REPRESENTATION('',(#3873),#3877);
#3873 = LINE('',#3874,#3875);
#3874 = CARTESIAN_POINT('',(0.,0.));
#3875 = VECTOR('',#3876,1.);
#3876 = DIRECTION('',(0.,1.));
#3877 = ( GEOMETRIC_REPRESENTATION_CONTEXT(2) 
PARAMETRIC_REPRESENTATION_CONTEXT() REPRESENTATION_CONTEXT('2D SPACE',''
  ) );
#3878 = PCURVE('',#697,#3879);
#3879 = DEFINITIONAL_REPRESENTATION('',(#3880),#3884);
#3880 = LINE('',#3881,#3882);
#3881 = CARTESIAN_POINT('',(0.,0.));
#3882 = VECTOR('',#3883,1.);
#3883 = DIRECTION('',(0.,-1.));
#3884 = ( GEOMETRIC_REPRESENTATION_CONTEXT(2) 
PARAMETRIC_REPRESENTATION_CONTEXT() REPRESENTATION_CONTEXT('2D SPACE',''
  ) );
#3885 = ORIENTED_EDGE('',*,*,#3886,.T.);
#3886 = EDGE_CURVE('',#3864,#3887,#3889,.T.);
#3887 = VERTEX_POINT('',#3888);
#3888 = CARTESIAN_POINT('',(42.15,-39.4,1.805));
#3889 = SURFACE_CURVE('',#3890,(#3894,#3901),.PCURVE_S1.);
#3890 = LINE('',#3891,#3892);
#3891 = CARTESIAN_POINT('',(37.85,-39.4,1.805));
#3892 = VECTOR('',#3893,1.);
#3893 = DIRECTION('',(1.,0.,0.));
#3894 = PCURVE('',#669,#3895);
#3895 = DEFINITIONAL_REPRESENTATION('',(#3896),#3900);
#3896 = LINE('',#3897,#3898);
#3897 = CARTESIAN_POINT('',(0.,0.));
#3898 = VECTOR('',#3899,1.);
#3899 = DIRECTION('',(1.,0.));
#3900 = ( GEOMETRIC_REPRESENTATION_CONTEXT(2) 
PARAMETRIC_REPRESENTATION_CONTEXT() REPRESENTATION_CONTEXT('2D SPACE',''
  ) );
#3901 = PCURVE('',#3902,#3907);
#3902 = PLANE('',#3903);
#3903 = AXIS2_PLACEMENT_3D('',#3904,#3905,#3906);
#3904 = CARTESIAN_POINT('',(37.85,-39.4,1.805));
#3905 = DIRECTION('',(0.,1.110223024625E-16,-1.));
#3906 = DIRECTION('',(0.,1.,1.110223024625E-16));
#3907 = DEFINITIONAL_REPRESENTATION('',(#3908),#3912);
#3908 = LINE('',#3909,#3910);
#3909 = CARTESIAN_POINT('',(0.,0.));
#3910 = VECTOR('',#3911,1.);
#3911 = DIRECTION('',(0.,1.));
#3912 = ( GEOMETRIC_REPRESENTATION_CONTEXT(2) 
PARAMETRIC_REPRESENTATION_CONTEXT() REPRESENTATION_CONTEXT('2D SPACE',''
  ) );
#3913 = ORIENTED_EDGE('',*,*,#3914,.T.);
#3914 = EDGE_CURVE('',#3887,#652,#3915,.T.);
#3915 = SURFACE_CURVE('',#3916,(#3920,#3927),.PCURVE_S1.);
#3916 = LINE('',#3917,#3918);
#3917 = CARTESIAN_POINT('',(42.15,-39.4,1.805));
#3918 = VECTOR('',#3919,1.);
#3919 = DIRECTION('',(0.,1.110223024625E-16,-1.));
#3920 = PCURVE('',#669,#3921);
#3921 = DEFINITIONAL_REPRESENTATION('',(#3922),#3926);
#3922 = LINE('',#3923,#3924);
#3923 = CARTESIAN_POINT('',(4.3,0.));
#3924 = VECTOR('',#3925,1.);
#3925 = DIRECTION('',(0.,1.));
#3926 = ( GEOMETRIC_REPRESENTATION_CONTEXT(2) 
PARAMETRIC_REPRESENTATION_CONTEXT() REPRESENTATION_CONTEXT('2D SPACE',''
  ) );
#3927 = PCURVE('',#751,#3928);
#3928 = DEFINITIONAL_REPRESENTATION('',(#3929),#3933);
#3929 = LINE('',#3930,#3931);
#3930 = CARTESIAN_POINT('',(0.,0.));
#3931 = VECTOR('',#3932,1.);
#3932 = DIRECTION('',(0.,-1.));
#3933 = ( GEOMETRIC_REPRESENTATION_CONTEXT(2) 
PARAMETRIC_REPRESENTATION_CONTEXT() REPRESENTATION_CONTEXT('2D SPACE',''
  ) );
#3934 = ORIENTED_EDGE('',*,*,#651,.T.);
#3935 = ADVANCED_FACE('',(#3936),#751,.F.);
#3936 = FACE_BOUND('',#3937,.F.);
#3937 = EDGE_LOOP('',(#3938,#3961,#3982,#3983));
#3938 = ORIENTED_EDGE('',*,*,#3939,.F.);
#3939 = EDGE_CURVE('',#3940,#710,#3942,.T.);
#3940 = VERTEX_POINT('',#3941);
#3941 = CARTESIAN_POINT('',(42.15,-30.6,1.805));
#3942 = SURFACE_CURVE('',#3943,(#3947,#3954),.PCURVE_S1.);
#3943 = LINE('',#3944,#3945);
#3944 = CARTESIAN_POINT('',(42.15,-30.6,1.805));
#3945 = VECTOR('',#3946,1.);
#3946 = DIRECTION('',(0.,1.110223024625E-16,-1.));
#3947 = PCURVE('',#751,#3948);
#3948 = DEFINITIONAL_REPRESENTATION('',(#3949),#3953);
#3949 = LINE('',#3950,#3951);
#3950 = CARTESIAN_POINT('',(8.8,-9.769962616701E-16));
#3951 = VECTOR('',#3952,1.);
#3952 = DIRECTION('',(0.,-1.));
#3953 = ( GEOMETRIC_REPRESENTATION_CONTEXT(2) 
PARAMETRIC_REPRESENTATION_CONTEXT() REPRESENTATION_CONTEXT('2D SPACE',''
  ) );
#3954 = PCURVE('',#725,#3955);
#3955 = DEFINITIONAL_REPRESENTATION('',(#3956),#3960);
#3956 = LINE('',#3957,#3958);
#3957 = CARTESIAN_POINT('',(4.3,0.));
#3958 = VECTOR('',#3959,1.);
#3959 = DIRECTION('',(0.,1.));
#3960 = ( GEOMETRIC_REPRESENTATION_CONTEXT(2) 
PARAMETRIC_REPRESENTATION_CONTEXT() REPRESENTATION_CONTEXT('2D SPACE',''
  ) );
#3961 = ORIENTED_EDGE('',*,*,#3962,.F.);
#3962 = EDGE_CURVE('',#3887,#3940,#3963,.T.);
#3963 = SURFACE_CURVE('',#3964,(#3968,#3975),.PCURVE_S1.);
#3964 = LINE('',#3965,#3966);
#3965 = CARTESIAN_POINT('',(42.15,-39.4,1.805));
#3966 = VECTOR('',#3967,1.);
#3967 = DIRECTION('',(0.,1.,1.110223024625E-16));
#3968 = PCURVE('',#751,#3969);
#3969 = DEFINITIONAL_REPRESENTATION('',(#3970),#3974);
#3970 = LINE('',#3971,#3972);
#3971 = CARTESIAN_POINT('',(0.,0.));
#3972 = VECTOR('',#3973,1.);
#3973 = DIRECTION('',(1.,0.));
#3974 = ( GEOMETRIC_REPRESENTATION_CONTEXT(2) 
PARAMETRIC_REPRESENTATION_CONTEXT() REPRESENTATION_CONTEXT('2D SPACE',''
  ) );
#3975 = PCURVE('',#3902,#3976);
#3976 = DEFINITIONAL_REPRESENTATION('',(#3977),#3981);
#3977 = LINE('',#3978,#3979);
#3978 = CARTESIAN_POINT('',(0.,4.3));
#3979 = VECTOR('',#3980,1.);
#3980 = DIRECTION('',(1.,0.));
#3981 = ( GEOMETRIC_REPRESENTATION_CONTEXT(2) 
PARAMETRIC_REPRESENTATION_CONTEXT() REPRESENTATION_CONTEXT('2D SPACE',''
  ) );
#3982 = ORIENTED_EDGE('',*,*,#3914,.T.);
#3983 = ORIENTED_EDGE('',*,*,#737,.T.);
#3984 = ADVANCED_FACE('',(#3985),#725,.F.);
#3985 = FACE_BOUND('',#3986,.F.);
#3986 = EDGE_LOOP('',(#3987,#4010,#4031,#4032));
#3987 = ORIENTED_EDGE('',*,*,#3988,.F.);
#3988 = EDGE_CURVE('',#3989,#682,#3991,.T.);
#3989 = VERTEX_POINT('',#3990);
#3990 = CARTESIAN_POINT('',(37.85,-30.6,1.805));
#3991 = SURFACE_CURVE('',#3992,(#3996,#4003),.PCURVE_S1.);
#3992 = LINE('',#3993,#3994);
#3993 = CARTESIAN_POINT('',(37.85,-30.6,1.805));
#3994 = VECTOR('',#3995,1.);
#3995 = DIRECTION('',(0.,1.110223024625E-16,-1.));
#3996 = PCURVE('',#725,#3997);
#3997 = DEFINITIONAL_REPRESENTATION('',(#3998),#4002);
#3998 = LINE('',#3999,#4000);
#3999 = CARTESIAN_POINT('',(0.,0.));
#4000 = VECTOR('',#4001,1.);
#4001 = DIRECTION('',(0.,1.));
#4002 = ( GEOMETRIC_REPRESENTATION_CONTEXT(2) 
PARAMETRIC_REPRESENTATION_CONTEXT() REPRESENTATION_CONTEXT('2D SPACE',''
  ) );
#4003 = PCURVE('',#697,#4004);
#4004 = DEFINITIONAL_REPRESENTATION('',(#4005),#4009);
#4005 = LINE('',#4006,#4007);
#4006 = CARTESIAN_POINT('',(8.8,-9.769962616701E-16));
#4007 = VECTOR('',#4008,1.);
#4008 = DIRECTION('',(0.,-1.));
#4009 = ( GEOMETRIC_REPRESENTATION_CONTEXT(2) 
PARAMETRIC_REPRESENTATION_CONTEXT() REPRESENTATION_CONTEXT('2D SPACE',''
  ) );
#4010 = ORIENTED_EDGE('',*,*,#4011,.T.);
#4011 = EDGE_CURVE('',#3989,#3940,#4012,.T.);
#4012 = SURFACE_CURVE('',#4013,(#4017,#4024),.PCURVE_S1.);
#4013 = LINE('',#4014,#4015);
#4014 = CARTESIAN_POINT('',(37.85,-30.6,1.805));
#4015 = VECTOR('',#4016,1.);
#4016 = DIRECTION('',(1.,0.,0.));
#4017 = PCURVE('',#725,#4018);
#4018 = DEFINITIONAL_REPRESENTATION('',(#4019),#4023);
#4019 = LINE('',#4020,#4021);
#4020 = CARTESIAN_POINT('',(0.,0.));
#4021 = VECTOR('',#4022,1.);
#4022 = DIRECTION('',(1.,0.));
#4023 = ( GEOMETRIC_REPRESENTATION_CONTEXT(2) 
PARAMETRIC_REPRESENTATION_CONTEXT() REPRESENTATION_CONTEXT('2D SPACE',''
  ) );
#4024 = PCURVE('',#3902,#4025);
#4025 = DEFINITIONAL_REPRESENTATION('',(#4026),#4030);
#4026 = LINE('',#4027,#4028);
#4027 = CARTESIAN_POINT('',(8.8,0.));
#4028 = VECTOR('',#4029,1.);
#4029 = DIRECTION('',(0.,1.));
#4030 = ( GEOMETRIC_REPRESENTATION_CONTEXT(2) 
PARAMETRIC_REPRESENTATION_CONTEXT() REPRESENTATION_CONTEXT('2D SPACE',''
  ) );
#4031 = ORIENTED_EDGE('',*,*,#3939,.T.);
#4032 = ORIENTED_EDGE('',*,*,#709,.T.);
#4033 = ADVANCED_FACE('',(#4034),#697,.T.);
#4034 = FACE_BOUND('',#4035,.T.);
#4035 = EDGE_LOOP('',(#4036,#4037,#4058,#4059));
#4036 = ORIENTED_EDGE('',*,*,#3988,.F.);
#4037 = ORIENTED_EDGE('',*,*,#4038,.F.);
#4038 = EDGE_CURVE('',#3864,#3989,#4039,.T.);
#4039 = SURFACE_CURVE('',#4040,(#4044,#4051),.PCURVE_S1.);
#4040 = LINE('',#4041,#4042);
#4041 = CARTESIAN_POINT('',(37.85,-39.4,1.805));
#4042 = VECTOR('',#4043,1.);
#4043 = DIRECTION('',(0.,1.,1.110223024625E-16));
#4044 = PCURVE('',#697,#4045);
#4045 = DEFINITIONAL_REPRESENTATION('',(#4046),#4050);
#4046 = LINE('',#4047,#4048);
#4047 = CARTESIAN_POINT('',(0.,0.));
#4048 = VECTOR('',#4049,1.);
#4049 = DIRECTION('',(1.,0.));
#4050 = ( GEOMETRIC_REPRESENTATION_CONTEXT(2) 
PARAMETRIC_REPRESENTATION_CONTEXT() REPRESENTATION_CONTEXT('2D SPACE',''
  ) );
#4051 = PCURVE('',#3902,#4052);
#4052 = DEFINITIONAL_REPRESENTATION('',(#4053),#4057);
#4053 = LINE('',#4054,#4055);
#4054 = CARTESIAN_POINT('',(0.,0.));
#4055 = VECTOR('',#4056,1.);
#4056 = DIRECTION('',(1.,0.));
#4057 = ( GEOMETRIC_REPRESENTATION_CONTEXT(2) 
PARAMETRIC_REPRESENTATION_CONTEXT() REPRESENTATION_CONTEXT('2D SPACE',''
  ) );
#4058 = ORIENTED_EDGE('',*,*,#3863,.T.);
#4059 = ORIENTED_EDGE('',*,*,#681,.T.);
#4060 = ADVANCED_FACE('',(#4061),#786,.F.);
#4061 = FACE_BOUND('',#4062,.F.);
#4062 = EDGE_LOOP('',(#4063,#4064,#4087,#4118));
#4063 = ORIENTED_EDGE('',*,*,#765,.F.);
#4064 = ORIENTED_EDGE('',*,*,#4065,.F.);
#4065 = EDGE_CURVE('',#4066,#766,#4068,.T.);
#4066 = VERTEX_POINT('',#4067);
#4067 = CARTESIAN_POINT('',(41.,-23.8,1.2));
#4068 = SEAM_CURVE('',#4069,(#4073,#4080),.PCURVE_S1.);
#4069 = LINE('',#4070,#4071);
#4070 = CARTESIAN_POINT('',(41.,-23.8,5.));
#4071 = VECTOR('',#4072,1.);
#4072 = DIRECTION('',(0.,1.110223024625E-16,-1.));
#4073 = PCURVE('',#786,#4074);
#4074 = DEFINITIONAL_REPRESENTATION('',(#4075),#4079);
#4075 = LINE('',#4076,#4077);
#4076 = CARTESIAN_POINT('',(6.28318530718,-0.));
#4077 = VECTOR('',#4078,1.);
#4078 = DIRECTION('',(0.,1.));
#4079 = ( GEOMETRIC_REPRESENTATION_CONTEXT(2) 
PARAMETRIC_REPRESENTATION_CONTEXT() REPRESENTATION_CONTEXT('2D SPACE',''
  ) );
#4080 = PCURVE('',#786,#4081);
#4081 = DEFINITIONAL_REPRESENTATION('',(#4082),#4086);
#4082 = LINE('',#4083,#4084);
#4083 = CARTESIAN_POINT('',(0.,-0.));
#4084 = VECTOR('',#4085,1.);
#4085 = DIRECTION('',(0.,1.));
#4086 = ( GEOMETRIC_REPRESENTATION_CONTEXT(2) 
PARAMETRIC_REPRESENTATION_CONTEXT() REPRESENTATION_CONTEXT('2D SPACE',''
  ) );
#4087 = ORIENTED_EDGE('',*,*,#4088,.T.);
#4088 = EDGE_CURVE('',#4066,#4066,#4089,.T.);
#4089 = SURFACE_CURVE('',#4090,(#4095,#4102),.PCURVE_S1.);
#4090 = CIRCLE('',#4091,1.2);
#4091 = AXIS2_PLACEMENT_3D('',#4092,#4093,#4094);
#4092 = CARTESIAN_POINT('',(41.,-25.,1.2));
#4093 = DIRECTION('',(0.,1.110223024625E-16,-1.));
#4094 = DIRECTION('',(0.,1.,1.110223024625E-16));
#4095 = PCURVE('',#786,#4096);
#4096 = DEFINITIONAL_REPRESENTATION('',(#4097),#4101);
#4097 = LINE('',#4098,#4099);
#4098 = CARTESIAN_POINT('',(0.,3.8));
#4099 = VECTOR('',#4100,1.);
#4100 = DIRECTION('',(1.,0.));
#4101 = ( GEOMETRIC_REPRESENTATION_CONTEXT(2) 
PARAMETRIC_REPRESENTATION_CONTEXT() REPRESENTATION_CONTEXT('2D SPACE',''
  ) );
#4102 = PCURVE('',#4103,#4108);
#4103 = PLANE('',#4104);
#4104 = AXIS2_PLACEMENT_3D('',#4105,#4106,#4107);
#4105 = CARTESIAN_POINT('',(41.,-25.,1.2));
#4106 = DIRECTION('',(0.,0.,1.));
#4107 = DIRECTION('',(1.,0.,0.));
#4108 = DEFINITIONAL_REPRESENTATION('',(#4109),#4117);
#4109 = ( BOUNDED_CURVE() B_SPLINE_CURVE(2,(#4110,#4111,#4112,#4113,
#4114,#4115,#4116),.UNSPECIFIED.,.T.,.F.) B_SPLINE_CURVE_WITH_KNOTS((1,2
    ,2,2,2,1),(-2.094395102393,0.,2.094395102393,4.188790204786,
6.28318530718,8.377580409573),.UNSPECIFIED.) CURVE() 
GEOMETRIC_REPRESENTATION_ITEM() RATIONAL_B_SPLINE_CURVE((1.,0.5,1.,0.5,
1.,0.5,1.)) REPRESENTATION_ITEM('') );
#4110 = CARTESIAN_POINT('',(0.,1.2));
#4111 = CARTESIAN_POINT('',(2.078460969083,1.2));
#4112 = CARTESIAN_POINT('',(1.039230484541,-0.6));
#4113 = CARTESIAN_POINT('',(2.939152317954E-16,-2.4));
#4114 = CARTESIAN_POINT('',(-1.039230484541,-0.6));
#4115 = CARTESIAN_POINT('',(-2.078460969083,1.2));
#4116 = CARTESIAN_POINT('',(0.,1.2));
#4117 = ( GEOMETRIC_REPRESENTATION_CONTEXT(2) 
PARAMETRIC_REPRESENTATION_CONTEXT() REPRESENTATION_CONTEXT('2D SPACE',''
  ) );
#4118 = ORIENTED_EDGE('',*,*,#4065,.T.);
#4119 = ADVANCED_FACE('',(#4120),#821,.F.);
#4120 = FACE_BOUND('',#4121,.F.);
#4121 = EDGE_LOOP('',(#4122,#4123,#4146,#4177));
#4122 = ORIENTED_EDGE('',*,*,#800,.F.);
#4123 = ORIENTED_EDGE('',*,*,#4124,.F.);
#4124 = EDGE_CURVE('',#4125,#801,#4127,.T.);
#4125 = VERTEX_POINT('',#4126);
#4126 = CARTESIAN_POINT('',(-41.,26.2,1.2));
#4127 = SEAM_CURVE('',#4128,(#4132,#4139),.PCURVE_S1.);
#4128 = LINE('',#4129,#4130);
#4129 = CARTESIAN_POINT('',(-41.,26.2,5.));
#4130 = VECTOR('',#4131,1.);
#4131 = DIRECTION('',(0.,1.110223024625E-16,-1.));
#4132 = PCURVE('',#821,#4133);
#4133 = DEFINITIONAL_REPRESENTATION('',(#4134),#4138);
#4134 = LINE('',#4135,#4136);
#4135 = CARTESIAN_POINT('',(6.28318530718,-0.));
#4136 = VECTOR('',#4137,1.);
#4137 = DIRECTION('',(0.,1.));
#4138 = ( GEOMETRIC_REPRESENTATION_CONTEXT(2) 
PARAMETRIC_REPRESENTATION_CONTEXT() REPRESENTATION_CONTEXT('2D SPACE',''
  ) );
#4139 = PCURVE('',#821,#4140);
#4140 = DEFINITIONAL_REPRESENTATION('',(#4141),#4145);
#4141 = LINE('',#4142,#4143);
#4142 = CARTESIAN_POINT('',(0.,-0.));
#4143 = VECTOR('',#4144,1.);
#4144 = DIRECTION('',(0.,1.));
#4145 = ( GEOMETRIC_REPRESENTATION_CONTEXT(2) 
PARAMETRIC_REPRESENTATION_CONTEXT() REPRESENTATION_CONTEXT('2D SPACE',''
  ) );
#4146 = ORIENTED_EDGE('',*,*,#4147,.T.);
#4147 = EDGE_CURVE('',#4125,#4125,#4148,.T.);
#4148 = SURFACE_CURVE('',#4149,(#4154,#4161),.PCURVE_S1.);
#4149 = CIRCLE('',#4150,1.2);
#4150 = AXIS2_PLACEMENT_3D('',#4151,#4152,#4153);
#4151 = CARTESIAN_POINT('',(-41.,25.,1.2));
#4152 = DIRECTION('',(0.,1.110223024625E-16,-1.));
#4153 = DIRECTION('',(0.,1.,1.110223024625E-16));
#4154 = PCURVE('',#821,#4155);
#4155 = DEFINITIONAL_REPRESENTATION('',(#4156),#4160);
#4156 = LINE('',#4157,#4158);
#4157 = CARTESIAN_POINT('',(0.,3.8));
#4158 = VECTOR('',#4159,1.);
#4159 = DIRECTION('',(1.,0.));
#4160 = ( GEOMETRIC_REPRESENTATION_CONTEXT(2) 
PARAMETRIC_REPRESENTATION_CONTEXT() REPRESENTATION_CONTEXT('2D SPACE',''
  ) );
#4161 = PCURVE('',#4162,#4167);
#4162 = PLANE('',#4163);
#4163 = AXIS2_PLACEMENT_3D('',#4164,#4165,#4166);
#4164 = CARTESIAN_POINT('',(-41.,25.,1.2));
#4165 = DIRECTION('',(0.,0.,1.));
#4166 = DIRECTION('',(1.,0.,0.));
#4167 = DEFINITIONAL_REPRESENTATION('',(#4168),#4176);
#4168 = ( BOUNDED_CURVE() B_SPLINE_CURVE(2,(#4169,#4170,#4171,#4172,
#4173,#4174,#4175),.UNSPECIFIED.,.T.,.F.) B_SPLINE_CURVE_WITH_KNOTS((1,2
    ,2,2,2,1),(-2.094395102393,0.,2.094395102393,4.188790204786,
6.28318530718,8.377580409573),.UNSPECIFIED.) CURVE() 
GEOMETRIC_REPRESENTATION_ITEM() RATIONAL_B_SPLINE_CURVE((1.,0.5,1.,0.5,
1.,0.5,1.)) REPRESENTATION_ITEM('') );
#4169 = CARTESIAN_POINT('',(0.,1.2));
#4170 = CARTESIAN_POINT('',(2.078460969083,1.2));
#4171 = CARTESIAN_POINT('',(1.039230484541,-0.6));
#4172 = CARTESIAN_POINT('',(2.939152317954E-16,-2.4));
#4173 = CARTESIAN_POINT('',(-1.039230484541,-0.6));
#4174 = CARTESIAN_POINT('',(-2.078460969083,1.2));
#4175 = CARTESIAN_POINT('',(0.,1.2));
#4176 = ( GEOMETRIC_REPRESENTATION_CONTEXT(2) 
PARAMETRIC_REPRESENTATION_CONTEXT() REPRESENTATION_CONTEXT('2D SPACE',''
  ) );
#4177 = ORIENTED_EDGE('',*,*,#4124,.T.);
#4178 = ADVANCED_FACE('',(#4179),#853,.T.);
#4179 = FACE_BOUND('',#4180,.T.);
#4180 = EDGE_LOOP('',(#4181,#4204,#4232,#4253));
#4181 = ORIENTED_EDGE('',*,*,#4182,.F.);
#4182 = EDGE_CURVE('',#4183,#838,#4185,.T.);
#4183 = VERTEX_POINT('',#4184);
#4184 = CARTESIAN_POINT('',(-42.15,30.6,1.805));
#4185 = SURFACE_CURVE('',#4186,(#4190,#4197),.PCURVE_S1.);
#4186 = LINE('',#4187,#4188);
#4187 = CARTESIAN_POINT('',(-42.15,30.6,1.805));
#4188 = VECTOR('',#4189,1.);
#4189 = DIRECTION('',(0.,1.110223024625E-16,-1.));
#4190 = PCURVE('',#853,#4191);
#4191 = DEFINITIONAL_REPRESENTATION('',(#4192),#4196);
#4192 = LINE('',#4193,#4194);
#4193 = CARTESIAN_POINT('',(0.,0.));
#4194 = VECTOR('',#4195,1.);
#4195 = DIRECTION('',(0.,1.));
#4196 = ( GEOMETRIC_REPRESENTATION_CONTEXT(2) 
PARAMETRIC_REPRESENTATION_CONTEXT() REPRESENTATION_CONTEXT('2D SPACE',''
  ) );
#4197 = PCURVE('',#881,#4198);
#4198 = DEFINITIONAL_REPRESENTATION('',(#4199),#4203);
#4199 = LINE('',#4200,#4201);
#4200 = CARTESIAN_POINT('',(0.,0.));
#4201 = VECTOR('',#4202,1.);
#4202 = DIRECTION('',(0.,-1.));
#4203 = ( GEOMETRIC_REPRESENTATION_CONTEXT(2) 
PARAMETRIC_REPRESENTATION_CONTEXT() REPRESENTATION_CONTEXT('2D SPACE',''
  ) );
#4204 = ORIENTED_EDGE('',*,*,#4205,.T.);
#4205 = EDGE_CURVE('',#4183,#4206,#4208,.T.);
#4206 = VERTEX_POINT('',#4207);
#4207 = CARTESIAN_POINT('',(-37.85,30.6,1.805));
#4208 = SURFACE_CURVE('',#4209,(#4213,#4220),.PCURVE_S1.);
#4209 = LINE('',#4210,#4211);
#4210 = CARTESIAN_POINT('',(-42.15,30.6,1.805));
#4211 = VECTOR('',#4212,1.);
#4212 = DIRECTION('',(1.,0.,0.));
#4213 = PCURVE('',#853,#4214);
#4214 = DEFINITIONAL_REPRESENTATION('',(#4215),#4219);
#4215 = LINE('',#4216,#4217);
#4216 = CARTESIAN_POINT('',(0.,0.));
#4217 = VECTOR('',#4218,1.);
#4218 = DIRECTION('',(1.,0.));
#4219 = ( GEOMETRIC_REPRESENTATION_CONTEXT(2) 
PARAMETRIC_REPRESENTATION_CONTEXT() REPRESENTATION_CONTEXT('2D SPACE',''
  ) );
#4220 = PCURVE('',#4221,#4226);
#4221 = PLANE('',#4222);
#4222 = AXIS2_PLACEMENT_3D('',#4223,#4224,#4225);
#4223 = CARTESIAN_POINT('',(-42.15,30.6,1.805));
#4224 = DIRECTION('',(0.,1.110223024625E-16,-1.));
#4225 = DIRECTION('',(0.,1.,1.110223024625E-16));
#4226 = DEFINITIONAL_REPRESENTATION('',(#4227),#4231);
#4227 = LINE('',#4228,#4229);
#4228 = CARTESIAN_POINT('',(0.,0.));
#4229 = VECTOR('',#4230,1.);
#4230 = DIRECTION('',(0.,1.));
#4231 = ( GEOMETRIC_REPRESENTATION_CONTEXT(2) 
PARAMETRIC_REPRESENTATION_CONTEXT() REPRESENTATION_CONTEXT('2D SPACE',''
  ) );
#4232 = ORIENTED_EDGE('',*,*,#4233,.T.);
#4233 = EDGE_CURVE('',#4206,#836,#4234,.T.);
#4234 = SURFACE_CURVE('',#4235,(#4239,#4246),.PCURVE_S1.);
#4235 = LINE('',#4236,#4237);
#4236 = CARTESIAN_POINT('',(-37.85,30.6,1.805));
#4237 = VECTOR('',#4238,1.);
#4238 = DIRECTION('',(0.,1.110223024625E-16,-1.));
#4239 = PCURVE('',#853,#4240);
#4240 = DEFINITIONAL_REPRESENTATION('',(#4241),#4245);
#4241 = LINE('',#4242,#4243);
#4242 = CARTESIAN_POINT('',(4.3,0.));
#4243 = VECTOR('',#4244,1.);
#4244 = DIRECTION('',(0.,1.));
#4245 = ( GEOMETRIC_REPRESENTATION_CONTEXT(2) 
PARAMETRIC_REPRESENTATION_CONTEXT() REPRESENTATION_CONTEXT('2D SPACE',''
  ) );
#4246 = PCURVE('',#935,#4247);
#4247 = DEFINITIONAL_REPRESENTATION('',(#4248),#4252);
#4248 = LINE('',#4249,#4250);
#4249 = CARTESIAN_POINT('',(0.,0.));
#4250 = VECTOR('',#4251,1.);
#4251 = DIRECTION('',(0.,-1.));
#4252 = ( GEOMETRIC_REPRESENTATION_CONTEXT(2) 
PARAMETRIC_REPRESENTATION_CONTEXT() REPRESENTATION_CONTEXT('2D SPACE',''
  ) );
#4253 = ORIENTED_EDGE('',*,*,#835,.T.);
#4254 = ADVANCED_FACE('',(#4255),#935,.F.);
#4255 = FACE_BOUND('',#4256,.F.);
#4256 = EDGE_LOOP('',(#4257,#4280,#4301,#4302));
#4257 = ORIENTED_EDGE('',*,*,#4258,.F.);
#4258 = EDGE_CURVE('',#4259,#894,#4261,.T.);
#4259 = VERTEX_POINT('',#4260);
#4260 = CARTESIAN_POINT('',(-37.85,39.4,1.805));
#4261 = SURFACE_CURVE('',#4262,(#4266,#4273),.PCURVE_S1.);
#4262 = LINE('',#4263,#4264);
#4263 = CARTESIAN_POINT('',(-37.85,39.4,1.805));
#4264 = VECTOR('',#4265,1.);
#4265 = DIRECTION('',(0.,1.110223024625E-16,-1.));
#4266 = PCURVE('',#935,#4267);
#4267 = DEFINITIONAL_REPRESENTATION('',(#4268),#4272);
#4268 = LINE('',#4269,#4270);
#4269 = CARTESIAN_POINT('',(8.8,6.128431095931E-15));
#4270 = VECTOR('',#4271,1.);
#4271 = DIRECTION('',(0.,-1.));
#4272 = ( GEOMETRIC_REPRESENTATION_CONTEXT(2) 
PARAMETRIC_REPRESENTATION_CONTEXT() REPRESENTATION_CONTEXT('2D SPACE',''
  ) );
#4273 = PCURVE('',#909,#4274);
#4274 = DEFINITIONAL_REPRESENTATION('',(#4275),#4279);
#4275 = LINE('',#4276,#4277);
#4276 = CARTESIAN_POINT('',(4.3,0.));
#4277 = VECTOR('',#4278,1.);
#4278 = DIRECTION('',(0.,1.));
#4279 = ( GEOMETRIC_REPRESENTATION_CONTEXT(2) 
PARAMETRIC_REPRESENTATION_CONTEXT() REPRESENTATION_CONTEXT('2D SPACE',''
  ) );
#4280 = ORIENTED_EDGE('',*,*,#4281,.F.);
#4281 = EDGE_CURVE('',#4206,#4259,#4282,.T.);
#4282 = SURFACE_CURVE('',#4283,(#4287,#4294),.PCURVE_S1.);
#4283 = LINE('',#4284,#4285);
#4284 = CARTESIAN_POINT('',(-37.85,30.6,1.805));
#4285 = VECTOR('',#4286,1.);
#4286 = DIRECTION('',(0.,1.,1.110223024625E-16));
#4287 = PCURVE('',#935,#4288);
#4288 = DEFINITIONAL_REPRESENTATION('',(#4289),#4293);
#4289 = LINE('',#4290,#4291);
#4290 = CARTESIAN_POINT('',(0.,0.));
#4291 = VECTOR('',#4292,1.);
#4292 = DIRECTION('',(1.,0.));
#4293 = ( GEOMETRIC_REPRESENTATION_CONTEXT(2) 
PARAMETRIC_REPRESENTATION_CONTEXT() REPRESENTATION_CONTEXT('2D SPACE',''
  ) );
#4294 = PCURVE('',#4221,#4295);
#4295 = DEFINITIONAL_REPRESENTATION('',(#4296),#4300);
#4296 = LINE('',#4297,#4298);
#4297 = CARTESIAN_POINT('',(0.,4.3));
#4298 = VECTOR('',#4299,1.);
#4299 = DIRECTION('',(1.,0.));
#4300 = ( GEOMETRIC_REPRESENTATION_CONTEXT(2) 
PARAMETRIC_REPRESENTATION_CONTEXT() REPRESENTATION_CONTEXT('2D SPACE',''
  ) );
#4301 = ORIENTED_EDGE('',*,*,#4233,.T.);
#4302 = ORIENTED_EDGE('',*,*,#921,.T.);
#4303 = ADVANCED_FACE('',(#4304),#909,.F.);
#4304 = FACE_BOUND('',#4305,.F.);
#4305 = EDGE_LOOP('',(#4306,#4329,#4350,#4351));
#4306 = ORIENTED_EDGE('',*,*,#4307,.F.);
#4307 = EDGE_CURVE('',#4308,#866,#4310,.T.);
#4308 = VERTEX_POINT('',#4309);
#4309 = CARTESIAN_POINT('',(-42.15,39.4,1.805));
#4310 = SURFACE_CURVE('',#4311,(#4315,#4322),.PCURVE_S1.);
#4311 = LINE('',#4312,#4313);
#4312 = CARTESIAN_POINT('',(-42.15,39.4,1.805));
#4313 = VECTOR('',#4314,1.);
#4314 = DIRECTION('',(0.,1.110223024625E-16,-1.));
#4315 = PCURVE('',#909,#4316);
#4316 = DEFINITIONAL_REPRESENTATION('',(#4317),#4321);
#4317 = LINE('',#4318,#4319);
#4318 = CARTESIAN_POINT('',(0.,0.));
#4319 = VECTOR('',#4320,1.);
#4320 = DIRECTION('',(0.,1.));
#4321 = ( GEOMETRIC_REPRESENTATION_CONTEXT(2) 
PARAMETRIC_REPRESENTATION_CONTEXT() REPRESENTATION_CONTEXT('2D SPACE',''
  ) );
#4322 = PCURVE('',#881,#4323);
#4323 = DEFINITIONAL_REPRESENTATION('',(#4324),#4328);
#4324 = LINE('',#4325,#4326);
#4325 = CARTESIAN_POINT('',(8.8,6.128431095931E-15));
#4326 = VECTOR('',#4327,1.);
#4327 = DIRECTION('',(0.,-1.));
#4328 = ( GEOMETRIC_REPRESENTATION_CONTEXT(2) 
PARAMETRIC_REPRESENTATION_CONTEXT() REPRESENTATION_CONTEXT('2D SPACE',''
  ) );
#4329 = ORIENTED_EDGE('',*,*,#4330,.T.);
#4330 = EDGE_CURVE('',#4308,#4259,#4331,.T.);
#4331 = SURFACE_CURVE('',#4332,(#4336,#4343),.PCURVE_S1.);
#4332 = LINE('',#4333,#4334);
#4333 = CARTESIAN_POINT('',(-42.15,39.4,1.805));
#4334 = VECTOR('',#4335,1.);
#4335 = DIRECTION('',(1.,0.,0.));
#4336 = PCURVE('',#909,#4337);
#4337 = DEFINITIONAL_REPRESENTATION('',(#4338),#4342);
#4338 = LINE('',#4339,#4340);
#4339 = CARTESIAN_POINT('',(0.,0.));
#4340 = VECTOR('',#4341,1.);
#4341 = DIRECTION('',(1.,0.));
#4342 = ( GEOMETRIC_REPRESENTATION_CONTEXT(2) 
PARAMETRIC_REPRESENTATION_CONTEXT() REPRESENTATION_CONTEXT('2D SPACE',''
  ) );
#4343 = PCURVE('',#4221,#4344);
#4344 = DEFINITIONAL_REPRESENTATION('',(#4345),#4349);
#4345 = LINE('',#4346,#4347);
#4346 = CARTESIAN_POINT('',(8.8,0.));
#4347 = VECTOR('',#4348,1.);
#4348 = DIRECTION('',(0.,1.));
#4349 = ( GEOMETRIC_REPRESENTATION_CONTEXT(2) 
PARAMETRIC_REPRESENTATION_CONTEXT() REPRESENTATION_CONTEXT('2D SPACE',''
  ) );
#4350 = ORIENTED_EDGE('',*,*,#4258,.T.);
#4351 = ORIENTED_EDGE('',*,*,#893,.T.);
#4352 = ADVANCED_FACE('',(#4353),#881,.T.);
#4353 = FACE_BOUND('',#4354,.T.);
#4354 = EDGE_LOOP('',(#4355,#4356,#4377,#4378));
#4355 = ORIENTED_EDGE('',*,*,#4307,.F.);
#4356 = ORIENTED_EDGE('',*,*,#4357,.F.);
#4357 = EDGE_CURVE('',#4183,#4308,#4358,.T.);
#4358 = SURFACE_CURVE('',#4359,(#4363,#4370),.PCURVE_S1.);
#4359 = LINE('',#4360,#4361);
#4360 = CARTESIAN_POINT('',(-42.15,30.6,1.805));
#4361 = VECTOR('',#4362,1.);
#4362 = DIRECTION('',(0.,1.,1.110223024625E-16));
#4363 = PCURVE('',#881,#4364);
#4364 = DEFINITIONAL_REPRESENTATION('',(#4365),#4369);
#4365 = LINE('',#4366,#4367);
#4366 = CARTESIAN_POINT('',(0.,0.));
#4367 = VECTOR('',#4368,1.);
#4368 = DIRECTION('',(1.,0.));
#4369 = ( GEOMETRIC_REPRESENTATION_CONTEXT(2) 
PARAMETRIC_REPRESENTATION_CONTEXT() REPRESENTATION_CONTEXT('2D SPACE',''
  ) );
#4370 = PCURVE('',#4221,#4371);
#4371 = DEFINITIONAL_REPRESENTATION('',(#4372),#4376);
#4372 = LINE('',#4373,#4374);
#4373 = CARTESIAN_POINT('',(0.,0.));
#4374 = VECTOR('',#4375,1.);
#4375 = DIRECTION('',(1.,0.));
#4376 = ( GEOMETRIC_REPRESENTATION_CONTEXT(2) 
PARAMETRIC_REPRESENTATION_CONTEXT() REPRESENTATION_CONTEXT('2D SPACE',''
  ) );
#4377 = ORIENTED_EDGE('',*,*,#4182,.T.);
#4378 = ORIENTED_EDGE('',*,*,#865,.T.);
#4379 = ADVANCED_FACE('',(#4380),#970,.F.);
#4380 = FACE_BOUND('',#4381,.F.);
#4381 = EDGE_LOOP('',(#4382,#4383,#4406,#4433));
#4382 = ORIENTED_EDGE('',*,*,#949,.F.);
#4383 = ORIENTED_EDGE('',*,*,#4384,.F.);
#4384 = EDGE_CURVE('',#4385,#950,#4387,.T.);
#4385 = VERTEX_POINT('',#4386);
#4386 = CARTESIAN_POINT('',(-8.89,25.926075,15.));
#4387 = SEAM_CURVE('',#4388,(#4392,#4399),.PCURVE_S1.);
#4388 = LINE('',#4389,#4390);
#4389 = CARTESIAN_POINT('',(-8.89,25.926075,16.));
#4390 = VECTOR('',#4391,1.);
#4391 = DIRECTION('',(0.,1.110223024625E-16,-1.));
#4392 = PCURVE('',#970,#4393);
#4393 = DEFINITIONAL_REPRESENTATION('',(#4394),#4398);
#4394 = LINE('',#4395,#4396);
#4395 = CARTESIAN_POINT('',(6.28318530718,-0.));
#4396 = VECTOR('',#4397,1.);
#4397 = DIRECTION('',(0.,1.));
#4398 = ( GEOMETRIC_REPRESENTATION_CONTEXT(2) 
PARAMETRIC_REPRESENTATION_CONTEXT() REPRESENTATION_CONTEXT('2D SPACE',''
  ) );
#4399 = PCURVE('',#970,#4400);
#4400 = DEFINITIONAL_REPRESENTATION('',(#4401),#4405);
#4401 = LINE('',#4402,#4403);
#4402 = CARTESIAN_POINT('',(0.,-0.));
#4403 = VECTOR('',#4404,1.);
#4404 = DIRECTION('',(0.,1.));
#4405 = ( GEOMETRIC_REPRESENTATION_CONTEXT(2) 
PARAMETRIC_REPRESENTATION_CONTEXT() REPRESENTATION_CONTEXT('2D SPACE',''
  ) );
#4406 = ORIENTED_EDGE('',*,*,#4407,.T.);
#4407 = EDGE_CURVE('',#4385,#4385,#4408,.T.);
#4408 = SURFACE_CURVE('',#4409,(#4414,#4421),.PCURVE_S1.);
#4409 = CIRCLE('',#4410,1.45);
#4410 = AXIS2_PLACEMENT_3D('',#4411,#4412,#4413);
#4411 = CARTESIAN_POINT('',(-8.89,24.476075,15.));
#4412 = DIRECTION('',(0.,1.110223024625E-16,-1.));
#4413 = DIRECTION('',(0.,1.,1.110223024625E-16));
#4414 = PCURVE('',#970,#4415);
#4415 = DEFINITIONAL_REPRESENTATION('',(#4416),#4420);
#4416 = LINE('',#4417,#4418);
#4417 = CARTESIAN_POINT('',(0.,1.));
#4418 = VECTOR('',#4419,1.);
#4419 = DIRECTION('',(1.,0.));
#4420 = ( GEOMETRIC_REPRESENTATION_CONTEXT(2) 
PARAMETRIC_REPRESENTATION_CONTEXT() REPRESENTATION_CONTEXT('2D SPACE',''
  ) );
#4421 = PCURVE('',#4422,#4427);
#4422 = PLANE('',#4423);
#4423 = AXIS2_PLACEMENT_3D('',#4424,#4425,#4426);
#4424 = CARTESIAN_POINT('',(-8.89,24.476075,15.));
#4425 = DIRECTION('',(0.,1.110223024625E-16,-1.));
#4426 = DIRECTION('',(0.,1.,1.110223024625E-16));
#4427 = DEFINITIONAL_REPRESENTATION('',(#4428),#4432);
#4428 = CIRCLE('',#4429,1.45);
#4429 = AXIS2_PLACEMENT_2D('',#4430,#4431);
#4430 = CARTESIAN_POINT('',(0.,0.));
#4431 = DIRECTION('',(1.,0.));
#4432 = ( GEOMETRIC_REPRESENTATION_CONTEXT(2) 
PARAMETRIC_REPRESENTATION_CONTEXT() REPRESENTATION_CONTEXT('2D SPACE',''
  ) );
#4433 = ORIENTED_EDGE('',*,*,#4384,.T.);
#4434 = ADVANCED_FACE('',(#4435),#1002,.F.);
#4435 = FACE_BOUND('',#4436,.F.);
#4436 = EDGE_LOOP('',(#4437,#4438,#4459,#4460,#4488));
#4437 = ORIENTED_EDGE('',*,*,#984,.T.);
#4438 = ORIENTED_EDGE('',*,*,#4439,.T.);
#4439 = EDGE_CURVE('',#987,#3099,#4440,.T.);
#4440 = SURFACE_CURVE('',#4441,(#4445,#4452),.PCURVE_S1.);
#4441 = LINE('',#4442,#4443);
#4442 = CARTESIAN_POINT('',(35.,-24.743925,4.5));
#4443 = VECTOR('',#4444,1.);
#4444 = DIRECTION('',(0.,-1.110223024625E-16,1.));
#4445 = PCURVE('',#1002,#4446);
#4446 = DEFINITIONAL_REPRESENTATION('',(#4447),#4451);
#4447 = LINE('',#4448,#4449);
#4448 = CARTESIAN_POINT('',(12.256075,-1.5));
#4449 = VECTOR('',#4450,1.);
#4450 = DIRECTION('',(0.,1.));
#4451 = ( GEOMETRIC_REPRESENTATION_CONTEXT(2) 
PARAMETRIC_REPRESENTATION_CONTEXT() REPRESENTATION_CONTEXT('2D SPACE',''
  ) );
#4452 = PCURVE('',#1532,#4453);
#4453 = DEFINITIONAL_REPRESENTATION('',(#4454),#4458);
#4454 = LINE('',#4455,#4456);
#4455 = CARTESIAN_POINT('',(30.,-1.5));
#4456 = VECTOR('',#4457,1.);
#4457 = DIRECTION('',(0.,-1.));
#4458 = ( GEOMETRIC_REPRESENTATION_CONTEXT(2) 
PARAMETRIC_REPRESENTATION_CONTEXT() REPRESENTATION_CONTEXT('2D SPACE',''
  ) );
#4459 = ORIENTED_EDGE('',*,*,#3121,.F.);
#4460 = ORIENTED_EDGE('',*,*,#4461,.F.);
#4461 = EDGE_CURVE('',#4462,#3122,#4464,.T.);
#4462 = VERTEX_POINT('',#4463);
#4463 = CARTESIAN_POINT('',(35.,-37.,3.));
#4464 = SURFACE_CURVE('',#4465,(#4469,#4476),.PCURVE_S1.);
#4465 = LINE('',#4466,#4467);
#4466 = CARTESIAN_POINT('',(35.,-18.5,3.));
#4467 = VECTOR('',#4468,1.);
#4468 = DIRECTION('',(0.,1.,0.));
#4469 = PCURVE('',#1002,#4470);
#4470 = DEFINITIONAL_REPRESENTATION('',(#4471),#4475);
#4471 = LINE('',#4472,#4473);
#4472 = CARTESIAN_POINT('',(18.5,-3.));
#4473 = VECTOR('',#4474,1.);
#4474 = DIRECTION('',(1.,-1.110223024625E-16));
#4475 = ( GEOMETRIC_REPRESENTATION_CONTEXT(2) 
PARAMETRIC_REPRESENTATION_CONTEXT() REPRESENTATION_CONTEXT('2D SPACE',''
  ) );
#4476 = PCURVE('',#4477,#4482);
#4477 = PLANE('',#4478);
#4478 = AXIS2_PLACEMENT_3D('',#4479,#4480,#4481);
#4479 = CARTESIAN_POINT('',(40.,-35.,3.));
#4480 = DIRECTION('',(0.,1.110223024625E-16,-1.));
#4481 = DIRECTION('',(0.,1.,1.110223024625E-16));
#4482 = DEFINITIONAL_REPRESENTATION('',(#4483),#4487);
#4483 = LINE('',#4484,#4485);
#4484 = CARTESIAN_POINT('',(16.5,-5.));
#4485 = VECTOR('',#4486,1.);
#4486 = DIRECTION('',(1.,0.));
#4487 = ( GEOMETRIC_REPRESENTATION_CONTEXT(2) 
PARAMETRIC_REPRESENTATION_CONTEXT() REPRESENTATION_CONTEXT('2D SPACE',''
  ) );
#4488 = ORIENTED_EDGE('',*,*,#4489,.T.);
#4489 = EDGE_CURVE('',#4462,#985,#4490,.T.);
#4490 = SURFACE_CURVE('',#4491,(#4495,#4502),.PCURVE_S1.);
#4491 = LINE('',#4492,#4493);
#4492 = CARTESIAN_POINT('',(35.,-37.,6.));
#4493 = VECTOR('',#4494,1.);
#4494 = DIRECTION('',(0.,1.110223024625E-16,-1.));
#4495 = PCURVE('',#1002,#4496);
#4496 = DEFINITIONAL_REPRESENTATION('',(#4497),#4501);
#4497 = LINE('',#4498,#4499);
#4498 = CARTESIAN_POINT('',(0.,0.));
#4499 = VECTOR('',#4500,1.);
#4500 = DIRECTION('',(0.,-1.));
#4501 = ( GEOMETRIC_REPRESENTATION_CONTEXT(2) 
PARAMETRIC_REPRESENTATION_CONTEXT() REPRESENTATION_CONTEXT('2D SPACE',''
  ) );
#4502 = PCURVE('',#1030,#4503);
#4503 = DEFINITIONAL_REPRESENTATION('',(#4504),#4508);
#4504 = LINE('',#4505,#4506);
#4505 = CARTESIAN_POINT('',(70.,0.));
#4506 = VECTOR('',#4507,1.);
#4507 = DIRECTION('',(0.,1.));
#4508 = ( GEOMETRIC_REPRESENTATION_CONTEXT(2) 
PARAMETRIC_REPRESENTATION_CONTEXT() REPRESENTATION_CONTEXT('2D SPACE',''
  ) );
#4509 = ADVANCED_FACE('',(#4510),#1030,.T.);
#4510 = FACE_BOUND('',#4511,.T.);
#4511 = EDGE_LOOP('',(#4512,#4535,#4561,#4562,#4583,#4584));
#4512 = ORIENTED_EDGE('',*,*,#4513,.F.);
#4513 = EDGE_CURVE('',#4514,#1015,#4516,.T.);
#4514 = VERTEX_POINT('',#4515);
#4515 = CARTESIAN_POINT('',(-35.,-37.,3.));
#4516 = SURFACE_CURVE('',#4517,(#4521,#4528),.PCURVE_S1.);
#4517 = LINE('',#4518,#4519);
#4518 = CARTESIAN_POINT('',(-35.,-37.,6.));
#4519 = VECTOR('',#4520,1.);
#4520 = DIRECTION('',(0.,1.110223024625E-16,-1.));
#4521 = PCURVE('',#1030,#4522);
#4522 = DEFINITIONAL_REPRESENTATION('',(#4523),#4527);
#4523 = LINE('',#4524,#4525);
#4524 = CARTESIAN_POINT('',(0.,0.));
#4525 = VECTOR('',#4526,1.);
#4526 = DIRECTION('',(0.,1.));
#4527 = ( GEOMETRIC_REPRESENTATION_CONTEXT(2) 
PARAMETRIC_REPRESENTATION_CONTEXT() REPRESENTATION_CONTEXT('2D SPACE',''
  ) );
#4528 = PCURVE('',#1058,#4529);
#4529 = DEFINITIONAL_REPRESENTATION('',(#4530),#4534);
#4530 = LINE('',#4531,#4532);
#4531 = CARTESIAN_POINT('',(0.,0.));
#4532 = VECTOR('',#4533,1.);
#4533 = DIRECTION('',(0.,-1.));
#4534 = ( GEOMETRIC_REPRESENTATION_CONTEXT(2) 
PARAMETRIC_REPRESENTATION_CONTEXT() REPRESENTATION_CONTEXT('2D SPACE',''
  ) );
#4535 = ORIENTED_EDGE('',*,*,#4536,.F.);
#4536 = EDGE_CURVE('',#2502,#4514,#4537,.T.);
#4537 = SURFACE_CURVE('',#4538,(#4542,#4549),.PCURVE_S1.);
#4538 = LINE('',#4539,#4540);
#4539 = CARTESIAN_POINT('',(-17.5,-37.,3.));
#4540 = VECTOR('',#4541,1.);
#4541 = DIRECTION('',(-1.,0.,0.));
#4542 = PCURVE('',#1030,#4543);
#4543 = DEFINITIONAL_REPRESENTATION('',(#4544),#4548);
#4544 = LINE('',#4545,#4546);
#4545 = CARTESIAN_POINT('',(17.5,3.));
#4546 = VECTOR('',#4547,1.);
#4547 = DIRECTION('',(-1.,0.));
#4548 = ( GEOMETRIC_REPRESENTATION_CONTEXT(2) 
PARAMETRIC_REPRESENTATION_CONTEXT() REPRESENTATION_CONTEXT('2D SPACE',''
  ) );
#4549 = PCURVE('',#4550,#4555);
#4550 = PLANE('',#4551);
#4551 = AXIS2_PLACEMENT_3D('',#4552,#4553,#4554);
#4552 = CARTESIAN_POINT('',(-40.,-35.,3.));
#4553 = DIRECTION('',(0.,1.110223024625E-16,-1.));
#4554 = DIRECTION('',(0.,1.,1.110223024625E-16));
#4555 = DEFINITIONAL_REPRESENTATION('',(#4556),#4560);
#4556 = LINE('',#4557,#4558);
#4557 = CARTESIAN_POINT('',(-2.,22.5));
#4558 = VECTOR('',#4559,1.);
#4559 = DIRECTION('',(0.,-1.));
#4560 = ( GEOMETRIC_REPRESENTATION_CONTEXT(2) 
PARAMETRIC_REPRESENTATION_CONTEXT() REPRESENTATION_CONTEXT('2D SPACE',''
  ) );
#4561 = ORIENTED_EDGE('',*,*,#2501,.F.);
#4562 = ORIENTED_EDGE('',*,*,#4563,.F.);
#4563 = EDGE_CURVE('',#4462,#2469,#4564,.T.);
#4564 = SURFACE_CURVE('',#4565,(#4569,#4576),.PCURVE_S1.);
#4565 = LINE('',#4566,#4567);
#4566 = CARTESIAN_POINT('',(-17.5,-37.,3.));
#4567 = VECTOR('',#4568,1.);
#4568 = DIRECTION('',(-1.,0.,0.));
#4569 = PCURVE('',#1030,#4570);
#4570 = DEFINITIONAL_REPRESENTATION('',(#4571),#4575);
#4571 = LINE('',#4572,#4573);
#4572 = CARTESIAN_POINT('',(17.5,3.));
#4573 = VECTOR('',#4574,1.);
#4574 = DIRECTION('',(-1.,0.));
#4575 = ( GEOMETRIC_REPRESENTATION_CONTEXT(2) 
PARAMETRIC_REPRESENTATION_CONTEXT() REPRESENTATION_CONTEXT('2D SPACE',''
  ) );
#4576 = PCURVE('',#4477,#4577);
#4577 = DEFINITIONAL_REPRESENTATION('',(#4578),#4582);
#4578 = LINE('',#4579,#4580);
#4579 = CARTESIAN_POINT('',(-2.,-57.5));
#4580 = VECTOR('',#4581,1.);
#4581 = DIRECTION('',(0.,-1.));
#4582 = ( GEOMETRIC_REPRESENTATION_CONTEXT(2) 
PARAMETRIC_REPRESENTATION_CONTEXT() REPRESENTATION_CONTEXT('2D SPACE',''
  ) );
#4583 = ORIENTED_EDGE('',*,*,#4489,.T.);
#4584 = ORIENTED_EDGE('',*,*,#1014,.T.);
#4585 = ADVANCED_FACE('',(#4586),#1532,.F.);
#4586 = FACE_BOUND('',#4587,.F.);
#4587 = EDGE_LOOP('',(#4588,#4589,#4610,#4611));
#4588 = ORIENTED_EDGE('',*,*,#1518,.F.);
#4589 = ORIENTED_EDGE('',*,*,#4590,.F.);
#4590 = EDGE_CURVE('',#3076,#1491,#4591,.T.);
#4591 = SURFACE_CURVE('',#4592,(#4596,#4603),.PCURVE_S1.);
#4592 = LINE('',#4593,#4594);
#4593 = CARTESIAN_POINT('',(5.,-24.743925,3.));
#4594 = VECTOR('',#4595,1.);
#4595 = DIRECTION('',(0.,1.110223024625E-16,-1.));
#4596 = PCURVE('',#1532,#4597);
#4597 = DEFINITIONAL_REPRESENTATION('',(#4598),#4602);
#4598 = LINE('',#4599,#4600);
#4599 = CARTESIAN_POINT('',(0.,0.));
#4600 = VECTOR('',#4601,1.);
#4601 = DIRECTION('',(0.,1.));
#4602 = ( GEOMETRIC_REPRESENTATION_CONTEXT(2) 
PARAMETRIC_REPRESENTATION_CONTEXT() REPRESENTATION_CONTEXT('2D SPACE',''
  ) );
#4603 = PCURVE('',#1506,#4604);
#4604 = DEFINITIONAL_REPRESENTATION('',(#4605),#4609);
#4605 = LINE('',#4606,#4607);
#4606 = CARTESIAN_POINT('',(0.,0.));
#4607 = VECTOR('',#4608,1.);
#4608 = DIRECTION('',(0.,-1.));
#4609 = ( GEOMETRIC_REPRESENTATION_CONTEXT(2) 
PARAMETRIC_REPRESENTATION_CONTEXT() REPRESENTATION_CONTEXT('2D SPACE',''
  ) );
#4610 = ORIENTED_EDGE('',*,*,#3098,.T.);
#4611 = ORIENTED_EDGE('',*,*,#4439,.F.);
#4612 = ADVANCED_FACE('',(#4613),#1058,.T.);
#4613 = FACE_BOUND('',#4614,.T.);
#4614 = EDGE_LOOP('',(#4615,#4616,#4637,#4638,#4659));
#4615 = ORIENTED_EDGE('',*,*,#1042,.T.);
#4616 = ORIENTED_EDGE('',*,*,#4617,.T.);
#4617 = EDGE_CURVE('',#1043,#2586,#4618,.T.);
#4618 = SURFACE_CURVE('',#4619,(#4623,#4630),.PCURVE_S1.);
#4619 = LINE('',#4620,#4621);
#4620 = CARTESIAN_POINT('',(-35.,-24.743925,4.5));
#4621 = VECTOR('',#4622,1.);
#4622 = DIRECTION('',(0.,-1.110223024625E-16,1.));
#4623 = PCURVE('',#1058,#4624);
#4624 = DEFINITIONAL_REPRESENTATION('',(#4625),#4629);
#4625 = LINE('',#4626,#4627);
#4626 = CARTESIAN_POINT('',(12.256075,-1.5));
#4627 = VECTOR('',#4628,1.);
#4628 = DIRECTION('',(0.,1.));
#4629 = ( GEOMETRIC_REPRESENTATION_CONTEXT(2) 
PARAMETRIC_REPRESENTATION_CONTEXT() REPRESENTATION_CONTEXT('2D SPACE',''
  ) );
#4630 = PCURVE('',#1086,#4631);
#4631 = DEFINITIONAL_REPRESENTATION('',(#4632),#4636);
#4632 = LINE('',#4633,#4634);
#4633 = CARTESIAN_POINT('',(8.,-1.5));
#4634 = VECTOR('',#4635,1.);
#4635 = DIRECTION('',(0.,-1.));
#4636 = ( GEOMETRIC_REPRESENTATION_CONTEXT(2) 
PARAMETRIC_REPRESENTATION_CONTEXT() REPRESENTATION_CONTEXT('2D SPACE',''
  ) );
#4637 = ORIENTED_EDGE('',*,*,#2585,.F.);
#4638 = ORIENTED_EDGE('',*,*,#4639,.F.);
#4639 = EDGE_CURVE('',#4514,#2558,#4640,.T.);
#4640 = SURFACE_CURVE('',#4641,(#4645,#4652),.PCURVE_S1.);
#4641 = LINE('',#4642,#4643);
#4642 = CARTESIAN_POINT('',(-35.,-18.5,3.));
#4643 = VECTOR('',#4644,1.);
#4644 = DIRECTION('',(0.,1.,0.));
#4645 = PCURVE('',#1058,#4646);
#4646 = DEFINITIONAL_REPRESENTATION('',(#4647),#4651);
#4647 = LINE('',#4648,#4649);
#4648 = CARTESIAN_POINT('',(18.5,-3.));
#4649 = VECTOR('',#4650,1.);
#4650 = DIRECTION('',(1.,-1.110223024625E-16));
#4651 = ( GEOMETRIC_REPRESENTATION_CONTEXT(2) 
PARAMETRIC_REPRESENTATION_CONTEXT() REPRESENTATION_CONTEXT('2D SPACE',''
  ) );
#4652 = PCURVE('',#4550,#4653);
#4653 = DEFINITIONAL_REPRESENTATION('',(#4654),#4658);
#4654 = LINE('',#4655,#4656);
#4655 = CARTESIAN_POINT('',(16.5,5.));
#4656 = VECTOR('',#4657,1.);
#4657 = DIRECTION('',(1.,0.));
#4658 = ( GEOMETRIC_REPRESENTATION_CONTEXT(2) 
PARAMETRIC_REPRESENTATION_CONTEXT() REPRESENTATION_CONTEXT('2D SPACE',''
  ) );
#4659 = ORIENTED_EDGE('',*,*,#4513,.T.);
#4660 = ADVANCED_FACE('',(#4661),#1506,.F.);
#4661 = FACE_BOUND('',#4662,.F.);
#4662 = EDGE_LOOP('',(#4663,#4664,#4665,#4666));
#4663 = ORIENTED_EDGE('',*,*,#3075,.F.);
#4664 = ORIENTED_EDGE('',*,*,#4590,.T.);
#4665 = ORIENTED_EDGE('',*,*,#1490,.T.);
#4666 = ORIENTED_EDGE('',*,*,#4667,.F.);
#4667 = EDGE_CURVE('',#3053,#1463,#4668,.T.);
#4668 = SURFACE_CURVE('',#4669,(#4673,#4680),.PCURVE_S1.);
#4669 = LINE('',#4670,#4671);
#4670 = CARTESIAN_POINT('',(5.,-17.743925,3.));
#4671 = VECTOR('',#4672,1.);
#4672 = DIRECTION('',(0.,1.110223024625E-16,-1.));
#4673 = PCURVE('',#1506,#4674);
#4674 = DEFINITIONAL_REPRESENTATION('',(#4675),#4679);
#4675 = LINE('',#4676,#4677);
#4676 = CARTESIAN_POINT('',(7.,-7.771561172376E-16));
#4677 = VECTOR('',#4678,1.);
#4678 = DIRECTION('',(0.,-1.));
#4679 = ( GEOMETRIC_REPRESENTATION_CONTEXT(2) 
PARAMETRIC_REPRESENTATION_CONTEXT() REPRESENTATION_CONTEXT('2D SPACE',''
  ) );
#4680 = PCURVE('',#1478,#4681);
#4681 = DEFINITIONAL_REPRESENTATION('',(#4682),#4686);
#4682 = LINE('',#4683,#4684);
#4683 = CARTESIAN_POINT('',(0.,0.));
#4684 = VECTOR('',#4685,1.);
#4685 = DIRECTION('',(0.,1.));
#4686 = ( GEOMETRIC_REPRESENTATION_CONTEXT(2) 
PARAMETRIC_REPRESENTATION_CONTEXT() REPRESENTATION_CONTEXT('2D SPACE',''
  ) );
#4687 = ADVANCED_FACE('',(#4688),#1086,.F.);
#4688 = FACE_BOUND('',#4689,.F.);
#4689 = EDGE_LOOP('',(#4690,#4691,#4692,#4693));
#4690 = ORIENTED_EDGE('',*,*,#1070,.F.);
#4691 = ORIENTED_EDGE('',*,*,#4617,.T.);
#4692 = ORIENTED_EDGE('',*,*,#2608,.T.);
#4693 = ORIENTED_EDGE('',*,*,#4694,.T.);
#4694 = EDGE_CURVE('',#2609,#1071,#4695,.T.);
#4695 = SURFACE_CURVE('',#4696,(#4700,#4707),.PCURVE_S1.);
#4696 = LINE('',#4697,#4698);
#4697 = CARTESIAN_POINT('',(-5.,-24.743925,3.));
#4698 = VECTOR('',#4699,1.);
#4699 = DIRECTION('',(0.,1.110223024625E-16,-1.));
#4700 = PCURVE('',#1086,#4701);
#4701 = DEFINITIONAL_REPRESENTATION('',(#4702),#4706);
#4702 = LINE('',#4703,#4704);
#4703 = CARTESIAN_POINT('',(38.,0.));
#4704 = VECTOR('',#4705,1.);
#4705 = DIRECTION('',(0.,1.));
#4706 = ( GEOMETRIC_REPRESENTATION_CONTEXT(2) 
PARAMETRIC_REPRESENTATION_CONTEXT() REPRESENTATION_CONTEXT('2D SPACE',''
  ) );
#4707 = PCURVE('',#1114,#4708);
#4708 = DEFINITIONAL_REPRESENTATION('',(#4709),#4713);
#4709 = LINE('',#4710,#4711);
#4710 = CARTESIAN_POINT('',(0.,0.));
#4711 = VECTOR('',#4712,1.);
#4712 = DIRECTION('',(0.,-1.));
#4713 = ( GEOMETRIC_REPRESENTATION_CONTEXT(2) 
PARAMETRIC_REPRESENTATION_CONTEXT() REPRESENTATION_CONTEXT('2D SPACE',''
  ) );
#4714 = ADVANCED_FACE('',(#4715),#1478,.T.);
#4715 = FACE_BOUND('',#4716,.T.);
#4716 = EDGE_LOOP('',(#4717,#4718,#4719,#4720));
#4717 = ORIENTED_EDGE('',*,*,#1462,.F.);
#4718 = ORIENTED_EDGE('',*,*,#4667,.F.);
#4719 = ORIENTED_EDGE('',*,*,#3052,.T.);
#4720 = ORIENTED_EDGE('',*,*,#4721,.F.);
#4721 = EDGE_CURVE('',#1435,#3030,#4722,.T.);
#4722 = SURFACE_CURVE('',#4723,(#4727,#4734),.PCURVE_S1.);
#4723 = LINE('',#4724,#4725);
#4724 = CARTESIAN_POINT('',(35.,-17.743925,4.5));
#4725 = VECTOR('',#4726,1.);
#4726 = DIRECTION('',(0.,-1.110223024625E-16,1.));
#4727 = PCURVE('',#1478,#4728);
#4728 = DEFINITIONAL_REPRESENTATION('',(#4729),#4733);
#4729 = LINE('',#4730,#4731);
#4730 = CARTESIAN_POINT('',(30.,-1.5));
#4731 = VECTOR('',#4732,1.);
#4732 = DIRECTION('',(0.,-1.));
#4733 = ( GEOMETRIC_REPRESENTATION_CONTEXT(2) 
PARAMETRIC_REPRESENTATION_CONTEXT() REPRESENTATION_CONTEXT('2D SPACE',''
  ) );
#4734 = PCURVE('',#1450,#4735);
#4735 = DEFINITIONAL_REPRESENTATION('',(#4736),#4740);
#4736 = LINE('',#4737,#4738);
#4737 = CARTESIAN_POINT('',(19.256075,-1.5));
#4738 = VECTOR('',#4739,1.);
#4739 = DIRECTION('',(0.,1.));
#4740 = ( GEOMETRIC_REPRESENTATION_CONTEXT(2) 
PARAMETRIC_REPRESENTATION_CONTEXT() REPRESENTATION_CONTEXT('2D SPACE',''
  ) );
#4741 = ADVANCED_FACE('',(#4742),#1114,.T.);
#4742 = FACE_BOUND('',#4743,.T.);
#4743 = EDGE_LOOP('',(#4744,#4745,#4746,#4747));
#4744 = ORIENTED_EDGE('',*,*,#2631,.F.);
#4745 = ORIENTED_EDGE('',*,*,#4694,.T.);
#4746 = ORIENTED_EDGE('',*,*,#1098,.T.);
#4747 = ORIENTED_EDGE('',*,*,#4748,.F.);
#4748 = EDGE_CURVE('',#2632,#1099,#4749,.T.);
#4749 = SURFACE_CURVE('',#4750,(#4754,#4761),.PCURVE_S1.);
#4750 = LINE('',#4751,#4752);
#4751 = CARTESIAN_POINT('',(-5.,-17.743925,3.));
#4752 = VECTOR('',#4753,1.);
#4753 = DIRECTION('',(0.,1.110223024625E-16,-1.));
#4754 = PCURVE('',#1114,#4755);
#4755 = DEFINITIONAL_REPRESENTATION('',(#4756),#4760);
#4756 = LINE('',#4757,#4758);
#4757 = CARTESIAN_POINT('',(7.,-7.771561172376E-16));
#4758 = VECTOR('',#4759,1.);
#4759 = DIRECTION('',(0.,-1.));
#4760 = ( GEOMETRIC_REPRESENTATION_CONTEXT(2) 
PARAMETRIC_REPRESENTATION_CONTEXT() REPRESENTATION_CONTEXT('2D SPACE',''
  ) );
#4761 = PCURVE('',#1142,#4762);
#4762 = DEFINITIONAL_REPRESENTATION('',(#4763),#4767);
#4763 = LINE('',#4764,#4765);
#4764 = CARTESIAN_POINT('',(38.,0.));
#4765 = VECTOR('',#4766,1.);
#4766 = DIRECTION('',(0.,1.));
#4767 = ( GEOMETRIC_REPRESENTATION_CONTEXT(2) 
PARAMETRIC_REPRESENTATION_CONTEXT() REPRESENTATION_CONTEXT('2D SPACE',''
  ) );
#4768 = ADVANCED_FACE('',(#4769),#1450,.F.);
#4769 = FACE_BOUND('',#4770,.F.);
#4770 = EDGE_LOOP('',(#4771,#4772,#4793,#4794));
#4771 = ORIENTED_EDGE('',*,*,#1434,.T.);
#4772 = ORIENTED_EDGE('',*,*,#4773,.T.);
#4773 = EDGE_CURVE('',#1407,#3007,#4774,.T.);
#4774 = SURFACE_CURVE('',#4775,(#4779,#4786),.PCURVE_S1.);
#4775 = LINE('',#4776,#4777);
#4776 = CARTESIAN_POINT('',(35.,20.976075,4.5));
#4777 = VECTOR('',#4778,1.);
#4778 = DIRECTION('',(0.,-1.110223024625E-16,1.));
#4779 = PCURVE('',#1450,#4780);
#4780 = DEFINITIONAL_REPRESENTATION('',(#4781),#4785);
#4781 = LINE('',#4782,#4783);
#4782 = CARTESIAN_POINT('',(57.976075,-1.5));
#4783 = VECTOR('',#4784,1.);
#4784 = DIRECTION('',(0.,1.));
#4785 = ( GEOMETRIC_REPRESENTATION_CONTEXT(2) 
PARAMETRIC_REPRESENTATION_CONTEXT() REPRESENTATION_CONTEXT('2D SPACE',''
  ) );
#4786 = PCURVE('',#1422,#4787);
#4787 = DEFINITIONAL_REPRESENTATION('',(#4788),#4792);
#4788 = LINE('',#4789,#4790);
#4789 = CARTESIAN_POINT('',(30.,-1.5));
#4790 = VECTOR('',#4791,1.);
#4791 = DIRECTION('',(0.,-1.));
#4792 = ( GEOMETRIC_REPRESENTATION_CONTEXT(2) 
PARAMETRIC_REPRESENTATION_CONTEXT() REPRESENTATION_CONTEXT('2D SPACE',''
  ) );
#4793 = ORIENTED_EDGE('',*,*,#3029,.F.);
#4794 = ORIENTED_EDGE('',*,*,#4721,.F.);
#4795 = ADVANCED_FACE('',(#4796),#1142,.T.);
#4796 = FACE_BOUND('',#4797,.T.);
#4797 = EDGE_LOOP('',(#4798,#4799,#4820,#4821));
#4798 = ORIENTED_EDGE('',*,*,#1126,.F.);
#4799 = ORIENTED_EDGE('',*,*,#4800,.T.);
#4800 = EDGE_CURVE('',#1127,#2655,#4801,.T.);
#4801 = SURFACE_CURVE('',#4802,(#4806,#4813),.PCURVE_S1.);
#4802 = LINE('',#4803,#4804);
#4803 = CARTESIAN_POINT('',(-35.,-17.743925,4.5));
#4804 = VECTOR('',#4805,1.);
#4805 = DIRECTION('',(0.,-1.110223024625E-16,1.));
#4806 = PCURVE('',#1142,#4807);
#4807 = DEFINITIONAL_REPRESENTATION('',(#4808),#4812);
#4808 = LINE('',#4809,#4810);
#4809 = CARTESIAN_POINT('',(8.,-1.5));
#4810 = VECTOR('',#4811,1.);
#4811 = DIRECTION('',(0.,-1.));
#4812 = ( GEOMETRIC_REPRESENTATION_CONTEXT(2) 
PARAMETRIC_REPRESENTATION_CONTEXT() REPRESENTATION_CONTEXT('2D SPACE',''
  ) );
#4813 = PCURVE('',#1170,#4814);
#4814 = DEFINITIONAL_REPRESENTATION('',(#4815),#4819);
#4815 = LINE('',#4816,#4817);
#4816 = CARTESIAN_POINT('',(19.256075,-1.5));
#4817 = VECTOR('',#4818,1.);
#4818 = DIRECTION('',(0.,1.));
#4819 = ( GEOMETRIC_REPRESENTATION_CONTEXT(2) 
PARAMETRIC_REPRESENTATION_CONTEXT() REPRESENTATION_CONTEXT('2D SPACE',''
  ) );
#4820 = ORIENTED_EDGE('',*,*,#2654,.T.);
#4821 = ORIENTED_EDGE('',*,*,#4748,.T.);
#4822 = ADVANCED_FACE('',(#4823),#1422,.F.);
#4823 = FACE_BOUND('',#4824,.F.);
#4824 = EDGE_LOOP('',(#4825,#4826,#4847,#4848));
#4825 = ORIENTED_EDGE('',*,*,#1406,.F.);
#4826 = ORIENTED_EDGE('',*,*,#4827,.F.);
#4827 = EDGE_CURVE('',#2984,#1379,#4828,.T.);
#4828 = SURFACE_CURVE('',#4829,(#4833,#4840),.PCURVE_S1.);
#4829 = LINE('',#4830,#4831);
#4830 = CARTESIAN_POINT('',(5.,20.976075,3.));
#4831 = VECTOR('',#4832,1.);
#4832 = DIRECTION('',(0.,1.110223024625E-16,-1.));
#4833 = PCURVE('',#1422,#4834);
#4834 = DEFINITIONAL_REPRESENTATION('',(#4835),#4839);
#4835 = LINE('',#4836,#4837);
#4836 = CARTESIAN_POINT('',(0.,0.));
#4837 = VECTOR('',#4838,1.);
#4838 = DIRECTION('',(0.,1.));
#4839 = ( GEOMETRIC_REPRESENTATION_CONTEXT(2) 
PARAMETRIC_REPRESENTATION_CONTEXT() REPRESENTATION_CONTEXT('2D SPACE',''
  ) );
#4840 = PCURVE('',#1394,#4841);
#4841 = DEFINITIONAL_REPRESENTATION('',(#4842),#4846);
#4842 = LINE('',#4843,#4844);
#4843 = CARTESIAN_POINT('',(0.,0.));
#4844 = VECTOR('',#4845,1.);
#4845 = DIRECTION('',(0.,-1.));
#4846 = ( GEOMETRIC_REPRESENTATION_CONTEXT(2) 
PARAMETRIC_REPRESENTATION_CONTEXT() REPRESENTATION_CONTEXT('2D SPACE',''
  ) );
#4847 = ORIENTED_EDGE('',*,*,#3006,.T.);
#4848 = ORIENTED_EDGE('',*,*,#4773,.F.);
#4849 = ADVANCED_FACE('',(#4850),#1170,.T.);
#4850 = FACE_BOUND('',#4851,.T.);
#4851 = EDGE_LOOP('',(#4852,#4853,#4874,#4875));
#4852 = ORIENTED_EDGE('',*,*,#1154,.T.);
#4853 = ORIENTED_EDGE('',*,*,#4854,.T.);
#4854 = EDGE_CURVE('',#1155,#2678,#4855,.T.);
#4855 = SURFACE_CURVE('',#4856,(#4860,#4867),.PCURVE_S1.);
#4856 = LINE('',#4857,#4858);
#4857 = CARTESIAN_POINT('',(-35.,20.976075,4.5));
#4858 = VECTOR('',#4859,1.);
#4859 = DIRECTION('',(0.,-1.110223024625E-16,1.));
#4860 = PCURVE('',#1170,#4861);
#4861 = DEFINITIONAL_REPRESENTATION('',(#4862),#4866);
#4862 = LINE('',#4863,#4864);
#4863 = CARTESIAN_POINT('',(57.976075,-1.5));
#4864 = VECTOR('',#4865,1.);
#4865 = DIRECTION('',(0.,1.));
#4866 = ( GEOMETRIC_REPRESENTATION_CONTEXT(2) 
PARAMETRIC_REPRESENTATION_CONTEXT() REPRESENTATION_CONTEXT('2D SPACE',''
  ) );
#4867 = PCURVE('',#1198,#4868);
#4868 = DEFINITIONAL_REPRESENTATION('',(#4869),#4873);
#4869 = LINE('',#4870,#4871);
#4870 = CARTESIAN_POINT('',(8.,-1.5));
#4871 = VECTOR('',#4872,1.);
#4872 = DIRECTION('',(0.,-1.));
#4873 = ( GEOMETRIC_REPRESENTATION_CONTEXT(2) 
PARAMETRIC_REPRESENTATION_CONTEXT() REPRESENTATION_CONTEXT('2D SPACE',''
  ) );
#4874 = ORIENTED_EDGE('',*,*,#2677,.F.);
#4875 = ORIENTED_EDGE('',*,*,#4800,.F.);
#4876 = ADVANCED_FACE('',(#4877),#1394,.F.);
#4877 = FACE_BOUND('',#4878,.F.);
#4878 = EDGE_LOOP('',(#4879,#4880,#4881,#4882));
#4879 = ORIENTED_EDGE('',*,*,#2983,.F.);
#4880 = ORIENTED_EDGE('',*,*,#4827,.T.);
#4881 = ORIENTED_EDGE('',*,*,#1378,.T.);
#4882 = ORIENTED_EDGE('',*,*,#4883,.F.);
#4883 = EDGE_CURVE('',#2961,#1351,#4884,.T.);
#4884 = SURFACE_CURVE('',#4885,(#4889,#4896),.PCURVE_S1.);
#4885 = LINE('',#4886,#4887);
#4886 = CARTESIAN_POINT('',(5.,27.976075,3.));
#4887 = VECTOR('',#4888,1.);
#4888 = DIRECTION('',(0.,1.110223024625E-16,-1.));
#4889 = PCURVE('',#1394,#4890);
#4890 = DEFINITIONAL_REPRESENTATION('',(#4891),#4895);
#4891 = LINE('',#4892,#4893);
#4892 = CARTESIAN_POINT('',(7.,-7.771561172376E-16));
#4893 = VECTOR('',#4894,1.);
#4894 = DIRECTION('',(0.,-1.));
#4895 = ( GEOMETRIC_REPRESENTATION_CONTEXT(2) 
PARAMETRIC_REPRESENTATION_CONTEXT() REPRESENTATION_CONTEXT('2D SPACE',''
  ) );
#4896 = PCURVE('',#1366,#4897);
#4897 = DEFINITIONAL_REPRESENTATION('',(#4898),#4902);
#4898 = LINE('',#4899,#4900);
#4899 = CARTESIAN_POINT('',(0.,0.));
#4900 = VECTOR('',#4901,1.);
#4901 = DIRECTION('',(0.,1.));
#4902 = ( GEOMETRIC_REPRESENTATION_CONTEXT(2) 
PARAMETRIC_REPRESENTATION_CONTEXT() REPRESENTATION_CONTEXT('2D SPACE',''
  ) );
#4903 = ADVANCED_FACE('',(#4904),#1198,.F.);
#4904 = FACE_BOUND('',#4905,.F.);
#4905 = EDGE_LOOP('',(#4906,#4907,#4908,#4909));
#4906 = ORIENTED_EDGE('',*,*,#1182,.F.);
#4907 = ORIENTED_EDGE('',*,*,#4854,.T.);
#4908 = ORIENTED_EDGE('',*,*,#2700,.T.);
#4909 = ORIENTED_EDGE('',*,*,#4910,.T.);
#4910 = EDGE_CURVE('',#2701,#1183,#4911,.T.);
#4911 = SURFACE_CURVE('',#4912,(#4916,#4923),.PCURVE_S1.);
#4912 = LINE('',#4913,#4914);
#4913 = CARTESIAN_POINT('',(-5.,20.976075,3.));
#4914 = VECTOR('',#4915,1.);
#4915 = DIRECTION('',(0.,1.110223024625E-16,-1.));
#4916 = PCURVE('',#1198,#4917);
#4917 = DEFINITIONAL_REPRESENTATION('',(#4918),#4922);
#4918 = LINE('',#4919,#4920);
#4919 = CARTESIAN_POINT('',(38.,0.));
#4920 = VECTOR('',#4921,1.);
#4921 = DIRECTION('',(0.,1.));
#4922 = ( GEOMETRIC_REPRESENTATION_CONTEXT(2) 
PARAMETRIC_REPRESENTATION_CONTEXT() REPRESENTATION_CONTEXT('2D SPACE',''
  ) );
#4923 = PCURVE('',#1226,#4924);
#4924 = DEFINITIONAL_REPRESENTATION('',(#4925),#4929);
#4925 = LINE('',#4926,#4927);
#4926 = CARTESIAN_POINT('',(0.,0.));
#4927 = VECTOR('',#4928,1.);
#4928 = DIRECTION('',(0.,-1.));
#4929 = ( GEOMETRIC_REPRESENTATION_CONTEXT(2) 
PARAMETRIC_REPRESENTATION_CONTEXT() REPRESENTATION_CONTEXT('2D SPACE',''
  ) );
#4930 = ADVANCED_FACE('',(#4931),#1366,.T.);
#4931 = FACE_BOUND('',#4932,.T.);
#4932 = EDGE_LOOP('',(#4933,#4934,#4935,#4936));
#4933 = ORIENTED_EDGE('',*,*,#1350,.F.);
#4934 = ORIENTED_EDGE('',*,*,#4883,.F.);
#4935 = ORIENTED_EDGE('',*,*,#2960,.T.);
#4936 = ORIENTED_EDGE('',*,*,#4937,.F.);
#4937 = EDGE_CURVE('',#1323,#2938,#4938,.T.);
#4938 = SURFACE_CURVE('',#4939,(#4943,#4950),.PCURVE_S1.);
#4939 = LINE('',#4940,#4941);
#4940 = CARTESIAN_POINT('',(35.,27.976075,4.5));
#4941 = VECTOR('',#4942,1.);
#4942 = DIRECTION('',(0.,-1.110223024625E-16,1.));
#4943 = PCURVE('',#1366,#4944);
#4944 = DEFINITIONAL_REPRESENTATION('',(#4945),#4949);
#4945 = LINE('',#4946,#4947);
#4946 = CARTESIAN_POINT('',(30.,-1.5));
#4947 = VECTOR('',#4948,1.);
#4948 = DIRECTION('',(0.,-1.));
#4949 = ( GEOMETRIC_REPRESENTATION_CONTEXT(2) 
PARAMETRIC_REPRESENTATION_CONTEXT() REPRESENTATION_CONTEXT('2D SPACE',''
  ) );
#4950 = PCURVE('',#1338,#4951);
#4951 = DEFINITIONAL_REPRESENTATION('',(#4952),#4956);
#4952 = LINE('',#4953,#4954);
#4953 = CARTESIAN_POINT('',(64.976075,-1.5));
#4954 = VECTOR('',#4955,1.);
#4955 = DIRECTION('',(0.,1.));
#4956 = ( GEOMETRIC_REPRESENTATION_CONTEXT(2) 
PARAMETRIC_REPRESENTATION_CONTEXT() REPRESENTATION_CONTEXT('2D SPACE',''
  ) );
#4957 = ADVANCED_FACE('',(#4958),#1226,.T.);
#4958 = FACE_BOUND('',#4959,.T.);
#4959 = EDGE_LOOP('',(#4960,#4961,#4962,#4963));
#4960 = ORIENTED_EDGE('',*,*,#2723,.F.);
#4961 = ORIENTED_EDGE('',*,*,#4910,.T.);
#4962 = ORIENTED_EDGE('',*,*,#1210,.T.);
#4963 = ORIENTED_EDGE('',*,*,#4964,.F.);
#4964 = EDGE_CURVE('',#2724,#1211,#4965,.T.);
#4965 = SURFACE_CURVE('',#4966,(#4970,#4977),.PCURVE_S1.);
#4966 = LINE('',#4967,#4968);
#4967 = CARTESIAN_POINT('',(-5.,27.976075,3.));
#4968 = VECTOR('',#4969,1.);
#4969 = DIRECTION('',(0.,1.110223024625E-16,-1.));
#4970 = PCURVE('',#1226,#4971);
#4971 = DEFINITIONAL_REPRESENTATION('',(#4972),#4976);
#4972 = LINE('',#4973,#4974);
#4973 = CARTESIAN_POINT('',(7.,-7.771561172376E-16));
#4974 = VECTOR('',#4975,1.);
#4975 = DIRECTION('',(0.,-1.));
#4976 = ( GEOMETRIC_REPRESENTATION_CONTEXT(2) 
PARAMETRIC_REPRESENTATION_CONTEXT() REPRESENTATION_CONTEXT('2D SPACE',''
  ) );
#4977 = PCURVE('',#1254,#4978);
#4978 = DEFINITIONAL_REPRESENTATION('',(#4979),#4983);
#4979 = LINE('',#4980,#4981);
#4980 = CARTESIAN_POINT('',(38.,0.));
#4981 = VECTOR('',#4982,1.);
#4982 = DIRECTION('',(0.,1.));
#4983 = ( GEOMETRIC_REPRESENTATION_CONTEXT(2) 
PARAMETRIC_REPRESENTATION_CONTEXT() REPRESENTATION_CONTEXT('2D SPACE',''
  ) );
#4984 = ADVANCED_FACE('',(#4985),#1338,.F.);
#4985 = FACE_BOUND('',#4986,.F.);
#4986 = EDGE_LOOP('',(#4987,#5010,#5036,#5037,#5038));
#4987 = ORIENTED_EDGE('',*,*,#4988,.F.);
#4988 = EDGE_CURVE('',#4989,#1295,#4991,.T.);
#4989 = VERTEX_POINT('',#4990);
#4990 = CARTESIAN_POINT('',(35.,37.,3.));
#4991 = SURFACE_CURVE('',#4992,(#4996,#5003),.PCURVE_S1.);
#4992 = LINE('',#4993,#4994);
#4993 = CARTESIAN_POINT('',(35.,37.,6.));
#4994 = VECTOR('',#4995,1.);
#4995 = DIRECTION('',(0.,1.110223024625E-16,-1.));
#4996 = PCURVE('',#1338,#4997);
#4997 = DEFINITIONAL_REPRESENTATION('',(#4998),#5002);
#4998 = LINE('',#4999,#5000);
#4999 = CARTESIAN_POINT('',(74.,5.995204332976E-15));
#5000 = VECTOR('',#5001,1.);
#5001 = DIRECTION('',(0.,-1.));
#5002 = ( GEOMETRIC_REPRESENTATION_CONTEXT(2) 
PARAMETRIC_REPRESENTATION_CONTEXT() REPRESENTATION_CONTEXT('2D SPACE',''
  ) );
#5003 = PCURVE('',#1310,#5004);
#5004 = DEFINITIONAL_REPRESENTATION('',(#5005),#5009);
#5005 = LINE('',#5006,#5007);
#5006 = CARTESIAN_POINT('',(70.,0.));
#5007 = VECTOR('',#5008,1.);
#5008 = DIRECTION('',(0.,1.));
#5009 = ( GEOMETRIC_REPRESENTATION_CONTEXT(2) 
PARAMETRIC_REPRESENTATION_CONTEXT() REPRESENTATION_CONTEXT('2D SPACE',''
  ) );
#5010 = ORIENTED_EDGE('',*,*,#5011,.F.);
#5011 = EDGE_CURVE('',#2910,#4989,#5012,.T.);
#5012 = SURFACE_CURVE('',#5013,(#5017,#5024),.PCURVE_S1.);
#5013 = LINE('',#5014,#5015);
#5014 = CARTESIAN_POINT('',(35.,-18.5,3.));
#5015 = VECTOR('',#5016,1.);
#5016 = DIRECTION('',(0.,1.,0.));
#5017 = PCURVE('',#1338,#5018);
#5018 = DEFINITIONAL_REPRESENTATION('',(#5019),#5023);
#5019 = LINE('',#5020,#5021);
#5020 = CARTESIAN_POINT('',(18.5,-3.));
#5021 = VECTOR('',#5022,1.);
#5022 = DIRECTION('',(1.,-1.110223024625E-16));
#5023 = ( GEOMETRIC_REPRESENTATION_CONTEXT(2) 
PARAMETRIC_REPRESENTATION_CONTEXT() REPRESENTATION_CONTEXT('2D SPACE',''
  ) );
#5024 = PCURVE('',#5025,#5030);
#5025 = PLANE('',#5026);
#5026 = AXIS2_PLACEMENT_3D('',#5027,#5028,#5029);
#5027 = CARTESIAN_POINT('',(40.,35.,3.));
#5028 = DIRECTION('',(0.,1.110223024625E-16,-1.));
#5029 = DIRECTION('',(0.,1.,1.110223024625E-16));
#5030 = DEFINITIONAL_REPRESENTATION('',(#5031),#5035);
#5031 = LINE('',#5032,#5033);
#5032 = CARTESIAN_POINT('',(-53.5,-5.));
#5033 = VECTOR('',#5034,1.);
#5034 = DIRECTION('',(1.,0.));
#5035 = ( GEOMETRIC_REPRESENTATION_CONTEXT(2) 
PARAMETRIC_REPRESENTATION_CONTEXT() REPRESENTATION_CONTEXT('2D SPACE',''
  ) );
#5036 = ORIENTED_EDGE('',*,*,#2937,.F.);
#5037 = ORIENTED_EDGE('',*,*,#4937,.F.);
#5038 = ORIENTED_EDGE('',*,*,#1322,.T.);
#5039 = ADVANCED_FACE('',(#5040),#1254,.T.);
#5040 = FACE_BOUND('',#5041,.T.);
#5041 = EDGE_LOOP('',(#5042,#5043,#5064,#5065));
#5042 = ORIENTED_EDGE('',*,*,#1238,.F.);
#5043 = ORIENTED_EDGE('',*,*,#5044,.T.);
#5044 = EDGE_CURVE('',#1239,#2747,#5045,.T.);
#5045 = SURFACE_CURVE('',#5046,(#5050,#5057),.PCURVE_S1.);
#5046 = LINE('',#5047,#5048);
#5047 = CARTESIAN_POINT('',(-35.,27.976075,4.5));
#5048 = VECTOR('',#5049,1.);
#5049 = DIRECTION('',(0.,-1.110223024625E-16,1.));
#5050 = PCURVE('',#1254,#5051);
#5051 = DEFINITIONAL_REPRESENTATION('',(#5052),#5056);
#5052 = LINE('',#5053,#5054);
#5053 = CARTESIAN_POINT('',(8.,-1.5));
#5054 = VECTOR('',#5055,1.);
#5055 = DIRECTION('',(0.,-1.));
#5056 = ( GEOMETRIC_REPRESENTATION_CONTEXT(2) 
PARAMETRIC_REPRESENTATION_CONTEXT() REPRESENTATION_CONTEXT('2D SPACE',''
  ) );
#5057 = PCURVE('',#1282,#5058);
#5058 = DEFINITIONAL_REPRESENTATION('',(#5059),#5063);
#5059 = LINE('',#5060,#5061);
#5060 = CARTESIAN_POINT('',(64.976075,-1.5));
#5061 = VECTOR('',#5062,1.);
#5062 = DIRECTION('',(0.,1.));
#5063 = ( GEOMETRIC_REPRESENTATION_CONTEXT(2) 
PARAMETRIC_REPRESENTATION_CONTEXT() REPRESENTATION_CONTEXT('2D SPACE',''
  ) );
#5064 = ORIENTED_EDGE('',*,*,#2746,.T.);
#5065 = ORIENTED_EDGE('',*,*,#4964,.T.);
#5066 = ADVANCED_FACE('',(#5067),#1310,.F.);
#5067 = FACE_BOUND('',#5068,.F.);
#5068 = EDGE_LOOP('',(#5069,#5092,#5118,#5119,#5140,#5141));
#5069 = ORIENTED_EDGE('',*,*,#5070,.F.);
#5070 = EDGE_CURVE('',#5071,#1267,#5073,.T.);
#5071 = VERTEX_POINT('',#5072);
#5072 = CARTESIAN_POINT('',(-35.,37.,3.));
#5073 = SURFACE_CURVE('',#5074,(#5078,#5085),.PCURVE_S1.);
#5074 = LINE('',#5075,#5076);
#5075 = CARTESIAN_POINT('',(-35.,37.,6.));
#5076 = VECTOR('',#5077,1.);
#5077 = DIRECTION('',(0.,1.110223024625E-16,-1.));
#5078 = PCURVE('',#1310,#5079);
#5079 = DEFINITIONAL_REPRESENTATION('',(#5080),#5084);
#5080 = LINE('',#5081,#5082);
#5081 = CARTESIAN_POINT('',(0.,0.));
#5082 = VECTOR('',#5083,1.);
#5083 = DIRECTION('',(0.,1.));
#5084 = ( GEOMETRIC_REPRESENTATION_CONTEXT(2) 
PARAMETRIC_REPRESENTATION_CONTEXT() REPRESENTATION_CONTEXT('2D SPACE',''
  ) );
#5085 = PCURVE('',#1282,#5086);
#5086 = DEFINITIONAL_REPRESENTATION('',(#5087),#5091);
#5087 = LINE('',#5088,#5089);
#5088 = CARTESIAN_POINT('',(74.,5.995204332976E-15));
#5089 = VECTOR('',#5090,1.);
#5090 = DIRECTION('',(0.,-1.));
#5091 = ( GEOMETRIC_REPRESENTATION_CONTEXT(2) 
PARAMETRIC_REPRESENTATION_CONTEXT() REPRESENTATION_CONTEXT('2D SPACE',''
  ) );
#5092 = ORIENTED_EDGE('',*,*,#5093,.F.);
#5093 = EDGE_CURVE('',#2826,#5071,#5094,.T.);
#5094 = SURFACE_CURVE('',#5095,(#5099,#5106),.PCURVE_S1.);
#5095 = LINE('',#5096,#5097);
#5096 = CARTESIAN_POINT('',(-17.5,37.,3.));
#5097 = VECTOR('',#5098,1.);
#5098 = DIRECTION('',(-1.,0.,0.));
#5099 = PCURVE('',#1310,#5100);
#5100 = DEFINITIONAL_REPRESENTATION('',(#5101),#5105);
#5101 = LINE('',#5102,#5103);
#5102 = CARTESIAN_POINT('',(17.5,3.));
#5103 = VECTOR('',#5104,1.);
#5104 = DIRECTION('',(-1.,0.));
#5105 = ( GEOMETRIC_REPRESENTATION_CONTEXT(2) 
PARAMETRIC_REPRESENTATION_CONTEXT() REPRESENTATION_CONTEXT('2D SPACE',''
  ) );
#5106 = PCURVE('',#5107,#5112);
#5107 = PLANE('',#5108);
#5108 = AXIS2_PLACEMENT_3D('',#5109,#5110,#5111);
#5109 = CARTESIAN_POINT('',(-40.,35.,3.));
#5110 = DIRECTION('',(0.,1.110223024625E-16,-1.));
#5111 = DIRECTION('',(0.,1.,1.110223024625E-16));
#5112 = DEFINITIONAL_REPRESENTATION('',(#5113),#5117);
#5113 = LINE('',#5114,#5115);
#5114 = CARTESIAN_POINT('',(2.,22.5));
#5115 = VECTOR('',#5116,1.);
#5116 = DIRECTION('',(0.,-1.));
#5117 = ( GEOMETRIC_REPRESENTATION_CONTEXT(2) 
PARAMETRIC_REPRESENTATION_CONTEXT() REPRESENTATION_CONTEXT('2D SPACE',''
  ) );
#5118 = ORIENTED_EDGE('',*,*,#2853,.F.);
#5119 = ORIENTED_EDGE('',*,*,#5120,.F.);
#5120 = EDGE_CURVE('',#4989,#2854,#5121,.T.);
#5121 = SURFACE_CURVE('',#5122,(#5126,#5133),.PCURVE_S1.);
#5122 = LINE('',#5123,#5124);
#5123 = CARTESIAN_POINT('',(-17.5,37.,3.));
#5124 = VECTOR('',#5125,1.);
#5125 = DIRECTION('',(-1.,0.,0.));
#5126 = PCURVE('',#1310,#5127);
#5127 = DEFINITIONAL_REPRESENTATION('',(#5128),#5132);
#5128 = LINE('',#5129,#5130);
#5129 = CARTESIAN_POINT('',(17.5,3.));
#5130 = VECTOR('',#5131,1.);
#5131 = DIRECTION('',(-1.,0.));
#5132 = ( GEOMETRIC_REPRESENTATION_CONTEXT(2) 
PARAMETRIC_REPRESENTATION_CONTEXT() REPRESENTATION_CONTEXT('2D SPACE',''
  ) );
#5133 = PCURVE('',#5025,#5134);
#5134 = DEFINITIONAL_REPRESENTATION('',(#5135),#5139);
#5135 = LINE('',#5136,#5137);
#5136 = CARTESIAN_POINT('',(2.,-57.5));
#5137 = VECTOR('',#5138,1.);
#5138 = DIRECTION('',(0.,-1.));
#5139 = ( GEOMETRIC_REPRESENTATION_CONTEXT(2) 
PARAMETRIC_REPRESENTATION_CONTEXT() REPRESENTATION_CONTEXT('2D SPACE',''
  ) );
#5140 = ORIENTED_EDGE('',*,*,#4988,.T.);
#5141 = ORIENTED_EDGE('',*,*,#1294,.T.);
#5142 = ADVANCED_FACE('',(#5143),#1282,.T.);
#5143 = FACE_BOUND('',#5144,.T.);
#5144 = EDGE_LOOP('',(#5145,#5146,#5167,#5168,#5169));
#5145 = ORIENTED_EDGE('',*,*,#5070,.F.);
#5146 = ORIENTED_EDGE('',*,*,#5147,.F.);
#5147 = EDGE_CURVE('',#2770,#5071,#5148,.T.);
#5148 = SURFACE_CURVE('',#5149,(#5153,#5160),.PCURVE_S1.);
#5149 = LINE('',#5150,#5151);
#5150 = CARTESIAN_POINT('',(-35.,-18.5,3.));
#5151 = VECTOR('',#5152,1.);
#5152 = DIRECTION('',(0.,1.,0.));
#5153 = PCURVE('',#1282,#5154);
#5154 = DEFINITIONAL_REPRESENTATION('',(#5155),#5159);
#5155 = LINE('',#5156,#5157);
#5156 = CARTESIAN_POINT('',(18.5,-3.));
#5157 = VECTOR('',#5158,1.);
#5158 = DIRECTION('',(1.,-1.110223024625E-16));
#5159 = ( GEOMETRIC_REPRESENTATION_CONTEXT(2) 
PARAMETRIC_REPRESENTATION_CONTEXT() REPRESENTATION_CONTEXT('2D SPACE',''
  ) );
#5160 = PCURVE('',#5107,#5161);
#5161 = DEFINITIONAL_REPRESENTATION('',(#5162),#5166);
#5162 = LINE('',#5163,#5164);
#5163 = CARTESIAN_POINT('',(-53.5,5.));
#5164 = VECTOR('',#5165,1.);
#5165 = DIRECTION('',(1.,0.));
#5166 = ( GEOMETRIC_REPRESENTATION_CONTEXT(2) 
PARAMETRIC_REPRESENTATION_CONTEXT() REPRESENTATION_CONTEXT('2D SPACE',''
  ) );
#5167 = ORIENTED_EDGE('',*,*,#2769,.F.);
#5168 = ORIENTED_EDGE('',*,*,#5044,.F.);
#5169 = ORIENTED_EDGE('',*,*,#1266,.T.);
#5170 = ADVANCED_FACE('',(#5171),#1567,.F.);
#5171 = FACE_BOUND('',#5172,.F.);
#5172 = EDGE_LOOP('',(#5173,#5174,#5197,#5224));
#5173 = ORIENTED_EDGE('',*,*,#1546,.F.);
#5174 = ORIENTED_EDGE('',*,*,#5175,.F.);
#5175 = EDGE_CURVE('',#5176,#1547,#5178,.T.);
#5176 = VERTEX_POINT('',#5177);
#5177 = CARTESIAN_POINT('',(8.89,25.926075,15.));
#5178 = SEAM_CURVE('',#5179,(#5183,#5190),.PCURVE_S1.);
#5179 = LINE('',#5180,#5181);
#5180 = CARTESIAN_POINT('',(8.89,25.926075,16.));
#5181 = VECTOR('',#5182,1.);
#5182 = DIRECTION('',(0.,1.110223024625E-16,-1.));
#5183 = PCURVE('',#1567,#5184);
#5184 = DEFINITIONAL_REPRESENTATION('',(#5185),#5189);
#5185 = LINE('',#5186,#5187);
#5186 = CARTESIAN_POINT('',(6.28318530718,-0.));
#5187 = VECTOR('',#5188,1.);
#5188 = DIRECTION('',(0.,1.));
#5189 = ( GEOMETRIC_REPRESENTATION_CONTEXT(2) 
PARAMETRIC_REPRESENTATION_CONTEXT() REPRESENTATION_CONTEXT('2D SPACE',''
  ) );
#5190 = PCURVE('',#1567,#5191);
#5191 = DEFINITIONAL_REPRESENTATION('',(#5192),#5196);
#5192 = LINE('',#5193,#5194);
#5193 = CARTESIAN_POINT('',(0.,-0.));
#5194 = VECTOR('',#5195,1.);
#5195 = DIRECTION('',(0.,1.));
#5196 = ( GEOMETRIC_REPRESENTATION_CONTEXT(2) 
PARAMETRIC_REPRESENTATION_CONTEXT() REPRESENTATION_CONTEXT('2D SPACE',''
  ) );
#5197 = ORIENTED_EDGE('',*,*,#5198,.T.);
#5198 = EDGE_CURVE('',#5176,#5176,#5199,.T.);
#5199 = SURFACE_CURVE('',#5200,(#5205,#5212),.PCURVE_S1.);
#5200 = CIRCLE('',#5201,1.45);
#5201 = AXIS2_PLACEMENT_3D('',#5202,#5203,#5204);
#5202 = CARTESIAN_POINT('',(8.89,24.476075,15.));
#5203 = DIRECTION('',(0.,1.110223024625E-16,-1.));
#5204 = DIRECTION('',(0.,1.,1.110223024625E-16));
#5205 = PCURVE('',#1567,#5206);
#5206 = DEFINITIONAL_REPRESENTATION('',(#5207),#5211);
#5207 = LINE('',#5208,#5209);
#5208 = CARTESIAN_POINT('',(0.,1.));
#5209 = VECTOR('',#5210,1.);
#5210 = DIRECTION('',(1.,0.));
#5211 = ( GEOMETRIC_REPRESENTATION_CONTEXT(2) 
PARAMETRIC_REPRESENTATION_CONTEXT() REPRESENTATION_CONTEXT('2D SPACE',''
  ) );
#5212 = PCURVE('',#5213,#5218);
#5213 = PLANE('',#5214);
#5214 = AXIS2_PLACEMENT_3D('',#5215,#5216,#5217);
#5215 = CARTESIAN_POINT('',(8.89,24.476075,15.));
#5216 = DIRECTION('',(0.,1.110223024625E-16,-1.));
#5217 = DIRECTION('',(0.,1.,1.110223024625E-16));
#5218 = DEFINITIONAL_REPRESENTATION('',(#5219),#5223);
#5219 = CIRCLE('',#5220,1.45);
#5220 = AXIS2_PLACEMENT_2D('',#5221,#5222);
#5221 = CARTESIAN_POINT('',(0.,0.));
#5222 = DIRECTION('',(1.,0.));
#5223 = ( GEOMETRIC_REPRESENTATION_CONTEXT(2) 
PARAMETRIC_REPRESENTATION_CONTEXT() REPRESENTATION_CONTEXT('2D SPACE',''
  ) );
#5224 = ORIENTED_EDGE('',*,*,#5175,.T.);
#5225 = ADVANCED_FACE('',(#5226),#1602,.F.);
#5226 = FACE_BOUND('',#5227,.F.);
#5227 = EDGE_LOOP('',(#5228,#5229,#5252,#5283));
#5228 = ORIENTED_EDGE('',*,*,#1581,.F.);
#5229 = ORIENTED_EDGE('',*,*,#5230,.F.);
#5230 = EDGE_CURVE('',#5231,#1582,#5233,.T.);
#5231 = VERTEX_POINT('',#5232);
#5232 = CARTESIAN_POINT('',(41.,26.2,1.2));
#5233 = SEAM_CURVE('',#5234,(#5238,#5245),.PCURVE_S1.);
#5234 = LINE('',#5235,#5236);
#5235 = CARTESIAN_POINT('',(41.,26.2,5.));
#5236 = VECTOR('',#5237,1.);
#5237 = DIRECTION('',(0.,1.110223024625E-16,-1.));
#5238 = PCURVE('',#1602,#5239);
#5239 = DEFINITIONAL_REPRESENTATION('',(#5240),#5244);
#5240 = LINE('',#5241,#5242);
#5241 = CARTESIAN_POINT('',(6.28318530718,-0.));
#5242 = VECTOR('',#5243,1.);
#5243 = DIRECTION('',(0.,1.));
#5244 = ( GEOMETRIC_REPRESENTATION_CONTEXT(2) 
PARAMETRIC_REPRESENTATION_CONTEXT() REPRESENTATION_CONTEXT('2D SPACE',''
  ) );
#5245 = PCURVE('',#1602,#5246);
#5246 = DEFINITIONAL_REPRESENTATION('',(#5247),#5251);
#5247 = LINE('',#5248,#5249);
#5248 = CARTESIAN_POINT('',(0.,-0.));
#5249 = VECTOR('',#5250,1.);
#5250 = DIRECTION('',(0.,1.));
#5251 = ( GEOMETRIC_REPRESENTATION_CONTEXT(2) 
PARAMETRIC_REPRESENTATION_CONTEXT() REPRESENTATION_CONTEXT('2D SPACE',''
  ) );
#5252 = ORIENTED_EDGE('',*,*,#5253,.T.);
#5253 = EDGE_CURVE('',#5231,#5231,#5254,.T.);
#5254 = SURFACE_CURVE('',#5255,(#5260,#5267),.PCURVE_S1.);
#5255 = CIRCLE('',#5256,1.2);
#5256 = AXIS2_PLACEMENT_3D('',#5257,#5258,#5259);
#5257 = CARTESIAN_POINT('',(41.,25.,1.2));
#5258 = DIRECTION('',(0.,1.110223024625E-16,-1.));
#5259 = DIRECTION('',(0.,1.,1.110223024625E-16));
#5260 = PCURVE('',#1602,#5261);
#5261 = DEFINITIONAL_REPRESENTATION('',(#5262),#5266);
#5262 = LINE('',#5263,#5264);
#5263 = CARTESIAN_POINT('',(0.,3.8));
#5264 = VECTOR('',#5265,1.);
#5265 = DIRECTION('',(1.,0.));
#5266 = ( GEOMETRIC_REPRESENTATION_CONTEXT(2) 
PARAMETRIC_REPRESENTATION_CONTEXT() REPRESENTATION_CONTEXT('2D SPACE',''
  ) );
#5267 = PCURVE('',#5268,#5273);
#5268 = PLANE('',#5269);
#5269 = AXIS2_PLACEMENT_3D('',#5270,#5271,#5272);
#5270 = CARTESIAN_POINT('',(41.,25.,1.2));
#5271 = DIRECTION('',(0.,0.,1.));
#5272 = DIRECTION('',(1.,0.,0.));
#5273 = DEFINITIONAL_REPRESENTATION('',(#5274),#5282);
#5274 = ( BOUNDED_CURVE() B_SPLINE_CURVE(2,(#5275,#5276,#5277,#5278,
#5279,#5280,#5281),.UNSPECIFIED.,.T.,.F.) B_SPLINE_CURVE_WITH_KNOTS((1,2
    ,2,2,2,1),(-2.094395102393,0.,2.094395102393,4.188790204786,
6.28318530718,8.377580409573),.UNSPECIFIED.) CURVE() 
GEOMETRIC_REPRESENTATION_ITEM() RATIONAL_B_SPLINE_CURVE((1.,0.5,1.,0.5,
1.,0.5,1.)) REPRESENTATION_ITEM('') );
#5275 = CARTESIAN_POINT('',(0.,1.2));
#5276 = CARTESIAN_POINT('',(2.078460969083,1.2));
#5277 = CARTESIAN_POINT('',(1.039230484541,-0.6));
#5278 = CARTESIAN_POINT('',(2.939152317954E-16,-2.4));
#5279 = CARTESIAN_POINT('',(-1.039230484541,-0.6));
#5280 = CARTESIAN_POINT('',(-2.078460969083,1.2));
#5281 = CARTESIAN_POINT('',(0.,1.2));
#5282 = ( GEOMETRIC_REPRESENTATION_CONTEXT(2) 
PARAMETRIC_REPRESENTATION_CONTEXT() REPRESENTATION_CONTEXT('2D SPACE',''
  ) );
#5283 = ORIENTED_EDGE('',*,*,#5230,.T.);
#5284 = ADVANCED_FACE('',(#5285),#1634,.T.);
#5285 = FACE_BOUND('',#5286,.T.);
#5286 = EDGE_LOOP('',(#5287,#5310,#5338,#5359));
#5287 = ORIENTED_EDGE('',*,*,#5288,.F.);
#5288 = EDGE_CURVE('',#5289,#1619,#5291,.T.);
#5289 = VERTEX_POINT('',#5290);
#5290 = CARTESIAN_POINT('',(37.85,30.6,1.805));
#5291 = SURFACE_CURVE('',#5292,(#5296,#5303),.PCURVE_S1.);
#5292 = LINE('',#5293,#5294);
#5293 = CARTESIAN_POINT('',(37.85,30.6,1.805));
#5294 = VECTOR('',#5295,1.);
#5295 = DIRECTION('',(0.,1.110223024625E-16,-1.));
#5296 = PCURVE('',#1634,#5297);
#5297 = DEFINITIONAL_REPRESENTATION('',(#5298),#5302);
#5298 = LINE('',#5299,#5300);
#5299 = CARTESIAN_POINT('',(0.,0.));
#5300 = VECTOR('',#5301,1.);
#5301 = DIRECTION('',(0.,1.));
#5302 = ( GEOMETRIC_REPRESENTATION_CONTEXT(2) 
PARAMETRIC_REPRESENTATION_CONTEXT() REPRESENTATION_CONTEXT('2D SPACE',''
  ) );
#5303 = PCURVE('',#1662,#5304);
#5304 = DEFINITIONAL_REPRESENTATION('',(#5305),#5309);
#5305 = LINE('',#5306,#5307);
#5306 = CARTESIAN_POINT('',(0.,0.));
#5307 = VECTOR('',#5308,1.);
#5308 = DIRECTION('',(0.,-1.));
#5309 = ( GEOMETRIC_REPRESENTATION_CONTEXT(2) 
PARAMETRIC_REPRESENTATION_CONTEXT() REPRESENTATION_CONTEXT('2D SPACE',''
  ) );
#5310 = ORIENTED_EDGE('',*,*,#5311,.T.);
#5311 = EDGE_CURVE('',#5289,#5312,#5314,.T.);
#5312 = VERTEX_POINT('',#5313);
#5313 = CARTESIAN_POINT('',(42.15,30.6,1.805));
#5314 = SURFACE_CURVE('',#5315,(#5319,#5326),.PCURVE_S1.);
#5315 = LINE('',#5316,#5317);
#5316 = CARTESIAN_POINT('',(37.85,30.6,1.805));
#5317 = VECTOR('',#5318,1.);
#5318 = DIRECTION('',(1.,0.,0.));
#5319 = PCURVE('',#1634,#5320);
#5320 = DEFINITIONAL_REPRESENTATION('',(#5321),#5325);
#5321 = LINE('',#5322,#5323);
#5322 = CARTESIAN_POINT('',(0.,0.));
#5323 = VECTOR('',#5324,1.);
#5324 = DIRECTION('',(1.,0.));
#5325 = ( GEOMETRIC_REPRESENTATION_CONTEXT(2) 
PARAMETRIC_REPRESENTATION_CONTEXT() REPRESENTATION_CONTEXT('2D SPACE',''
  ) );
#5326 = PCURVE('',#5327,#5332);
#5327 = PLANE('',#5328);
#5328 = AXIS2_PLACEMENT_3D('',#5329,#5330,#5331);
#5329 = CARTESIAN_POINT('',(37.85,30.6,1.805));
#5330 = DIRECTION('',(0.,1.110223024625E-16,-1.));
#5331 = DIRECTION('',(0.,1.,1.110223024625E-16));
#5332 = DEFINITIONAL_REPRESENTATION('',(#5333),#5337);
#5333 = LINE('',#5334,#5335);
#5334 = CARTESIAN_POINT('',(0.,0.));
#5335 = VECTOR('',#5336,1.);
#5336 = DIRECTION('',(0.,1.));
#5337 = ( GEOMETRIC_REPRESENTATION_CONTEXT(2) 
PARAMETRIC_REPRESENTATION_CONTEXT() REPRESENTATION_CONTEXT('2D SPACE',''
  ) );
#5338 = ORIENTED_EDGE('',*,*,#5339,.T.);
#5339 = EDGE_CURVE('',#5312,#1617,#5340,.T.);
#5340 = SURFACE_CURVE('',#5341,(#5345,#5352),.PCURVE_S1.);
#5341 = LINE('',#5342,#5343);
#5342 = CARTESIAN_POINT('',(42.15,30.6,1.805));
#5343 = VECTOR('',#5344,1.);
#5344 = DIRECTION('',(0.,1.110223024625E-16,-1.));
#5345 = PCURVE('',#1634,#5346);
#5346 = DEFINITIONAL_REPRESENTATION('',(#5347),#5351);
#5347 = LINE('',#5348,#5349);
#5348 = CARTESIAN_POINT('',(4.3,0.));
#5349 = VECTOR('',#5350,1.);
#5350 = DIRECTION('',(0.,1.));
#5351 = ( GEOMETRIC_REPRESENTATION_CONTEXT(2) 
PARAMETRIC_REPRESENTATION_CONTEXT() REPRESENTATION_CONTEXT('2D SPACE',''
  ) );
#5352 = PCURVE('',#1716,#5353);
#5353 = DEFINITIONAL_REPRESENTATION('',(#5354),#5358);
#5354 = LINE('',#5355,#5356);
#5355 = CARTESIAN_POINT('',(0.,0.));
#5356 = VECTOR('',#5357,1.);
#5357 = DIRECTION('',(0.,-1.));
#5358 = ( GEOMETRIC_REPRESENTATION_CONTEXT(2) 
PARAMETRIC_REPRESENTATION_CONTEXT() REPRESENTATION_CONTEXT('2D SPACE',''
  ) );
#5359 = ORIENTED_EDGE('',*,*,#1616,.T.);
#5360 = ADVANCED_FACE('',(#5361),#1716,.F.);
#5361 = FACE_BOUND('',#5362,.F.);
#5362 = EDGE_LOOP('',(#5363,#5386,#5407,#5408));
#5363 = ORIENTED_EDGE('',*,*,#5364,.F.);
#5364 = EDGE_CURVE('',#5365,#1675,#5367,.T.);
#5365 = VERTEX_POINT('',#5366);
#5366 = CARTESIAN_POINT('',(42.15,39.4,1.805));
#5367 = SURFACE_CURVE('',#5368,(#5372,#5379),.PCURVE_S1.);
#5368 = LINE('',#5369,#5370);
#5369 = CARTESIAN_POINT('',(42.15,39.4,1.805));
#5370 = VECTOR('',#5371,1.);
#5371 = DIRECTION('',(0.,1.110223024625E-16,-1.));
#5372 = PCURVE('',#1716,#5373);
#5373 = DEFINITIONAL_REPRESENTATION('',(#5374),#5378);
#5374 = LINE('',#5375,#5376);
#5375 = CARTESIAN_POINT('',(8.8,6.128431095931E-15));
#5376 = VECTOR('',#5377,1.);
#5377 = DIRECTION('',(0.,-1.));
#5378 = ( GEOMETRIC_REPRESENTATION_CONTEXT(2) 
PARAMETRIC_REPRESENTATION_CONTEXT() REPRESENTATION_CONTEXT('2D SPACE',''
  ) );
#5379 = PCURVE('',#1690,#5380);
#5380 = DEFINITIONAL_REPRESENTATION('',(#5381),#5385);
#5381 = LINE('',#5382,#5383);
#5382 = CARTESIAN_POINT('',(4.3,0.));
#5383 = VECTOR('',#5384,1.);
#5384 = DIRECTION('',(0.,1.));
#5385 = ( GEOMETRIC_REPRESENTATION_CONTEXT(2) 
PARAMETRIC_REPRESENTATION_CONTEXT() REPRESENTATION_CONTEXT('2D SPACE',''
  ) );
#5386 = ORIENTED_EDGE('',*,*,#5387,.F.);
#5387 = EDGE_CURVE('',#5312,#5365,#5388,.T.);
#5388 = SURFACE_CURVE('',#5389,(#5393,#5400),.PCURVE_S1.);
#5389 = LINE('',#5390,#5391);
#5390 = CARTESIAN_POINT('',(42.15,30.6,1.805));
#5391 = VECTOR('',#5392,1.);
#5392 = DIRECTION('',(0.,1.,1.110223024625E-16));
#5393 = PCURVE('',#1716,#5394);
#5394 = DEFINITIONAL_REPRESENTATION('',(#5395),#5399);
#5395 = LINE('',#5396,#5397);
#5396 = CARTESIAN_POINT('',(0.,0.));
#5397 = VECTOR('',#5398,1.);
#5398 = DIRECTION('',(1.,0.));
#5399 = ( GEOMETRIC_REPRESENTATION_CONTEXT(2) 
PARAMETRIC_REPRESENTATION_CONTEXT() REPRESENTATION_CONTEXT('2D SPACE',''
  ) );
#5400 = PCURVE('',#5327,#5401);
#5401 = DEFINITIONAL_REPRESENTATION('',(#5402),#5406);
#5402 = LINE('',#5403,#5404);
#5403 = CARTESIAN_POINT('',(0.,4.3));
#5404 = VECTOR('',#5405,1.);
#5405 = DIRECTION('',(1.,0.));
#5406 = ( GEOMETRIC_REPRESENTATION_CONTEXT(2) 
PARAMETRIC_REPRESENTATION_CONTEXT() REPRESENTATION_CONTEXT('2D SPACE',''
  ) );
#5407 = ORIENTED_EDGE('',*,*,#5339,.T.);
#5408 = ORIENTED_EDGE('',*,*,#1702,.T.);
#5409 = ADVANCED_FACE('',(#5410),#1690,.F.);
#5410 = FACE_BOUND('',#5411,.F.);
#5411 = EDGE_LOOP('',(#5412,#5435,#5456,#5457));
#5412 = ORIENTED_EDGE('',*,*,#5413,.F.);
#5413 = EDGE_CURVE('',#5414,#1647,#5416,.T.);
#5414 = VERTEX_POINT('',#5415);
#5415 = CARTESIAN_POINT('',(37.85,39.4,1.805));
#5416 = SURFACE_CURVE('',#5417,(#5421,#5428),.PCURVE_S1.);
#5417 = LINE('',#5418,#5419);
#5418 = CARTESIAN_POINT('',(37.85,39.4,1.805));
#5419 = VECTOR('',#5420,1.);
#5420 = DIRECTION('',(0.,1.110223024625E-16,-1.));
#5421 = PCURVE('',#1690,#5422);
#5422 = DEFINITIONAL_REPRESENTATION('',(#5423),#5427);
#5423 = LINE('',#5424,#5425);
#5424 = CARTESIAN_POINT('',(0.,0.));
#5425 = VECTOR('',#5426,1.);
#5426 = DIRECTION('',(0.,1.));
#5427 = ( GEOMETRIC_REPRESENTATION_CONTEXT(2) 
PARAMETRIC_REPRESENTATION_CONTEXT() REPRESENTATION_CONTEXT('2D SPACE',''
  ) );
#5428 = PCURVE('',#1662,#5429);
#5429 = DEFINITIONAL_REPRESENTATION('',(#5430),#5434);
#5430 = LINE('',#5431,#5432);
#5431 = CARTESIAN_POINT('',(8.8,6.128431095931E-15));
#5432 = VECTOR('',#5433,1.);
#5433 = DIRECTION('',(0.,-1.));
#5434 = ( GEOMETRIC_REPRESENTATION_CONTEXT(2) 
PARAMETRIC_REPRESENTATION_CONTEXT() REPRESENTATION_CONTEXT('2D SPACE',''
  ) );
#5435 = ORIENTED_EDGE('',*,*,#5436,.T.);
#5436 = EDGE_CURVE('',#5414,#5365,#5437,.T.);
#5437 = SURFACE_CURVE('',#5438,(#5442,#5449),.PCURVE_S1.);
#5438 = LINE('',#5439,#5440);
#5439 = CARTESIAN_POINT('',(37.85,39.4,1.805));
#5440 = VECTOR('',#5441,1.);
#5441 = DIRECTION('',(1.,0.,0.));
#5442 = PCURVE('',#1690,#5443);
#5443 = DEFINITIONAL_REPRESENTATION('',(#5444),#5448);
#5444 = LINE('',#5445,#5446);
#5445 = CARTESIAN_POINT('',(0.,0.));
#5446 = VECTOR('',#5447,1.);
#5447 = DIRECTION('',(1.,0.));
#5448 = ( GEOMETRIC_REPRESENTATION_CONTEXT(2) 
PARAMETRIC_REPRESENTATION_CONTEXT() REPRESENTATION_CONTEXT('2D SPACE',''
  ) );
#5449 = PCURVE('',#5327,#5450);
#5450 = DEFINITIONAL_REPRESENTATION('',(#5451),#5455);
#5451 = LINE('',#5452,#5453);
#5452 = CARTESIAN_POINT('',(8.8,0.));
#5453 = VECTOR('',#5454,1.);
#5454 = DIRECTION('',(0.,1.));
#5455 = ( GEOMETRIC_REPRESENTATION_CONTEXT(2) 
PARAMETRIC_REPRESENTATION_CONTEXT() REPRESENTATION_CONTEXT('2D SPACE',''
  ) );
#5456 = ORIENTED_EDGE('',*,*,#5364,.T.);
#5457 = ORIENTED_EDGE('',*,*,#1674,.T.);
#5458 = ADVANCED_FACE('',(#5459),#1662,.T.);
#5459 = FACE_BOUND('',#5460,.T.);
#5460 = EDGE_LOOP('',(#5461,#5462,#5483,#5484));
#5461 = ORIENTED_EDGE('',*,*,#5413,.F.);
#5462 = ORIENTED_EDGE('',*,*,#5463,.F.);
#5463 = EDGE_CURVE('',#5289,#5414,#5464,.T.);
#5464 = SURFACE_CURVE('',#5465,(#5469,#5476),.PCURVE_S1.);
#5465 = LINE('',#5466,#5467);
#5466 = CARTESIAN_POINT('',(37.85,30.6,1.805));
#5467 = VECTOR('',#5468,1.);
#5468 = DIRECTION('',(0.,1.,1.110223024625E-16));
#5469 = PCURVE('',#1662,#5470);
#5470 = DEFINITIONAL_REPRESENTATION('',(#5471),#5475);
#5471 = LINE('',#5472,#5473);
#5472 = CARTESIAN_POINT('',(0.,0.));
#5473 = VECTOR('',#5474,1.);
#5474 = DIRECTION('',(1.,0.));
#5475 = ( GEOMETRIC_REPRESENTATION_CONTEXT(2) 
PARAMETRIC_REPRESENTATION_CONTEXT() REPRESENTATION_CONTEXT('2D SPACE',''
  ) );
#5476 = PCURVE('',#5327,#5477);
#5477 = DEFINITIONAL_REPRESENTATION('',(#5478),#5482);
#5478 = LINE('',#5479,#5480);
#5479 = CARTESIAN_POINT('',(0.,0.));
#5480 = VECTOR('',#5481,1.);
#5481 = DIRECTION('',(1.,0.));
#5482 = ( GEOMETRIC_REPRESENTATION_CONTEXT(2) 
PARAMETRIC_REPRESENTATION_CONTEXT() REPRESENTATION_CONTEXT('2D SPACE',''
  ) );
#5483 = ORIENTED_EDGE('',*,*,#5288,.T.);
#5484 = ORIENTED_EDGE('',*,*,#1646,.T.);
#5485 = ADVANCED_FACE('',(#5486),#1869,.T.);
#5486 = FACE_BOUND('',#5487,.T.);
#5487 = EDGE_LOOP('',(#5488,#5513,#5534,#5535));
#5488 = ORIENTED_EDGE('',*,*,#5489,.F.);
#5489 = EDGE_CURVE('',#5490,#5492,#5494,.T.);
#5490 = VERTEX_POINT('',#5491);
#5491 = CARTESIAN_POINT('',(-41.,-22.51739384248,1.2));
#5492 = VERTEX_POINT('',#5493);
#5493 = CARTESIAN_POINT('',(-43.15,-23.75869692124,1.2));
#5494 = SURFACE_CURVE('',#5495,(#5499,#5506),.PCURVE_S1.);
#5495 = LINE('',#5496,#5497);
#5496 = CARTESIAN_POINT('',(-41.,-22.51739384248,1.2));
#5497 = VECTOR('',#5498,1.);
#5498 = DIRECTION('',(-0.866025403784,-0.5,0.));
#5499 = PCURVE('',#1869,#5500);
#5500 = DEFINITIONAL_REPRESENTATION('',(#5501),#5505);
#5501 = LINE('',#5502,#5503);
#5502 = CARTESIAN_POINT('',(0.,0.));
#5503 = VECTOR('',#5504,1.);
#5504 = DIRECTION('',(1.,-0.));
#5505 = ( GEOMETRIC_REPRESENTATION_CONTEXT(2) 
PARAMETRIC_REPRESENTATION_CONTEXT() REPRESENTATION_CONTEXT('2D SPACE',''
  ) );
#5506 = PCURVE('',#3733,#5507);
#5507 = DEFINITIONAL_REPRESENTATION('',(#5508),#5512);
#5508 = LINE('',#5509,#5510);
#5509 = CARTESIAN_POINT('',(0.,2.482606157515));
#5510 = VECTOR('',#5511,1.);
#5511 = DIRECTION('',(-0.866025403784,-0.5));
#5512 = ( GEOMETRIC_REPRESENTATION_CONTEXT(2) 
PARAMETRIC_REPRESENTATION_CONTEXT() REPRESENTATION_CONTEXT('2D SPACE',''
  ) );
#5513 = ORIENTED_EDGE('',*,*,#5514,.T.);
#5514 = EDGE_CURVE('',#5490,#1854,#5515,.T.);
#5515 = SURFACE_CURVE('',#5516,(#5520,#5527),.PCURVE_S1.);
#5516 = LINE('',#5517,#5518);
#5517 = CARTESIAN_POINT('',(-41.,-22.51739384248,1.2));
#5518 = VECTOR('',#5519,1.);
#5519 = DIRECTION('',(0.,0.,1.));
#5520 = PCURVE('',#1869,#5521);
#5521 = DEFINITIONAL_REPRESENTATION('',(#5522),#5526);
#5522 = LINE('',#5523,#5524);
#5523 = CARTESIAN_POINT('',(0.,0.));
#5524 = VECTOR('',#5525,1.);
#5525 = DIRECTION('',(0.,-1.));
#5526 = ( GEOMETRIC_REPRESENTATION_CONTEXT(2) 
PARAMETRIC_REPRESENTATION_CONTEXT() REPRESENTATION_CONTEXT('2D SPACE',''
  ) );
#5527 = PCURVE('',#1897,#5528);
#5528 = DEFINITIONAL_REPRESENTATION('',(#5529),#5533);
#5529 = LINE('',#5530,#5531);
#5530 = CARTESIAN_POINT('',(2.482606157515,0.));
#5531 = VECTOR('',#5532,1.);
#5532 = DIRECTION('',(0.,-1.));
#5533 = ( GEOMETRIC_REPRESENTATION_CONTEXT(2) 
PARAMETRIC_REPRESENTATION_CONTEXT() REPRESENTATION_CONTEXT('2D SPACE',''
  ) );
#5534 = ORIENTED_EDGE('',*,*,#1851,.F.);
#5535 = ORIENTED_EDGE('',*,*,#5536,.F.);
#5536 = EDGE_CURVE('',#5492,#1852,#5537,.T.);
#5537 = SURFACE_CURVE('',#5538,(#5542,#5549),.PCURVE_S1.);
#5538 = LINE('',#5539,#5540);
#5539 = CARTESIAN_POINT('',(-43.15,-23.75869692124,1.2));
#5540 = VECTOR('',#5541,1.);
#5541 = DIRECTION('',(0.,0.,1.));
#5542 = PCURVE('',#1869,#5543);
#5543 = DEFINITIONAL_REPRESENTATION('',(#5544),#5548);
#5544 = LINE('',#5545,#5546);
#5545 = CARTESIAN_POINT('',(2.482606157515,-0.));
#5546 = VECTOR('',#5547,1.);
#5547 = DIRECTION('',(0.,-1.));
#5548 = ( GEOMETRIC_REPRESENTATION_CONTEXT(2) 
PARAMETRIC_REPRESENTATION_CONTEXT() REPRESENTATION_CONTEXT('2D SPACE',''
  ) );
#5549 = PCURVE('',#2007,#5550);
#5550 = DEFINITIONAL_REPRESENTATION('',(#5551),#5555);
#5551 = LINE('',#5552,#5553);
#5552 = CARTESIAN_POINT('',(0.,0.));
#5553 = VECTOR('',#5554,1.);
#5554 = DIRECTION('',(0.,-1.));
#5555 = ( GEOMETRIC_REPRESENTATION_CONTEXT(2) 
PARAMETRIC_REPRESENTATION_CONTEXT() REPRESENTATION_CONTEXT('2D SPACE',''
  ) );
#5556 = ADVANCED_FACE('',(#5557),#2007,.T.);
#5557 = FACE_BOUND('',#5558,.T.);
#5558 = EDGE_LOOP('',(#5559,#5582,#5583,#5584));
#5559 = ORIENTED_EDGE('',*,*,#5560,.F.);
#5560 = EDGE_CURVE('',#5492,#5561,#5563,.T.);
#5561 = VERTEX_POINT('',#5562);
#5562 = CARTESIAN_POINT('',(-43.15,-26.24130307875,1.2));
#5563 = SURFACE_CURVE('',#5564,(#5568,#5575),.PCURVE_S1.);
#5564 = LINE('',#5565,#5566);
#5565 = CARTESIAN_POINT('',(-43.15,-23.75869692124,1.2));
#5566 = VECTOR('',#5567,1.);
#5567 = DIRECTION('',(1.788802498961E-16,-1.,0.));
#5568 = PCURVE('',#2007,#5569);
#5569 = DEFINITIONAL_REPRESENTATION('',(#5570),#5574);
#5570 = LINE('',#5571,#5572);
#5571 = CARTESIAN_POINT('',(0.,0.));
#5572 = VECTOR('',#5573,1.);
#5573 = DIRECTION('',(1.,0.));
#5574 = ( GEOMETRIC_REPRESENTATION_CONTEXT(2) 
PARAMETRIC_REPRESENTATION_CONTEXT() REPRESENTATION_CONTEXT('2D SPACE',''
  ) );
#5575 = PCURVE('',#3733,#5576);
#5576 = DEFINITIONAL_REPRESENTATION('',(#5577),#5581);
#5577 = LINE('',#5578,#5579);
#5578 = CARTESIAN_POINT('',(-2.15,1.241303078758));
#5579 = VECTOR('',#5580,1.);
#5580 = DIRECTION('',(1.788802498961E-16,-1.));
#5581 = ( GEOMETRIC_REPRESENTATION_CONTEXT(2) 
PARAMETRIC_REPRESENTATION_CONTEXT() REPRESENTATION_CONTEXT('2D SPACE',''
  ) );
#5582 = ORIENTED_EDGE('',*,*,#5536,.T.);
#5583 = ORIENTED_EDGE('',*,*,#1993,.F.);
#5584 = ORIENTED_EDGE('',*,*,#5585,.F.);
#5585 = EDGE_CURVE('',#5561,#1966,#5586,.T.);
#5586 = SURFACE_CURVE('',#5587,(#5591,#5598),.PCURVE_S1.);
#5587 = LINE('',#5588,#5589);
#5588 = CARTESIAN_POINT('',(-43.15,-26.24130307875,1.2));
#5589 = VECTOR('',#5590,1.);
#5590 = DIRECTION('',(0.,0.,1.));
#5591 = PCURVE('',#2007,#5592);
#5592 = DEFINITIONAL_REPRESENTATION('',(#5593),#5597);
#5593 = LINE('',#5594,#5595);
#5594 = CARTESIAN_POINT('',(2.482606157515,0.));
#5595 = VECTOR('',#5596,1.);
#5596 = DIRECTION('',(0.,-1.));
#5597 = ( GEOMETRIC_REPRESENTATION_CONTEXT(2) 
PARAMETRIC_REPRESENTATION_CONTEXT() REPRESENTATION_CONTEXT('2D SPACE',''
  ) );
#5598 = PCURVE('',#1981,#5599);
#5599 = DEFINITIONAL_REPRESENTATION('',(#5600),#5604);
#5600 = LINE('',#5601,#5602);
#5601 = CARTESIAN_POINT('',(0.,0.));
#5602 = VECTOR('',#5603,1.);
#5603 = DIRECTION('',(0.,-1.));
#5604 = ( GEOMETRIC_REPRESENTATION_CONTEXT(2) 
PARAMETRIC_REPRESENTATION_CONTEXT() REPRESENTATION_CONTEXT('2D SPACE',''
  ) );
#5605 = ADVANCED_FACE('',(#5606),#1981,.T.);
#5606 = FACE_BOUND('',#5607,.T.);
#5607 = EDGE_LOOP('',(#5608,#5631,#5632,#5633));
#5608 = ORIENTED_EDGE('',*,*,#5609,.F.);
#5609 = EDGE_CURVE('',#5561,#5610,#5612,.T.);
#5610 = VERTEX_POINT('',#5611);
#5611 = CARTESIAN_POINT('',(-41.,-27.48260615751,1.2));
#5612 = SURFACE_CURVE('',#5613,(#5617,#5624),.PCURVE_S1.);
#5613 = LINE('',#5614,#5615);
#5614 = CARTESIAN_POINT('',(-43.15,-26.24130307875,1.2));
#5615 = VECTOR('',#5616,1.);
#5616 = DIRECTION('',(0.866025403784,-0.5,0.));
#5617 = PCURVE('',#1981,#5618);
#5618 = DEFINITIONAL_REPRESENTATION('',(#5619),#5623);
#5619 = LINE('',#5620,#5621);
#5620 = CARTESIAN_POINT('',(0.,0.));
#5621 = VECTOR('',#5622,1.);
#5622 = DIRECTION('',(1.,0.));
#5623 = ( GEOMETRIC_REPRESENTATION_CONTEXT(2) 
PARAMETRIC_REPRESENTATION_CONTEXT() REPRESENTATION_CONTEXT('2D SPACE',''
  ) );
#5624 = PCURVE('',#3733,#5625);
#5625 = DEFINITIONAL_REPRESENTATION('',(#5626),#5630);
#5626 = LINE('',#5627,#5628);
#5627 = CARTESIAN_POINT('',(-2.15,-1.241303078758));
#5628 = VECTOR('',#5629,1.);
#5629 = DIRECTION('',(0.866025403784,-0.5));
#5630 = ( GEOMETRIC_REPRESENTATION_CONTEXT(2) 
PARAMETRIC_REPRESENTATION_CONTEXT() REPRESENTATION_CONTEXT('2D SPACE',''
  ) );
#5631 = ORIENTED_EDGE('',*,*,#5585,.T.);
#5632 = ORIENTED_EDGE('',*,*,#1965,.F.);
#5633 = ORIENTED_EDGE('',*,*,#5634,.F.);
#5634 = EDGE_CURVE('',#5610,#1938,#5635,.T.);
#5635 = SURFACE_CURVE('',#5636,(#5640,#5647),.PCURVE_S1.);
#5636 = LINE('',#5637,#5638);
#5637 = CARTESIAN_POINT('',(-41.,-27.48260615751,1.2));
#5638 = VECTOR('',#5639,1.);
#5639 = DIRECTION('',(0.,0.,1.));
#5640 = PCURVE('',#1981,#5641);
#5641 = DEFINITIONAL_REPRESENTATION('',(#5642),#5646);
#5642 = LINE('',#5643,#5644);
#5643 = CARTESIAN_POINT('',(2.482606157515,0.));
#5644 = VECTOR('',#5645,1.);
#5645 = DIRECTION('',(0.,-1.));
#5646 = ( GEOMETRIC_REPRESENTATION_CONTEXT(2) 
PARAMETRIC_REPRESENTATION_CONTEXT() REPRESENTATION_CONTEXT('2D SPACE',''
  ) );
#5647 = PCURVE('',#1953,#5648);
#5648 = DEFINITIONAL_REPRESENTATION('',(#5649),#5653);
#5649 = LINE('',#5650,#5651);
#5650 = CARTESIAN_POINT('',(0.,0.));
#5651 = VECTOR('',#5652,1.);
#5652 = DIRECTION('',(0.,-1.));
#5653 = ( GEOMETRIC_REPRESENTATION_CONTEXT(2) 
PARAMETRIC_REPRESENTATION_CONTEXT() REPRESENTATION_CONTEXT('2D SPACE',''
  ) );
#5654 = ADVANCED_FACE('',(#5655),#1953,.T.);
#5655 = FACE_BOUND('',#5656,.T.);
#5656 = EDGE_LOOP('',(#5657,#5680,#5681,#5682));
#5657 = ORIENTED_EDGE('',*,*,#5658,.F.);
#5658 = EDGE_CURVE('',#5610,#5659,#5661,.T.);
#5659 = VERTEX_POINT('',#5660);
#5660 = CARTESIAN_POINT('',(-38.85,-26.24130307875,1.2));
#5661 = SURFACE_CURVE('',#5662,(#5666,#5673),.PCURVE_S1.);
#5662 = LINE('',#5663,#5664);
#5663 = CARTESIAN_POINT('',(-41.,-27.48260615751,1.2));
#5664 = VECTOR('',#5665,1.);
#5665 = DIRECTION('',(0.866025403784,0.5,0.));
#5666 = PCURVE('',#1953,#5667);
#5667 = DEFINITIONAL_REPRESENTATION('',(#5668),#5672);
#5668 = LINE('',#5669,#5670);
#5669 = CARTESIAN_POINT('',(0.,0.));
#5670 = VECTOR('',#5671,1.);
#5671 = DIRECTION('',(1.,0.));
#5672 = ( GEOMETRIC_REPRESENTATION_CONTEXT(2) 
PARAMETRIC_REPRESENTATION_CONTEXT() REPRESENTATION_CONTEXT('2D SPACE',''
  ) );
#5673 = PCURVE('',#3733,#5674);
#5674 = DEFINITIONAL_REPRESENTATION('',(#5675),#5679);
#5675 = LINE('',#5676,#5677);
#5676 = CARTESIAN_POINT('',(0.,-2.482606157515));
#5677 = VECTOR('',#5678,1.);
#5678 = DIRECTION('',(0.866025403784,0.5));
#5679 = ( GEOMETRIC_REPRESENTATION_CONTEXT(2) 
PARAMETRIC_REPRESENTATION_CONTEXT() REPRESENTATION_CONTEXT('2D SPACE',''
  ) );
#5680 = ORIENTED_EDGE('',*,*,#5634,.T.);
#5681 = ORIENTED_EDGE('',*,*,#1937,.F.);
#5682 = ORIENTED_EDGE('',*,*,#5683,.F.);
#5683 = EDGE_CURVE('',#5659,#1910,#5684,.T.);
#5684 = SURFACE_CURVE('',#5685,(#5689,#5696),.PCURVE_S1.);
#5685 = LINE('',#5686,#5687);
#5686 = CARTESIAN_POINT('',(-38.85,-26.24130307875,1.2));
#5687 = VECTOR('',#5688,1.);
#5688 = DIRECTION('',(0.,0.,1.));
#5689 = PCURVE('',#1953,#5690);
#5690 = DEFINITIONAL_REPRESENTATION('',(#5691),#5695);
#5691 = LINE('',#5692,#5693);
#5692 = CARTESIAN_POINT('',(2.482606157515,0.));
#5693 = VECTOR('',#5694,1.);
#5694 = DIRECTION('',(0.,-1.));
#5695 = ( GEOMETRIC_REPRESENTATION_CONTEXT(2) 
PARAMETRIC_REPRESENTATION_CONTEXT() REPRESENTATION_CONTEXT('2D SPACE',''
  ) );
#5696 = PCURVE('',#1925,#5697);
#5697 = DEFINITIONAL_REPRESENTATION('',(#5698),#5702);
#5698 = LINE('',#5699,#5700);
#5699 = CARTESIAN_POINT('',(0.,0.));
#5700 = VECTOR('',#5701,1.);
#5701 = DIRECTION('',(0.,-1.));
#5702 = ( GEOMETRIC_REPRESENTATION_CONTEXT(2) 
PARAMETRIC_REPRESENTATION_CONTEXT() REPRESENTATION_CONTEXT('2D SPACE',''
  ) );
#5703 = ADVANCED_FACE('',(#5704),#1925,.T.);
#5704 = FACE_BOUND('',#5705,.T.);
#5705 = EDGE_LOOP('',(#5706,#5729,#5730,#5731));
#5706 = ORIENTED_EDGE('',*,*,#5707,.F.);
#5707 = EDGE_CURVE('',#5659,#5708,#5710,.T.);
#5708 = VERTEX_POINT('',#5709);
#5709 = CARTESIAN_POINT('',(-38.85,-23.75869692124,1.2));
#5710 = SURFACE_CURVE('',#5711,(#5715,#5722),.PCURVE_S1.);
#5711 = LINE('',#5712,#5713);
#5712 = CARTESIAN_POINT('',(-38.85,-26.24130307875,1.2));
#5713 = VECTOR('',#5714,1.);
#5714 = DIRECTION('',(3.577604997923E-16,1.,0.));
#5715 = PCURVE('',#1925,#5716);
#5716 = DEFINITIONAL_REPRESENTATION('',(#5717),#5721);
#5717 = LINE('',#5718,#5719);
#5718 = CARTESIAN_POINT('',(0.,0.));
#5719 = VECTOR('',#5720,1.);
#5720 = DIRECTION('',(1.,0.));
#5721 = ( GEOMETRIC_REPRESENTATION_CONTEXT(2) 
PARAMETRIC_REPRESENTATION_CONTEXT() REPRESENTATION_CONTEXT('2D SPACE',''
  ) );
#5722 = PCURVE('',#3733,#5723);
#5723 = DEFINITIONAL_REPRESENTATION('',(#5724),#5728);
#5724 = LINE('',#5725,#5726);
#5725 = CARTESIAN_POINT('',(2.15,-1.241303078758));
#5726 = VECTOR('',#5727,1.);
#5727 = DIRECTION('',(3.577604997923E-16,1.));
#5728 = ( GEOMETRIC_REPRESENTATION_CONTEXT(2) 
PARAMETRIC_REPRESENTATION_CONTEXT() REPRESENTATION_CONTEXT('2D SPACE',''
  ) );
#5729 = ORIENTED_EDGE('',*,*,#5683,.T.);
#5730 = ORIENTED_EDGE('',*,*,#1909,.F.);
#5731 = ORIENTED_EDGE('',*,*,#5732,.F.);
#5732 = EDGE_CURVE('',#5708,#1882,#5733,.T.);
#5733 = SURFACE_CURVE('',#5734,(#5738,#5745),.PCURVE_S1.);
#5734 = LINE('',#5735,#5736);
#5735 = CARTESIAN_POINT('',(-38.85,-23.75869692124,1.2));
#5736 = VECTOR('',#5737,1.);
#5737 = DIRECTION('',(0.,0.,1.));
#5738 = PCURVE('',#1925,#5739);
#5739 = DEFINITIONAL_REPRESENTATION('',(#5740),#5744);
#5740 = LINE('',#5741,#5742);
#5741 = CARTESIAN_POINT('',(2.482606157515,0.));
#5742 = VECTOR('',#5743,1.);
#5743 = DIRECTION('',(0.,-1.));
#5744 = ( GEOMETRIC_REPRESENTATION_CONTEXT(2) 
PARAMETRIC_REPRESENTATION_CONTEXT() REPRESENTATION_CONTEXT('2D SPACE',''
  ) );
#5745 = PCURVE('',#1897,#5746);
#5746 = DEFINITIONAL_REPRESENTATION('',(#5747),#5751);
#5747 = LINE('',#5748,#5749);
#5748 = CARTESIAN_POINT('',(0.,0.));
#5749 = VECTOR('',#5750,1.);
#5750 = DIRECTION('',(0.,-1.));
#5751 = ( GEOMETRIC_REPRESENTATION_CONTEXT(2) 
PARAMETRIC_REPRESENTATION_CONTEXT() REPRESENTATION_CONTEXT('2D SPACE',''
  ) );
#5752 = ADVANCED_FACE('',(#5753),#1897,.T.);
#5753 = FACE_BOUND('',#5754,.T.);
#5754 = EDGE_LOOP('',(#5755,#5776,#5777,#5778));
#5755 = ORIENTED_EDGE('',*,*,#5756,.F.);
#5756 = EDGE_CURVE('',#5708,#5490,#5757,.T.);
#5757 = SURFACE_CURVE('',#5758,(#5762,#5769),.PCURVE_S1.);
#5758 = LINE('',#5759,#5760);
#5759 = CARTESIAN_POINT('',(-38.85,-23.75869692124,1.2));
#5760 = VECTOR('',#5761,1.);
#5761 = DIRECTION('',(-0.866025403784,0.5,0.));
#5762 = PCURVE('',#1897,#5763);
#5763 = DEFINITIONAL_REPRESENTATION('',(#5764),#5768);
#5764 = LINE('',#5765,#5766);
#5765 = CARTESIAN_POINT('',(0.,0.));
#5766 = VECTOR('',#5767,1.);
#5767 = DIRECTION('',(1.,0.));
#5768 = ( GEOMETRIC_REPRESENTATION_CONTEXT(2) 
PARAMETRIC_REPRESENTATION_CONTEXT() REPRESENTATION_CONTEXT('2D SPACE',''
  ) );
#5769 = PCURVE('',#3733,#5770);
#5770 = DEFINITIONAL_REPRESENTATION('',(#5771),#5775);
#5771 = LINE('',#5772,#5773);
#5772 = CARTESIAN_POINT('',(2.15,1.241303078758));
#5773 = VECTOR('',#5774,1.);
#5774 = DIRECTION('',(-0.866025403784,0.5));
#5775 = ( GEOMETRIC_REPRESENTATION_CONTEXT(2) 
PARAMETRIC_REPRESENTATION_CONTEXT() REPRESENTATION_CONTEXT('2D SPACE',''
  ) );
#5776 = ORIENTED_EDGE('',*,*,#5732,.T.);
#5777 = ORIENTED_EDGE('',*,*,#1881,.F.);
#5778 = ORIENTED_EDGE('',*,*,#5514,.F.);
#5779 = ADVANCED_FACE('',(#5780),#2042,.T.);
#5780 = FACE_BOUND('',#5781,.T.);
#5781 = EDGE_LOOP('',(#5782,#5783,#5806,#5828));
#5782 = ORIENTED_EDGE('',*,*,#2021,.F.);
#5783 = ORIENTED_EDGE('',*,*,#5784,.F.);
#5784 = EDGE_CURVE('',#5785,#2022,#5787,.T.);
#5785 = VERTEX_POINT('',#5786);
#5786 = CARTESIAN_POINT('',(-8.89,-18.443925,15.));
#5787 = SEAM_CURVE('',#5788,(#5792,#5799),.PCURVE_S1.);
#5788 = LINE('',#5789,#5790);
#5789 = CARTESIAN_POINT('',(-8.89,-18.443925,15.));
#5790 = VECTOR('',#5791,1.);
#5791 = DIRECTION('',(0.,1.110223024625E-16,-1.));
#5792 = PCURVE('',#2042,#5793);
#5793 = DEFINITIONAL_REPRESENTATION('',(#5794),#5798);
#5794 = LINE('',#5795,#5796);
#5795 = CARTESIAN_POINT('',(6.28318530718,-0.));
#5796 = VECTOR('',#5797,1.);
#5797 = DIRECTION('',(0.,1.));
#5798 = ( GEOMETRIC_REPRESENTATION_CONTEXT(2) 
PARAMETRIC_REPRESENTATION_CONTEXT() REPRESENTATION_CONTEXT('2D SPACE',''
  ) );
#5799 = PCURVE('',#2042,#5800);
#5800 = DEFINITIONAL_REPRESENTATION('',(#5801),#5805);
#5801 = LINE('',#5802,#5803);
#5802 = CARTESIAN_POINT('',(0.,-0.));
#5803 = VECTOR('',#5804,1.);
#5804 = DIRECTION('',(0.,1.));
#5805 = ( GEOMETRIC_REPRESENTATION_CONTEXT(2) 
PARAMETRIC_REPRESENTATION_CONTEXT() REPRESENTATION_CONTEXT('2D SPACE',''
  ) );
#5806 = ORIENTED_EDGE('',*,*,#5807,.T.);
#5807 = EDGE_CURVE('',#5785,#5785,#5808,.T.);
#5808 = SURFACE_CURVE('',#5809,(#5814,#5821),.PCURVE_S1.);
#5809 = CIRCLE('',#5810,2.8);
#5810 = AXIS2_PLACEMENT_3D('',#5811,#5812,#5813);
#5811 = CARTESIAN_POINT('',(-8.89,-21.243925,15.));
#5812 = DIRECTION('',(0.,1.110223024625E-16,-1.));
#5813 = DIRECTION('',(0.,1.,1.110223024625E-16));
#5814 = PCURVE('',#2042,#5815);
#5815 = DEFINITIONAL_REPRESENTATION('',(#5816),#5820);
#5816 = LINE('',#5817,#5818);
#5817 = CARTESIAN_POINT('',(0.,0.));
#5818 = VECTOR('',#5819,1.);
#5819 = DIRECTION('',(1.,0.));
#5820 = ( GEOMETRIC_REPRESENTATION_CONTEXT(2) 
PARAMETRIC_REPRESENTATION_CONTEXT() REPRESENTATION_CONTEXT('2D SPACE',''
  ) );
#5821 = PCURVE('',#3792,#5822);
#5822 = DEFINITIONAL_REPRESENTATION('',(#5823),#5827);
#5823 = CIRCLE('',#5824,2.8);
#5824 = AXIS2_PLACEMENT_2D('',#5825,#5826);
#5825 = CARTESIAN_POINT('',(0.,0.));
#5826 = DIRECTION('',(1.,0.));
#5827 = ( GEOMETRIC_REPRESENTATION_CONTEXT(2) 
PARAMETRIC_REPRESENTATION_CONTEXT() REPRESENTATION_CONTEXT('2D SPACE',''
  ) );
#5828 = ORIENTED_EDGE('',*,*,#5784,.T.);
#5829 = ADVANCED_FACE('',(#5830),#2077,.T.);
#5830 = FACE_BOUND('',#5831,.T.);
#5831 = EDGE_LOOP('',(#5832,#5833,#5856,#5878));
#5832 = ORIENTED_EDGE('',*,*,#2056,.F.);
#5833 = ORIENTED_EDGE('',*,*,#5834,.F.);
#5834 = EDGE_CURVE('',#5835,#2057,#5837,.T.);
#5835 = VERTEX_POINT('',#5836);
#5836 = CARTESIAN_POINT('',(8.89,-18.443925,15.));
#5837 = SEAM_CURVE('',#5838,(#5842,#5849),.PCURVE_S1.);
#5838 = LINE('',#5839,#5840);
#5839 = CARTESIAN_POINT('',(8.89,-18.443925,15.));
#5840 = VECTOR('',#5841,1.);
#5841 = DIRECTION('',(0.,1.110223024625E-16,-1.));
#5842 = PCURVE('',#2077,#5843);
#5843 = DEFINITIONAL_REPRESENTATION('',(#5844),#5848);
#5844 = LINE('',#5845,#5846);
#5845 = CARTESIAN_POINT('',(6.28318530718,-0.));
#5846 = VECTOR('',#5847,1.);
#5847 = DIRECTION('',(0.,1.));
#5848 = ( GEOMETRIC_REPRESENTATION_CONTEXT(2) 
PARAMETRIC_REPRESENTATION_CONTEXT() REPRESENTATION_CONTEXT('2D SPACE',''
  ) );
#5849 = PCURVE('',#2077,#5850);
#5850 = DEFINITIONAL_REPRESENTATION('',(#5851),#5855);
#5851 = LINE('',#5852,#5853);
#5852 = CARTESIAN_POINT('',(0.,-0.));
#5853 = VECTOR('',#5854,1.);
#5854 = DIRECTION('',(0.,1.));
#5855 = ( GEOMETRIC_REPRESENTATION_CONTEXT(2) 
PARAMETRIC_REPRESENTATION_CONTEXT() REPRESENTATION_CONTEXT('2D SPACE',''
  ) );
#5856 = ORIENTED_EDGE('',*,*,#5857,.T.);
#5857 = EDGE_CURVE('',#5835,#5835,#5858,.T.);
#5858 = SURFACE_CURVE('',#5859,(#5864,#5871),.PCURVE_S1.);
#5859 = CIRCLE('',#5860,2.8);
#5860 = AXIS2_PLACEMENT_3D('',#5861,#5862,#5863);
#5861 = CARTESIAN_POINT('',(8.89,-21.243925,15.));
#5862 = DIRECTION('',(0.,1.110223024625E-16,-1.));
#5863 = DIRECTION('',(0.,1.,1.110223024625E-16));
#5864 = PCURVE('',#2077,#5865);
#5865 = DEFINITIONAL_REPRESENTATION('',(#5866),#5870);
#5866 = LINE('',#5867,#5868);
#5867 = CARTESIAN_POINT('',(0.,0.));
#5868 = VECTOR('',#5869,1.);
#5869 = DIRECTION('',(1.,0.));
#5870 = ( GEOMETRIC_REPRESENTATION_CONTEXT(2) 
PARAMETRIC_REPRESENTATION_CONTEXT() REPRESENTATION_CONTEXT('2D SPACE',''
  ) );
#5871 = PCURVE('',#3847,#5872);
#5872 = DEFINITIONAL_REPRESENTATION('',(#5873),#5877);
#5873 = CIRCLE('',#5874,2.8);
#5874 = AXIS2_PLACEMENT_2D('',#5875,#5876);
#5875 = CARTESIAN_POINT('',(0.,0.));
#5876 = DIRECTION('',(1.,0.));
#5877 = ( GEOMETRIC_REPRESENTATION_CONTEXT(2) 
PARAMETRIC_REPRESENTATION_CONTEXT() REPRESENTATION_CONTEXT('2D SPACE',''
  ) );
#5878 = ORIENTED_EDGE('',*,*,#5834,.T.);
#5879 = ADVANCED_FACE('',(#5880),#2109,.T.);
#5880 = FACE_BOUND('',#5881,.T.);
#5881 = EDGE_LOOP('',(#5882,#5907,#5928,#5929));
#5882 = ORIENTED_EDGE('',*,*,#5883,.F.);
#5883 = EDGE_CURVE('',#5884,#5886,#5888,.T.);
#5884 = VERTEX_POINT('',#5885);
#5885 = CARTESIAN_POINT('',(41.,-22.51739384248,1.2));
#5886 = VERTEX_POINT('',#5887);
#5887 = CARTESIAN_POINT('',(38.85,-23.75869692124,1.2));
#5888 = SURFACE_CURVE('',#5889,(#5893,#5900),.PCURVE_S1.);
#5889 = LINE('',#5890,#5891);
#5890 = CARTESIAN_POINT('',(41.,-22.51739384248,1.2));
#5891 = VECTOR('',#5892,1.);
#5892 = DIRECTION('',(-0.866025403784,-0.5,0.));
#5893 = PCURVE('',#2109,#5894);
#5894 = DEFINITIONAL_REPRESENTATION('',(#5895),#5899);
#5895 = LINE('',#5896,#5897);
#5896 = CARTESIAN_POINT('',(0.,0.));
#5897 = VECTOR('',#5898,1.);
#5898 = DIRECTION('',(1.,-0.));
#5899 = ( GEOMETRIC_REPRESENTATION_CONTEXT(2) 
PARAMETRIC_REPRESENTATION_CONTEXT() REPRESENTATION_CONTEXT('2D SPACE',''
  ) );
#5900 = PCURVE('',#4103,#5901);
#5901 = DEFINITIONAL_REPRESENTATION('',(#5902),#5906);
#5902 = LINE('',#5903,#5904);
#5903 = CARTESIAN_POINT('',(0.,2.482606157515));
#5904 = VECTOR('',#5905,1.);
#5905 = DIRECTION('',(-0.866025403784,-0.5));
#5906 = ( GEOMETRIC_REPRESENTATION_CONTEXT(2) 
PARAMETRIC_REPRESENTATION_CONTEXT() REPRESENTATION_CONTEXT('2D SPACE',''
  ) );
#5907 = ORIENTED_EDGE('',*,*,#5908,.T.);
#5908 = EDGE_CURVE('',#5884,#2094,#5909,.T.);
#5909 = SURFACE_CURVE('',#5910,(#5914,#5921),.PCURVE_S1.);
#5910 = LINE('',#5911,#5912);
#5911 = CARTESIAN_POINT('',(41.,-22.51739384248,1.2));
#5912 = VECTOR('',#5913,1.);
#5913 = DIRECTION('',(0.,0.,1.));
#5914 = PCURVE('',#2109,#5915);
#5915 = DEFINITIONAL_REPRESENTATION('',(#5916),#5920);
#5916 = LINE('',#5917,#5918);
#5917 = CARTESIAN_POINT('',(0.,0.));
#5918 = VECTOR('',#5919,1.);
#5919 = DIRECTION('',(0.,-1.));
#5920 = ( GEOMETRIC_REPRESENTATION_CONTEXT(2) 
PARAMETRIC_REPRESENTATION_CONTEXT() REPRESENTATION_CONTEXT('2D SPACE',''
  ) );
#5921 = PCURVE('',#2137,#5922);
#5922 = DEFINITIONAL_REPRESENTATION('',(#5923),#5927);
#5923 = LINE('',#5924,#5925);
#5924 = CARTESIAN_POINT('',(2.482606157515,0.));
#5925 = VECTOR('',#5926,1.);
#5926 = DIRECTION('',(0.,-1.));
#5927 = ( GEOMETRIC_REPRESENTATION_CONTEXT(2) 
PARAMETRIC_REPRESENTATION_CONTEXT() REPRESENTATION_CONTEXT('2D SPACE',''
  ) );
#5928 = ORIENTED_EDGE('',*,*,#2091,.F.);
#5929 = ORIENTED_EDGE('',*,*,#5930,.F.);
#5930 = EDGE_CURVE('',#5886,#2092,#5931,.T.);
#5931 = SURFACE_CURVE('',#5932,(#5936,#5943),.PCURVE_S1.);
#5932 = LINE('',#5933,#5934);
#5933 = CARTESIAN_POINT('',(38.85,-23.75869692124,1.2));
#5934 = VECTOR('',#5935,1.);
#5935 = DIRECTION('',(0.,0.,1.));
#5936 = PCURVE('',#2109,#5937);
#5937 = DEFINITIONAL_REPRESENTATION('',(#5938),#5942);
#5938 = LINE('',#5939,#5940);
#5939 = CARTESIAN_POINT('',(2.482606157515,-0.));
#5940 = VECTOR('',#5941,1.);
#5941 = DIRECTION('',(0.,-1.));
#5942 = ( GEOMETRIC_REPRESENTATION_CONTEXT(2) 
PARAMETRIC_REPRESENTATION_CONTEXT() REPRESENTATION_CONTEXT('2D SPACE',''
  ) );
#5943 = PCURVE('',#2247,#5944);
#5944 = DEFINITIONAL_REPRESENTATION('',(#5945),#5949);
#5945 = LINE('',#5946,#5947);
#5946 = CARTESIAN_POINT('',(0.,0.));
#5947 = VECTOR('',#5948,1.);
#5948 = DIRECTION('',(0.,-1.));
#5949 = ( GEOMETRIC_REPRESENTATION_CONTEXT(2) 
PARAMETRIC_REPRESENTATION_CONTEXT() REPRESENTATION_CONTEXT('2D SPACE',''
  ) );
#5950 = ADVANCED_FACE('',(#5951),#2247,.T.);
#5951 = FACE_BOUND('',#5952,.T.);
#5952 = EDGE_LOOP('',(#5953,#5976,#5977,#5978));
#5953 = ORIENTED_EDGE('',*,*,#5954,.F.);
#5954 = EDGE_CURVE('',#5886,#5955,#5957,.T.);
#5955 = VERTEX_POINT('',#5956);
#5956 = CARTESIAN_POINT('',(38.85,-26.24130307875,1.2));
#5957 = SURFACE_CURVE('',#5958,(#5962,#5969),.PCURVE_S1.);
#5958 = LINE('',#5959,#5960);
#5959 = CARTESIAN_POINT('',(38.85,-23.75869692124,1.2));
#5960 = VECTOR('',#5961,1.);
#5961 = DIRECTION('',(1.788802498961E-16,-1.,0.));
#5962 = PCURVE('',#2247,#5963);
#5963 = DEFINITIONAL_REPRESENTATION('',(#5964),#5968);
#5964 = LINE('',#5965,#5966);
#5965 = CARTESIAN_POINT('',(0.,0.));
#5966 = VECTOR('',#5967,1.);
#5967 = DIRECTION('',(1.,0.));
#5968 = ( GEOMETRIC_REPRESENTATION_CONTEXT(2) 
PARAMETRIC_REPRESENTATION_CONTEXT() REPRESENTATION_CONTEXT('2D SPACE',''
  ) );
#5969 = PCURVE('',#4103,#5970);
#5970 = DEFINITIONAL_REPRESENTATION('',(#5971),#5975);
#5971 = LINE('',#5972,#5973);
#5972 = CARTESIAN_POINT('',(-2.15,1.241303078758));
#5973 = VECTOR('',#5974,1.);
#5974 = DIRECTION('',(1.788802498961E-16,-1.));
#5975 = ( GEOMETRIC_REPRESENTATION_CONTEXT(2) 
PARAMETRIC_REPRESENTATION_CONTEXT() REPRESENTATION_CONTEXT('2D SPACE',''
  ) );
#5976 = ORIENTED_EDGE('',*,*,#5930,.T.);
#5977 = ORIENTED_EDGE('',*,*,#2233,.F.);
#5978 = ORIENTED_EDGE('',*,*,#5979,.F.);
#5979 = EDGE_CURVE('',#5955,#2206,#5980,.T.);
#5980 = SURFACE_CURVE('',#5981,(#5985,#5992),.PCURVE_S1.);
#5981 = LINE('',#5982,#5983);
#5982 = CARTESIAN_POINT('',(38.85,-26.24130307875,1.2));
#5983 = VECTOR('',#5984,1.);
#5984 = DIRECTION('',(0.,0.,1.));
#5985 = PCURVE('',#2247,#5986);
#5986 = DEFINITIONAL_REPRESENTATION('',(#5987),#5991);
#5987 = LINE('',#5988,#5989);
#5988 = CARTESIAN_POINT('',(2.482606157515,0.));
#5989 = VECTOR('',#5990,1.);
#5990 = DIRECTION('',(0.,-1.));
#5991 = ( GEOMETRIC_REPRESENTATION_CONTEXT(2) 
PARAMETRIC_REPRESENTATION_CONTEXT() REPRESENTATION_CONTEXT('2D SPACE',''
  ) );
#5992 = PCURVE('',#2221,#5993);
#5993 = DEFINITIONAL_REPRESENTATION('',(#5994),#5998);
#5994 = LINE('',#5995,#5996);
#5995 = CARTESIAN_POINT('',(0.,0.));
#5996 = VECTOR('',#5997,1.);
#5997 = DIRECTION('',(0.,-1.));
#5998 = ( GEOMETRIC_REPRESENTATION_CONTEXT(2) 
PARAMETRIC_REPRESENTATION_CONTEXT() REPRESENTATION_CONTEXT('2D SPACE',''
  ) );
#5999 = ADVANCED_FACE('',(#6000),#2221,.T.);
#6000 = FACE_BOUND('',#6001,.T.);
#6001 = EDGE_LOOP('',(#6002,#6025,#6026,#6027));
#6002 = ORIENTED_EDGE('',*,*,#6003,.F.);
#6003 = EDGE_CURVE('',#5955,#6004,#6006,.T.);
#6004 = VERTEX_POINT('',#6005);
#6005 = CARTESIAN_POINT('',(41.,-27.48260615751,1.2));
#6006 = SURFACE_CURVE('',#6007,(#6011,#6018),.PCURVE_S1.);
#6007 = LINE('',#6008,#6009);
#6008 = CARTESIAN_POINT('',(38.85,-26.24130307875,1.2));
#6009 = VECTOR('',#6010,1.);
#6010 = DIRECTION('',(0.866025403784,-0.5,0.));
#6011 = PCURVE('',#2221,#6012);
#6012 = DEFINITIONAL_REPRESENTATION('',(#6013),#6017);
#6013 = LINE('',#6014,#6015);
#6014 = CARTESIAN_POINT('',(0.,0.));
#6015 = VECTOR('',#6016,1.);
#6016 = DIRECTION('',(1.,0.));
#6017 = ( GEOMETRIC_REPRESENTATION_CONTEXT(2) 
PARAMETRIC_REPRESENTATION_CONTEXT() REPRESENTATION_CONTEXT('2D SPACE',''
  ) );
#6018 = PCURVE('',#4103,#6019);
#6019 = DEFINITIONAL_REPRESENTATION('',(#6020),#6024);
#6020 = LINE('',#6021,#6022);
#6021 = CARTESIAN_POINT('',(-2.15,-1.241303078758));
#6022 = VECTOR('',#6023,1.);
#6023 = DIRECTION('',(0.866025403784,-0.5));
#6024 = ( GEOMETRIC_REPRESENTATION_CONTEXT(2) 
PARAMETRIC_REPRESENTATION_CONTEXT() REPRESENTATION_CONTEXT('2D SPACE',''
  ) );
#6025 = ORIENTED_EDGE('',*,*,#5979,.T.);
#6026 = ORIENTED_EDGE('',*,*,#2205,.F.);
#6027 = ORIENTED_EDGE('',*,*,#6028,.F.);
#6028 = EDGE_CURVE('',#6004,#2178,#6029,.T.);
#6029 = SURFACE_CURVE('',#6030,(#6034,#6041),.PCURVE_S1.);
#6030 = LINE('',#6031,#6032);
#6031 = CARTESIAN_POINT('',(41.,-27.48260615751,1.2));
#6032 = VECTOR('',#6033,1.);
#6033 = DIRECTION('',(0.,0.,1.));
#6034 = PCURVE('',#2221,#6035);
#6035 = DEFINITIONAL_REPRESENTATION('',(#6036),#6040);
#6036 = LINE('',#6037,#6038);
#6037 = CARTESIAN_POINT('',(2.482606157515,0.));
#6038 = VECTOR('',#6039,1.);
#6039 = DIRECTION('',(0.,-1.));
#6040 = ( GEOMETRIC_REPRESENTATION_CONTEXT(2) 
PARAMETRIC_REPRESENTATION_CONTEXT() REPRESENTATION_CONTEXT('2D SPACE',''
  ) );
#6041 = PCURVE('',#2193,#6042);
#6042 = DEFINITIONAL_REPRESENTATION('',(#6043),#6047);
#6043 = LINE('',#6044,#6045);
#6044 = CARTESIAN_POINT('',(0.,0.));
#6045 = VECTOR('',#6046,1.);
#6046 = DIRECTION('',(0.,-1.));
#6047 = ( GEOMETRIC_REPRESENTATION_CONTEXT(2) 
PARAMETRIC_REPRESENTATION_CONTEXT() REPRESENTATION_CONTEXT('2D SPACE',''
  ) );
#6048 = ADVANCED_FACE('',(#6049),#2193,.T.);
#6049 = FACE_BOUND('',#6050,.T.);
#6050 = EDGE_LOOP('',(#6051,#6074,#6075,#6076));
#6051 = ORIENTED_EDGE('',*,*,#6052,.F.);
#6052 = EDGE_CURVE('',#6004,#6053,#6055,.T.);
#6053 = VERTEX_POINT('',#6054);
#6054 = CARTESIAN_POINT('',(43.15,-26.24130307875,1.2));
#6055 = SURFACE_CURVE('',#6056,(#6060,#6067),.PCURVE_S1.);
#6056 = LINE('',#6057,#6058);
#6057 = CARTESIAN_POINT('',(41.,-27.48260615751,1.2));
#6058 = VECTOR('',#6059,1.);
#6059 = DIRECTION('',(0.866025403784,0.5,0.));
#6060 = PCURVE('',#2193,#6061);
#6061 = DEFINITIONAL_REPRESENTATION('',(#6062),#6066);
#6062 = LINE('',#6063,#6064);
#6063 = CARTESIAN_POINT('',(0.,0.));
#6064 = VECTOR('',#6065,1.);
#6065 = DIRECTION('',(1.,0.));
#6066 = ( GEOMETRIC_REPRESENTATION_CONTEXT(2) 
PARAMETRIC_REPRESENTATION_CONTEXT() REPRESENTATION_CONTEXT('2D SPACE',''
  ) );
#6067 = PCURVE('',#4103,#6068);
#6068 = DEFINITIONAL_REPRESENTATION('',(#6069),#6073);
#6069 = LINE('',#6070,#6071);
#6070 = CARTESIAN_POINT('',(0.,-2.482606157515));
#6071 = VECTOR('',#6072,1.);
#6072 = DIRECTION('',(0.866025403784,0.5));
#6073 = ( GEOMETRIC_REPRESENTATION_CONTEXT(2) 
PARAMETRIC_REPRESENTATION_CONTEXT() REPRESENTATION_CONTEXT('2D SPACE',''
  ) );
#6074 = ORIENTED_EDGE('',*,*,#6028,.T.);
#6075 = ORIENTED_EDGE('',*,*,#2177,.F.);
#6076 = ORIENTED_EDGE('',*,*,#6077,.F.);
#6077 = EDGE_CURVE('',#6053,#2150,#6078,.T.);
#6078 = SURFACE_CURVE('',#6079,(#6083,#6090),.PCURVE_S1.);
#6079 = LINE('',#6080,#6081);
#6080 = CARTESIAN_POINT('',(43.15,-26.24130307875,1.2));
#6081 = VECTOR('',#6082,1.);
#6082 = DIRECTION('',(0.,0.,1.));
#6083 = PCURVE('',#2193,#6084);
#6084 = DEFINITIONAL_REPRESENTATION('',(#6085),#6089);
#6085 = LINE('',#6086,#6087);
#6086 = CARTESIAN_POINT('',(2.482606157515,0.));
#6087 = VECTOR('',#6088,1.);
#6088 = DIRECTION('',(0.,-1.));
#6089 = ( GEOMETRIC_REPRESENTATION_CONTEXT(2) 
PARAMETRIC_REPRESENTATION_CONTEXT() REPRESENTATION_CONTEXT('2D SPACE',''
  ) );
#6090 = PCURVE('',#2165,#6091);
#6091 = DEFINITIONAL_REPRESENTATION('',(#6092),#6096);
#6092 = LINE('',#6093,#6094);
#6093 = CARTESIAN_POINT('',(0.,0.));
#6094 = VECTOR('',#6095,1.);
#6095 = DIRECTION('',(0.,-1.));
#6096 = ( GEOMETRIC_REPRESENTATION_CONTEXT(2) 
PARAMETRIC_REPRESENTATION_CONTEXT() REPRESENTATION_CONTEXT('2D SPACE',''
  ) );
#6097 = ADVANCED_FACE('',(#6098),#2165,.T.);
#6098 = FACE_BOUND('',#6099,.T.);
#6099 = EDGE_LOOP('',(#6100,#6123,#6124,#6125));
#6100 = ORIENTED_EDGE('',*,*,#6101,.F.);
#6101 = EDGE_CURVE('',#6053,#6102,#6104,.T.);
#6102 = VERTEX_POINT('',#6103);
#6103 = CARTESIAN_POINT('',(43.15,-23.75869692124,1.2));
#6104 = SURFACE_CURVE('',#6105,(#6109,#6116),.PCURVE_S1.);
#6105 = LINE('',#6106,#6107);
#6106 = CARTESIAN_POINT('',(43.15,-26.24130307875,1.2));
#6107 = VECTOR('',#6108,1.);
#6108 = DIRECTION('',(3.577604997923E-16,1.,0.));
#6109 = PCURVE('',#2165,#6110);
#6110 = DEFINITIONAL_REPRESENTATION('',(#6111),#6115);
#6111 = LINE('',#6112,#6113);
#6112 = CARTESIAN_POINT('',(0.,0.));
#6113 = VECTOR('',#6114,1.);
#6114 = DIRECTION('',(1.,0.));
#6115 = ( GEOMETRIC_REPRESENTATION_CONTEXT(2) 
PARAMETRIC_REPRESENTATION_CONTEXT() REPRESENTATION_CONTEXT('2D SPACE',''
  ) );
#6116 = PCURVE('',#4103,#6117);
#6117 = DEFINITIONAL_REPRESENTATION('',(#6118),#6122);
#6118 = LINE('',#6119,#6120);
#6119 = CARTESIAN_POINT('',(2.15,-1.241303078758));
#6120 = VECTOR('',#6121,1.);
#6121 = DIRECTION('',(3.577604997923E-16,1.));
#6122 = ( GEOMETRIC_REPRESENTATION_CONTEXT(2) 
PARAMETRIC_REPRESENTATION_CONTEXT() REPRESENTATION_CONTEXT('2D SPACE',''
  ) );
#6123 = ORIENTED_EDGE('',*,*,#6077,.T.);
#6124 = ORIENTED_EDGE('',*,*,#2149,.F.);
#6125 = ORIENTED_EDGE('',*,*,#6126,.F.);
#6126 = EDGE_CURVE('',#6102,#2122,#6127,.T.);
#6127 = SURFACE_CURVE('',#6128,(#6132,#6139),.PCURVE_S1.);
#6128 = LINE('',#6129,#6130);
#6129 = CARTESIAN_POINT('',(43.15,-23.75869692124,1.2));
#6130 = VECTOR('',#6131,1.);
#6131 = DIRECTION('',(0.,0.,1.));
#6132 = PCURVE('',#2165,#6133);
#6133 = DEFINITIONAL_REPRESENTATION('',(#6134),#6138);
#6134 = LINE('',#6135,#6136);
#6135 = CARTESIAN_POINT('',(2.482606157515,0.));
#6136 = VECTOR('',#6137,1.);
#6137 = DIRECTION('',(0.,-1.));
#6138 = ( GEOMETRIC_REPRESENTATION_CONTEXT(2) 
PARAMETRIC_REPRESENTATION_CONTEXT() REPRESENTATION_CONTEXT('2D SPACE',''
  ) );
#6139 = PCURVE('',#2137,#6140);
#6140 = DEFINITIONAL_REPRESENTATION('',(#6141),#6145);
#6141 = LINE('',#6142,#6143);
#6142 = CARTESIAN_POINT('',(0.,0.));
#6143 = VECTOR('',#6144,1.);
#6144 = DIRECTION('',(0.,-1.));
#6145 = ( GEOMETRIC_REPRESENTATION_CONTEXT(2) 
PARAMETRIC_REPRESENTATION_CONTEXT() REPRESENTATION_CONTEXT('2D SPACE',''
  ) );
#6146 = ADVANCED_FACE('',(#6147),#2137,.T.);
#6147 = FACE_BOUND('',#6148,.T.);
#6148 = EDGE_LOOP('',(#6149,#6170,#6171,#6172));
#6149 = ORIENTED_EDGE('',*,*,#6150,.F.);
#6150 = EDGE_CURVE('',#6102,#5884,#6151,.T.);
#6151 = SURFACE_CURVE('',#6152,(#6156,#6163),.PCURVE_S1.);
#6152 = LINE('',#6153,#6154);
#6153 = CARTESIAN_POINT('',(43.15,-23.75869692124,1.2));
#6154 = VECTOR('',#6155,1.);
#6155 = DIRECTION('',(-0.866025403784,0.5,0.));
#6156 = PCURVE('',#2137,#6157);
#6157 = DEFINITIONAL_REPRESENTATION('',(#6158),#6162);
#6158 = LINE('',#6159,#6160);
#6159 = CARTESIAN_POINT('',(0.,0.));
#6160 = VECTOR('',#6161,1.);
#6161 = DIRECTION('',(1.,0.));
#6162 = ( GEOMETRIC_REPRESENTATION_CONTEXT(2) 
PARAMETRIC_REPRESENTATION_CONTEXT() REPRESENTATION_CONTEXT('2D SPACE',''
  ) );
#6163 = PCURVE('',#4103,#6164);
#6164 = DEFINITIONAL_REPRESENTATION('',(#6165),#6169);
#6165 = LINE('',#6166,#6167);
#6166 = CARTESIAN_POINT('',(2.15,1.241303078758));
#6167 = VECTOR('',#6168,1.);
#6168 = DIRECTION('',(-0.866025403784,0.5));
#6169 = ( GEOMETRIC_REPRESENTATION_CONTEXT(2) 
PARAMETRIC_REPRESENTATION_CONTEXT() REPRESENTATION_CONTEXT('2D SPACE',''
  ) );
#6170 = ORIENTED_EDGE('',*,*,#6126,.T.);
#6171 = ORIENTED_EDGE('',*,*,#2121,.F.);
#6172 = ORIENTED_EDGE('',*,*,#5908,.F.);
#6173 = ADVANCED_FACE('',(#6174),#2279,.T.);
#6174 = FACE_BOUND('',#6175,.T.);
#6175 = EDGE_LOOP('',(#6176,#6201,#6222,#6223));
#6176 = ORIENTED_EDGE('',*,*,#6177,.F.);
#6177 = EDGE_CURVE('',#6178,#6180,#6182,.T.);
#6178 = VERTEX_POINT('',#6179);
#6179 = CARTESIAN_POINT('',(-41.,27.482606157515,1.2));
#6180 = VERTEX_POINT('',#6181);
#6181 = CARTESIAN_POINT('',(-43.15,26.241303078758,1.2));
#6182 = SURFACE_CURVE('',#6183,(#6187,#6194),.PCURVE_S1.);
#6183 = LINE('',#6184,#6185);
#6184 = CARTESIAN_POINT('',(-41.,27.482606157515,1.2));
#6185 = VECTOR('',#6186,1.);
#6186 = DIRECTION('',(-0.866025403784,-0.5,0.));
#6187 = PCURVE('',#2279,#6188);
#6188 = DEFINITIONAL_REPRESENTATION('',(#6189),#6193);
#6189 = LINE('',#6190,#6191);
#6190 = CARTESIAN_POINT('',(0.,0.));
#6191 = VECTOR('',#6192,1.);
#6192 = DIRECTION('',(1.,-0.));
#6193 = ( GEOMETRIC_REPRESENTATION_CONTEXT(2) 
PARAMETRIC_REPRESENTATION_CONTEXT() REPRESENTATION_CONTEXT('2D SPACE',''
  ) );
#6194 = PCURVE('',#4162,#6195);
#6195 = DEFINITIONAL_REPRESENTATION('',(#6196),#6200);
#6196 = LINE('',#6197,#6198);
#6197 = CARTESIAN_POINT('',(0.,2.482606157515));
#6198 = VECTOR('',#6199,1.);
#6199 = DIRECTION('',(-0.866025403784,-0.5));
#6200 = ( GEOMETRIC_REPRESENTATION_CONTEXT(2) 
PARAMETRIC_REPRESENTATION_CONTEXT() REPRESENTATION_CONTEXT('2D SPACE',''
  ) );
#6201 = ORIENTED_EDGE('',*,*,#6202,.T.);
#6202 = EDGE_CURVE('',#6178,#2264,#6203,.T.);
#6203 = SURFACE_CURVE('',#6204,(#6208,#6215),.PCURVE_S1.);
#6204 = LINE('',#6205,#6206);
#6205 = CARTESIAN_POINT('',(-41.,27.482606157515,1.2));
#6206 = VECTOR('',#6207,1.);
#6207 = DIRECTION('',(0.,0.,1.));
#6208 = PCURVE('',#2279,#6209);
#6209 = DEFINITIONAL_REPRESENTATION('',(#6210),#6214);
#6210 = LINE('',#6211,#6212);
#6211 = CARTESIAN_POINT('',(0.,0.));
#6212 = VECTOR('',#6213,1.);
#6213 = DIRECTION('',(0.,-1.));
#6214 = ( GEOMETRIC_REPRESENTATION_CONTEXT(2) 
PARAMETRIC_REPRESENTATION_CONTEXT() REPRESENTATION_CONTEXT('2D SPACE',''
  ) );
#6215 = PCURVE('',#2307,#6216);
#6216 = DEFINITIONAL_REPRESENTATION('',(#6217),#6221);
#6217 = LINE('',#6218,#6219);
#6218 = CARTESIAN_POINT('',(2.482606157515,0.));
#6219 = VECTOR('',#6220,1.);
#6220 = DIRECTION('',(0.,-1.));
#6221 = ( GEOMETRIC_REPRESENTATION_CONTEXT(2) 
PARAMETRIC_REPRESENTATION_CONTEXT() REPRESENTATION_CONTEXT('2D SPACE',''
  ) );
#6222 = ORIENTED_EDGE('',*,*,#2261,.F.);
#6223 = ORIENTED_EDGE('',*,*,#6224,.F.);
#6224 = EDGE_CURVE('',#6180,#2262,#6225,.T.);
#6225 = SURFACE_CURVE('',#6226,(#6230,#6237),.PCURVE_S1.);
#6226 = LINE('',#6227,#6228);
#6227 = CARTESIAN_POINT('',(-43.15,26.241303078758,1.2));
#6228 = VECTOR('',#6229,1.);
#6229 = DIRECTION('',(0.,0.,1.));
#6230 = PCURVE('',#2279,#6231);
#6231 = DEFINITIONAL_REPRESENTATION('',(#6232),#6236);
#6232 = LINE('',#6233,#6234);
#6233 = CARTESIAN_POINT('',(2.482606157515,-0.));
#6234 = VECTOR('',#6235,1.);
#6235 = DIRECTION('',(0.,-1.));
#6236 = ( GEOMETRIC_REPRESENTATION_CONTEXT(2) 
PARAMETRIC_REPRESENTATION_CONTEXT() REPRESENTATION_CONTEXT('2D SPACE',''
  ) );
#6237 = PCURVE('',#2417,#6238);
#6238 = DEFINITIONAL_REPRESENTATION('',(#6239),#6243);
#6239 = LINE('',#6240,#6241);
#6240 = CARTESIAN_POINT('',(0.,0.));
#6241 = VECTOR('',#6242,1.);
#6242 = DIRECTION('',(0.,-1.));
#6243 = ( GEOMETRIC_REPRESENTATION_CONTEXT(2) 
PARAMETRIC_REPRESENTATION_CONTEXT() REPRESENTATION_CONTEXT('2D SPACE',''
  ) );
#6244 = ADVANCED_FACE('',(#6245),#2417,.T.);
#6245 = FACE_BOUND('',#6246,.T.);
#6246 = EDGE_LOOP('',(#6247,#6270,#6271,#6272));
#6247 = ORIENTED_EDGE('',*,*,#6248,.F.);
#6248 = EDGE_CURVE('',#6180,#6249,#6251,.T.);
#6249 = VERTEX_POINT('',#6250);
#6250 = CARTESIAN_POINT('',(-43.15,23.758696921242,1.2));
#6251 = SURFACE_CURVE('',#6252,(#6256,#6263),.PCURVE_S1.);
#6252 = LINE('',#6253,#6254);
#6253 = CARTESIAN_POINT('',(-43.15,26.241303078758,1.2));
#6254 = VECTOR('',#6255,1.);
#6255 = DIRECTION('',(1.788802498961E-16,-1.,0.));
#6256 = PCURVE('',#2417,#6257);
#6257 = DEFINITIONAL_REPRESENTATION('',(#6258),#6262);
#6258 = LINE('',#6259,#6260);
#6259 = CARTESIAN_POINT('',(0.,0.));
#6260 = VECTOR('',#6261,1.);
#6261 = DIRECTION('',(1.,0.));
#6262 = ( GEOMETRIC_REPRESENTATION_CONTEXT(2) 
PARAMETRIC_REPRESENTATION_CONTEXT() REPRESENTATION_CONTEXT('2D SPACE',''
  ) );
#6263 = PCURVE('',#4162,#6264);
#6264 = DEFINITIONAL_REPRESENTATION('',(#6265),#6269);
#6265 = LINE('',#6266,#6267);
#6266 = CARTESIAN_POINT('',(-2.15,1.241303078758));
#6267 = VECTOR('',#6268,1.);
#6268 = DIRECTION('',(1.788802498961E-16,-1.));
#6269 = ( GEOMETRIC_REPRESENTATION_CONTEXT(2) 
PARAMETRIC_REPRESENTATION_CONTEXT() REPRESENTATION_CONTEXT('2D SPACE',''
  ) );
#6270 = ORIENTED_EDGE('',*,*,#6224,.T.);
#6271 = ORIENTED_EDGE('',*,*,#2403,.F.);
#6272 = ORIENTED_EDGE('',*,*,#6273,.F.);
#6273 = EDGE_CURVE('',#6249,#2376,#6274,.T.);
#6274 = SURFACE_CURVE('',#6275,(#6279,#6286),.PCURVE_S1.);
#6275 = LINE('',#6276,#6277);
#6276 = CARTESIAN_POINT('',(-43.15,23.758696921242,1.2));
#6277 = VECTOR('',#6278,1.);
#6278 = DIRECTION('',(0.,0.,1.));
#6279 = PCURVE('',#2417,#6280);
#6280 = DEFINITIONAL_REPRESENTATION('',(#6281),#6285);
#6281 = LINE('',#6282,#6283);
#6282 = CARTESIAN_POINT('',(2.482606157515,0.));
#6283 = VECTOR('',#6284,1.);
#6284 = DIRECTION('',(0.,-1.));
#6285 = ( GEOMETRIC_REPRESENTATION_CONTEXT(2) 
PARAMETRIC_REPRESENTATION_CONTEXT() REPRESENTATION_CONTEXT('2D SPACE',''
  ) );
#6286 = PCURVE('',#2391,#6287);
#6287 = DEFINITIONAL_REPRESENTATION('',(#6288),#6292);
#6288 = LINE('',#6289,#6290);
#6289 = CARTESIAN_POINT('',(0.,0.));
#6290 = VECTOR('',#6291,1.);
#6291 = DIRECTION('',(0.,-1.));
#6292 = ( GEOMETRIC_REPRESENTATION_CONTEXT(2) 
PARAMETRIC_REPRESENTATION_CONTEXT() REPRESENTATION_CONTEXT('2D SPACE',''
  ) );
#6293 = ADVANCED_FACE('',(#6294),#2391,.T.);
#6294 = FACE_BOUND('',#6295,.T.);
#6295 = EDGE_LOOP('',(#6296,#6319,#6320,#6321));
#6296 = ORIENTED_EDGE('',*,*,#6297,.F.);
#6297 = EDGE_CURVE('',#6249,#6298,#6300,.T.);
#6298 = VERTEX_POINT('',#6299);
#6299 = CARTESIAN_POINT('',(-41.,22.517393842485,1.2));
#6300 = SURFACE_CURVE('',#6301,(#6305,#6312),.PCURVE_S1.);
#6301 = LINE('',#6302,#6303);
#6302 = CARTESIAN_POINT('',(-43.15,23.758696921242,1.2));
#6303 = VECTOR('',#6304,1.);
#6304 = DIRECTION('',(0.866025403784,-0.5,0.));
#6305 = PCURVE('',#2391,#6306);
#6306 = DEFINITIONAL_REPRESENTATION('',(#6307),#6311);
#6307 = LINE('',#6308,#6309);
#6308 = CARTESIAN_POINT('',(0.,0.));
#6309 = VECTOR('',#6310,1.);
#6310 = DIRECTION('',(1.,0.));
#6311 = ( GEOMETRIC_REPRESENTATION_CONTEXT(2) 
PARAMETRIC_REPRESENTATION_CONTEXT() REPRESENTATION_CONTEXT('2D SPACE',''
  ) );
#6312 = PCURVE('',#4162,#6313);
#6313 = DEFINITIONAL_REPRESENTATION('',(#6314),#6318);
#6314 = LINE('',#6315,#6316);
#6315 = CARTESIAN_POINT('',(-2.15,-1.241303078758));
#6316 = VECTOR('',#6317,1.);
#6317 = DIRECTION('',(0.866025403784,-0.5));
#6318 = ( GEOMETRIC_REPRESENTATION_CONTEXT(2) 
PARAMETRIC_REPRESENTATION_CONTEXT() REPRESENTATION_CONTEXT('2D SPACE',''
  ) );
#6319 = ORIENTED_EDGE('',*,*,#6273,.T.);
#6320 = ORIENTED_EDGE('',*,*,#2375,.F.);
#6321 = ORIENTED_EDGE('',*,*,#6322,.F.);
#6322 = EDGE_CURVE('',#6298,#2348,#6323,.T.);
#6323 = SURFACE_CURVE('',#6324,(#6328,#6335),.PCURVE_S1.);
#6324 = LINE('',#6325,#6326);
#6325 = CARTESIAN_POINT('',(-41.,22.517393842485,1.2));
#6326 = VECTOR('',#6327,1.);
#6327 = DIRECTION('',(0.,0.,1.));
#6328 = PCURVE('',#2391,#6329);
#6329 = DEFINITIONAL_REPRESENTATION('',(#6330),#6334);
#6330 = LINE('',#6331,#6332);
#6331 = CARTESIAN_POINT('',(2.482606157515,0.));
#6332 = VECTOR('',#6333,1.);
#6333 = DIRECTION('',(0.,-1.));
#6334 = ( GEOMETRIC_REPRESENTATION_CONTEXT(2) 
PARAMETRIC_REPRESENTATION_CONTEXT() REPRESENTATION_CONTEXT('2D SPACE',''
  ) );
#6335 = PCURVE('',#2363,#6336);
#6336 = DEFINITIONAL_REPRESENTATION('',(#6337),#6341);
#6337 = LINE('',#6338,#6339);
#6338 = CARTESIAN_POINT('',(0.,0.));
#6339 = VECTOR('',#6340,1.);
#6340 = DIRECTION('',(0.,-1.));
#6341 = ( GEOMETRIC_REPRESENTATION_CONTEXT(2) 
PARAMETRIC_REPRESENTATION_CONTEXT() REPRESENTATION_CONTEXT('2D SPACE',''
  ) );
#6342 = ADVANCED_FACE('',(#6343),#2363,.T.);
#6343 = FACE_BOUND('',#6344,.T.);
#6344 = EDGE_LOOP('',(#6345,#6368,#6369,#6370));
#6345 = ORIENTED_EDGE('',*,*,#6346,.F.);
#6346 = EDGE_CURVE('',#6298,#6347,#6349,.T.);
#6347 = VERTEX_POINT('',#6348);
#6348 = CARTESIAN_POINT('',(-38.85,23.758696921242,1.2));
#6349 = SURFACE_CURVE('',#6350,(#6354,#6361),.PCURVE_S1.);
#6350 = LINE('',#6351,#6352);
#6351 = CARTESIAN_POINT('',(-41.,22.517393842485,1.2));
#6352 = VECTOR('',#6353,1.);
#6353 = DIRECTION('',(0.866025403784,0.5,0.));
#6354 = PCURVE('',#2363,#6355);
#6355 = DEFINITIONAL_REPRESENTATION('',(#6356),#6360);
#6356 = LINE('',#6357,#6358);
#6357 = CARTESIAN_POINT('',(0.,0.));
#6358 = VECTOR('',#6359,1.);
#6359 = DIRECTION('',(1.,0.));
#6360 = ( GEOMETRIC_REPRESENTATION_CONTEXT(2) 
PARAMETRIC_REPRESENTATION_CONTEXT() REPRESENTATION_CONTEXT('2D SPACE',''
  ) );
#6361 = PCURVE('',#4162,#6362);
#6362 = DEFINITIONAL_REPRESENTATION('',(#6363),#6367);
#6363 = LINE('',#6364,#6365);
#6364 = CARTESIAN_POINT('',(0.,-2.482606157515));
#6365 = VECTOR('',#6366,1.);
#6366 = DIRECTION('',(0.866025403784,0.5));
#6367 = ( GEOMETRIC_REPRESENTATION_CONTEXT(2) 
PARAMETRIC_REPRESENTATION_CONTEXT() REPRESENTATION_CONTEXT('2D SPACE',''
  ) );
#6368 = ORIENTED_EDGE('',*,*,#6322,.T.);
#6369 = ORIENTED_EDGE('',*,*,#2347,.F.);
#6370 = ORIENTED_EDGE('',*,*,#6371,.F.);
#6371 = EDGE_CURVE('',#6347,#2320,#6372,.T.);
#6372 = SURFACE_CURVE('',#6373,(#6377,#6384),.PCURVE_S1.);
#6373 = LINE('',#6374,#6375);
#6374 = CARTESIAN_POINT('',(-38.85,23.758696921242,1.2));
#6375 = VECTOR('',#6376,1.);
#6376 = DIRECTION('',(0.,0.,1.));
#6377 = PCURVE('',#2363,#6378);
#6378 = DEFINITIONAL_REPRESENTATION('',(#6379),#6383);
#6379 = LINE('',#6380,#6381);
#6380 = CARTESIAN_POINT('',(2.482606157515,0.));
#6381 = VECTOR('',#6382,1.);
#6382 = DIRECTION('',(0.,-1.));
#6383 = ( GEOMETRIC_REPRESENTATION_CONTEXT(2) 
PARAMETRIC_REPRESENTATION_CONTEXT() REPRESENTATION_CONTEXT('2D SPACE',''
  ) );
#6384 = PCURVE('',#2335,#6385);
#6385 = DEFINITIONAL_REPRESENTATION('',(#6386),#6390);
#6386 = LINE('',#6387,#6388);
#6387 = CARTESIAN_POINT('',(0.,0.));
#6388 = VECTOR('',#6389,1.);
#6389 = DIRECTION('',(0.,-1.));
#6390 = ( GEOMETRIC_REPRESENTATION_CONTEXT(2) 
PARAMETRIC_REPRESENTATION_CONTEXT() REPRESENTATION_CONTEXT('2D SPACE',''
  ) );
#6391 = ADVANCED_FACE('',(#6392),#2335,.T.);
#6392 = FACE_BOUND('',#6393,.T.);
#6393 = EDGE_LOOP('',(#6394,#6417,#6418,#6419));
#6394 = ORIENTED_EDGE('',*,*,#6395,.F.);
#6395 = EDGE_CURVE('',#6347,#6396,#6398,.T.);
#6396 = VERTEX_POINT('',#6397);
#6397 = CARTESIAN_POINT('',(-38.85,26.241303078758,1.2));
#6398 = SURFACE_CURVE('',#6399,(#6403,#6410),.PCURVE_S1.);
#6399 = LINE('',#6400,#6401);
#6400 = CARTESIAN_POINT('',(-38.85,23.758696921242,1.2));
#6401 = VECTOR('',#6402,1.);
#6402 = DIRECTION('',(3.577604997923E-16,1.,0.));
#6403 = PCURVE('',#2335,#6404);
#6404 = DEFINITIONAL_REPRESENTATION('',(#6405),#6409);
#6405 = LINE('',#6406,#6407);
#6406 = CARTESIAN_POINT('',(0.,0.));
#6407 = VECTOR('',#6408,1.);
#6408 = DIRECTION('',(1.,0.));
#6409 = ( GEOMETRIC_REPRESENTATION_CONTEXT(2) 
PARAMETRIC_REPRESENTATION_CONTEXT() REPRESENTATION_CONTEXT('2D SPACE',''
  ) );
#6410 = PCURVE('',#4162,#6411);
#6411 = DEFINITIONAL_REPRESENTATION('',(#6412),#6416);
#6412 = LINE('',#6413,#6414);
#6413 = CARTESIAN_POINT('',(2.15,-1.241303078758));
#6414 = VECTOR('',#6415,1.);
#6415 = DIRECTION('',(3.577604997923E-16,1.));
#6416 = ( GEOMETRIC_REPRESENTATION_CONTEXT(2) 
PARAMETRIC_REPRESENTATION_CONTEXT() REPRESENTATION_CONTEXT('2D SPACE',''
  ) );
#6417 = ORIENTED_EDGE('',*,*,#6371,.T.);
#6418 = ORIENTED_EDGE('',*,*,#2319,.F.);
#6419 = ORIENTED_EDGE('',*,*,#6420,.F.);
#6420 = EDGE_CURVE('',#6396,#2292,#6421,.T.);
#6421 = SURFACE_CURVE('',#6422,(#6426,#6433),.PCURVE_S1.);
#6422 = LINE('',#6423,#6424);
#6423 = CARTESIAN_POINT('',(-38.85,26.241303078758,1.2));
#6424 = VECTOR('',#6425,1.);
#6425 = DIRECTION('',(0.,0.,1.));
#6426 = PCURVE('',#2335,#6427);
#6427 = DEFINITIONAL_REPRESENTATION('',(#6428),#6432);
#6428 = LINE('',#6429,#6430);
#6429 = CARTESIAN_POINT('',(2.482606157515,0.));
#6430 = VECTOR('',#6431,1.);
#6431 = DIRECTION('',(0.,-1.));
#6432 = ( GEOMETRIC_REPRESENTATION_CONTEXT(2) 
PARAMETRIC_REPRESENTATION_CONTEXT() REPRESENTATION_CONTEXT('2D SPACE',''
  ) );
#6433 = PCURVE('',#2307,#6434);
#6434 = DEFINITIONAL_REPRESENTATION('',(#6435),#6439);
#6435 = LINE('',#6436,#6437);
#6436 = CARTESIAN_POINT('',(0.,0.));
#6437 = VECTOR('',#6438,1.);
#6438 = DIRECTION('',(0.,-1.));
#6439 = ( GEOMETRIC_REPRESENTATION_CONTEXT(2) 
PARAMETRIC_REPRESENTATION_CONTEXT() REPRESENTATION_CONTEXT('2D SPACE',''
  ) );
#6440 = ADVANCED_FACE('',(#6441),#2307,.T.);
#6441 = FACE_BOUND('',#6442,.T.);
#6442 = EDGE_LOOP('',(#6443,#6464,#6465,#6466));
#6443 = ORIENTED_EDGE('',*,*,#6444,.F.);
#6444 = EDGE_CURVE('',#6396,#6178,#6445,.T.);
#6445 = SURFACE_CURVE('',#6446,(#6450,#6457),.PCURVE_S1.);
#6446 = LINE('',#6447,#6448);
#6447 = CARTESIAN_POINT('',(-38.85,26.241303078758,1.2));
#6448 = VECTOR('',#6449,1.);
#6449 = DIRECTION('',(-0.866025403784,0.5,0.));
#6450 = PCURVE('',#2307,#6451);
#6451 = DEFINITIONAL_REPRESENTATION('',(#6452),#6456);
#6452 = LINE('',#6453,#6454);
#6453 = CARTESIAN_POINT('',(0.,0.));
#6454 = VECTOR('',#6455,1.);
#6455 = DIRECTION('',(1.,0.));
#6456 = ( GEOMETRIC_REPRESENTATION_CONTEXT(2) 
PARAMETRIC_REPRESENTATION_CONTEXT() REPRESENTATION_CONTEXT('2D SPACE',''
  ) );
#6457 = PCURVE('',#4162,#6458);
#6458 = DEFINITIONAL_REPRESENTATION('',(#6459),#6463);
#6459 = LINE('',#6460,#6461);
#6460 = CARTESIAN_POINT('',(2.15,1.241303078758));
#6461 = VECTOR('',#6462,1.);
#6462 = DIRECTION('',(-0.866025403784,0.5));
#6463 = ( GEOMETRIC_REPRESENTATION_CONTEXT(2) 
PARAMETRIC_REPRESENTATION_CONTEXT() REPRESENTATION_CONTEXT('2D SPACE',''
  ) );
#6464 = ORIENTED_EDGE('',*,*,#6420,.T.);
#6465 = ORIENTED_EDGE('',*,*,#2291,.F.);
#6466 = ORIENTED_EDGE('',*,*,#6202,.F.);
#6467 = ADVANCED_FACE('',(#6468),#2452,.T.);
#6468 = FACE_BOUND('',#6469,.T.);
#6469 = EDGE_LOOP('',(#6470,#6471,#6494,#6516));
#6470 = ORIENTED_EDGE('',*,*,#2431,.F.);
#6471 = ORIENTED_EDGE('',*,*,#6472,.F.);
#6472 = EDGE_CURVE('',#6473,#2432,#6475,.T.);
#6473 = VERTEX_POINT('',#6474);
#6474 = CARTESIAN_POINT('',(-8.89,27.276075,15.));
#6475 = SEAM_CURVE('',#6476,(#6480,#6487),.PCURVE_S1.);
#6476 = LINE('',#6477,#6478);
#6477 = CARTESIAN_POINT('',(-8.89,27.276075,15.));
#6478 = VECTOR('',#6479,1.);
#6479 = DIRECTION('',(0.,1.110223024625E-16,-1.));
#6480 = PCURVE('',#2452,#6481);
#6481 = DEFINITIONAL_REPRESENTATION('',(#6482),#6486);
#6482 = LINE('',#6483,#6484);
#6483 = CARTESIAN_POINT('',(6.28318530718,-0.));
#6484 = VECTOR('',#6485,1.);
#6485 = DIRECTION('',(0.,1.));
#6486 = ( GEOMETRIC_REPRESENTATION_CONTEXT(2) 
PARAMETRIC_REPRESENTATION_CONTEXT() REPRESENTATION_CONTEXT('2D SPACE',''
  ) );
#6487 = PCURVE('',#2452,#6488);
#6488 = DEFINITIONAL_REPRESENTATION('',(#6489),#6493);
#6489 = LINE('',#6490,#6491);
#6490 = CARTESIAN_POINT('',(0.,-0.));
#6491 = VECTOR('',#6492,1.);
#6492 = DIRECTION('',(0.,1.));
#6493 = ( GEOMETRIC_REPRESENTATION_CONTEXT(2) 
PARAMETRIC_REPRESENTATION_CONTEXT() REPRESENTATION_CONTEXT('2D SPACE',''
  ) );
#6494 = ORIENTED_EDGE('',*,*,#6495,.T.);
#6495 = EDGE_CURVE('',#6473,#6473,#6496,.T.);
#6496 = SURFACE_CURVE('',#6497,(#6502,#6509),.PCURVE_S1.);
#6497 = CIRCLE('',#6498,2.8);
#6498 = AXIS2_PLACEMENT_3D('',#6499,#6500,#6501);
#6499 = CARTESIAN_POINT('',(-8.89,24.476075,15.));
#6500 = DIRECTION('',(0.,1.110223024625E-16,-1.));
#6501 = DIRECTION('',(0.,1.,1.110223024625E-16));
#6502 = PCURVE('',#2452,#6503);
#6503 = DEFINITIONAL_REPRESENTATION('',(#6504),#6508);
#6504 = LINE('',#6505,#6506);
#6505 = CARTESIAN_POINT('',(0.,0.));
#6506 = VECTOR('',#6507,1.);
#6507 = DIRECTION('',(1.,0.));
#6508 = ( GEOMETRIC_REPRESENTATION_CONTEXT(2) 
PARAMETRIC_REPRESENTATION_CONTEXT() REPRESENTATION_CONTEXT('2D SPACE',''
  ) );
#6509 = PCURVE('',#4422,#6510);
#6510 = DEFINITIONAL_REPRESENTATION('',(#6511),#6515);
#6511 = CIRCLE('',#6512,2.8);
#6512 = AXIS2_PLACEMENT_2D('',#6513,#6514);
#6513 = CARTESIAN_POINT('',(0.,0.));
#6514 = DIRECTION('',(1.,0.));
#6515 = ( GEOMETRIC_REPRESENTATION_CONTEXT(2) 
PARAMETRIC_REPRESENTATION_CONTEXT() REPRESENTATION_CONTEXT('2D SPACE',''
  ) );
#6516 = ORIENTED_EDGE('',*,*,#6472,.T.);
#6517 = ADVANCED_FACE('',(#6518),#2489,.T.);
#6518 = FACE_BOUND('',#6519,.T.);
#6519 = EDGE_LOOP('',(#6520,#6543,#6544,#6566,#6567,#6568));
#6520 = ORIENTED_EDGE('',*,*,#6521,.T.);
#6521 = EDGE_CURVE('',#6522,#2467,#6524,.T.);
#6522 = VERTEX_POINT('',#6523);
#6523 = CARTESIAN_POINT('',(40.,-29.5,28.9));
#6524 = SEAM_CURVE('',#6525,(#6529,#6536),.PCURVE_S1.);
#6525 = LINE('',#6526,#6527);
#6526 = CARTESIAN_POINT('',(40.,-29.5,28.9));
#6527 = VECTOR('',#6528,1.);
#6528 = DIRECTION('',(0.,1.110223024625E-16,-1.));
#6529 = PCURVE('',#2489,#6530);
#6530 = DEFINITIONAL_REPRESENTATION('',(#6531),#6535);
#6531 = LINE('',#6532,#6533);
#6532 = CARTESIAN_POINT('',(6.28318530718,-0.));
#6533 = VECTOR('',#6534,1.);
#6534 = DIRECTION('',(0.,1.));
#6535 = ( GEOMETRIC_REPRESENTATION_CONTEXT(2) 
PARAMETRIC_REPRESENTATION_CONTEXT() REPRESENTATION_CONTEXT('2D SPACE',''
  ) );
#6536 = PCURVE('',#2489,#6537);
#6537 = DEFINITIONAL_REPRESENTATION('',(#6538),#6542);
#6538 = LINE('',#6539,#6540);
#6539 = CARTESIAN_POINT('',(0.,-0.));
#6540 = VECTOR('',#6541,1.);
#6541 = DIRECTION('',(0.,1.));
#6542 = ( GEOMETRIC_REPRESENTATION_CONTEXT(2) 
PARAMETRIC_REPRESENTATION_CONTEXT() REPRESENTATION_CONTEXT('2D SPACE',''
  ) );
#6543 = ORIENTED_EDGE('',*,*,#3144,.F.);
#6544 = ORIENTED_EDGE('',*,*,#6545,.F.);
#6545 = EDGE_CURVE('',#2469,#3122,#6546,.T.);
#6546 = SURFACE_CURVE('',#6547,(#6552,#6559),.PCURVE_S1.);
#6547 = CIRCLE('',#6548,5.5);
#6548 = AXIS2_PLACEMENT_3D('',#6549,#6550,#6551);
#6549 = CARTESIAN_POINT('',(40.,-35.,3.));
#6550 = DIRECTION('',(0.,1.110223024625E-16,-1.));
#6551 = DIRECTION('',(0.,1.,1.110223024625E-16));
#6552 = PCURVE('',#2489,#6553);
#6553 = DEFINITIONAL_REPRESENTATION('',(#6554),#6558);
#6554 = LINE('',#6555,#6556);
#6555 = CARTESIAN_POINT('',(0.,25.9));
#6556 = VECTOR('',#6557,1.);
#6557 = DIRECTION('',(1.,0.));
#6558 = ( GEOMETRIC_REPRESENTATION_CONTEXT(2) 
PARAMETRIC_REPRESENTATION_CONTEXT() REPRESENTATION_CONTEXT('2D SPACE',''
  ) );
#6559 = PCURVE('',#4477,#6560);
#6560 = DEFINITIONAL_REPRESENTATION('',(#6561),#6565);
#6561 = CIRCLE('',#6562,5.5);
#6562 = AXIS2_PLACEMENT_2D('',#6563,#6564);
#6563 = CARTESIAN_POINT('',(0.,0.));
#6564 = DIRECTION('',(1.,0.));
#6565 = ( GEOMETRIC_REPRESENTATION_CONTEXT(2) 
PARAMETRIC_REPRESENTATION_CONTEXT() REPRESENTATION_CONTEXT('2D SPACE',''
  ) );
#6566 = ORIENTED_EDGE('',*,*,#2466,.F.);
#6567 = ORIENTED_EDGE('',*,*,#6521,.F.);
#6568 = ORIENTED_EDGE('',*,*,#6569,.T.);
#6569 = EDGE_CURVE('',#6522,#6522,#6570,.T.);
#6570 = SURFACE_CURVE('',#6571,(#6576,#6583),.PCURVE_S1.);
#6571 = CIRCLE('',#6572,5.5);
#6572 = AXIS2_PLACEMENT_3D('',#6573,#6574,#6575);
#6573 = CARTESIAN_POINT('',(40.,-35.,28.9));
#6574 = DIRECTION('',(0.,1.110223024625E-16,-1.));
#6575 = DIRECTION('',(0.,1.,1.110223024625E-16));
#6576 = PCURVE('',#2489,#6577);
#6577 = DEFINITIONAL_REPRESENTATION('',(#6578),#6582);
#6578 = LINE('',#6579,#6580);
#6579 = CARTESIAN_POINT('',(0.,0.));
#6580 = VECTOR('',#6581,1.);
#6581 = DIRECTION('',(1.,0.));
#6582 = ( GEOMETRIC_REPRESENTATION_CONTEXT(2) 
PARAMETRIC_REPRESENTATION_CONTEXT() REPRESENTATION_CONTEXT('2D SPACE',''
  ) );
#6583 = PCURVE('',#6584,#6589);
#6584 = PLANE('',#6585);
#6585 = AXIS2_PLACEMENT_3D('',#6586,#6587,#6588);
#6586 = CARTESIAN_POINT('',(40.,-35.,28.9));
#6587 = DIRECTION('',(0.,1.110223024625E-16,-1.));
#6588 = DIRECTION('',(0.,1.,1.110223024625E-16));
#6589 = DEFINITIONAL_REPRESENTATION('',(#6590),#6594);
#6590 = CIRCLE('',#6591,5.5);
#6591 = AXIS2_PLACEMENT_2D('',#6592,#6593);
#6592 = CARTESIAN_POINT('',(0.,0.));
#6593 = DIRECTION('',(1.,0.));
#6594 = ( GEOMETRIC_REPRESENTATION_CONTEXT(2) 
PARAMETRIC_REPRESENTATION_CONTEXT() REPRESENTATION_CONTEXT('2D SPACE',''
  ) );
#6595 = ADVANCED_FACE('',(#6596),#2545,.T.);
#6596 = FACE_BOUND('',#6597,.T.);
#6597 = EDGE_LOOP('',(#6598,#6621,#6622,#6644,#6645,#6646));
#6598 = ORIENTED_EDGE('',*,*,#6599,.T.);
#6599 = EDGE_CURVE('',#6600,#2525,#6602,.T.);
#6600 = VERTEX_POINT('',#6601);
#6601 = CARTESIAN_POINT('',(-40.,-29.5,28.9));
#6602 = SEAM_CURVE('',#6603,(#6607,#6614),.PCURVE_S1.);
#6603 = LINE('',#6604,#6605);
#6604 = CARTESIAN_POINT('',(-40.,-29.5,28.9));
#6605 = VECTOR('',#6606,1.);
#6606 = DIRECTION('',(0.,1.110223024625E-16,-1.));
#6607 = PCURVE('',#2545,#6608);
#6608 = DEFINITIONAL_REPRESENTATION('',(#6609),#6613);
#6609 = LINE('',#6610,#6611);
#6610 = CARTESIAN_POINT('',(6.28318530718,-0.));
#6611 = VECTOR('',#6612,1.);
#6612 = DIRECTION('',(0.,1.));
#6613 = ( GEOMETRIC_REPRESENTATION_CONTEXT(2) 
PARAMETRIC_REPRESENTATION_CONTEXT() REPRESENTATION_CONTEXT('2D SPACE',''
  ) );
#6614 = PCURVE('',#2545,#6615);
#6615 = DEFINITIONAL_REPRESENTATION('',(#6616),#6620);
#6616 = LINE('',#6617,#6618);
#6617 = CARTESIAN_POINT('',(0.,-0.));
#6618 = VECTOR('',#6619,1.);
#6619 = DIRECTION('',(0.,1.));
#6620 = ( GEOMETRIC_REPRESENTATION_CONTEXT(2) 
PARAMETRIC_REPRESENTATION_CONTEXT() REPRESENTATION_CONTEXT('2D SPACE',''
  ) );
#6621 = ORIENTED_EDGE('',*,*,#2524,.F.);
#6622 = ORIENTED_EDGE('',*,*,#6623,.F.);
#6623 = EDGE_CURVE('',#2558,#2502,#6624,.T.);
#6624 = SURFACE_CURVE('',#6625,(#6630,#6637),.PCURVE_S1.);
#6625 = CIRCLE('',#6626,5.5);
#6626 = AXIS2_PLACEMENT_3D('',#6627,#6628,#6629);
#6627 = CARTESIAN_POINT('',(-40.,-35.,3.));
#6628 = DIRECTION('',(0.,1.110223024625E-16,-1.));
#6629 = DIRECTION('',(0.,1.,1.110223024625E-16));
#6630 = PCURVE('',#2545,#6631);
#6631 = DEFINITIONAL_REPRESENTATION('',(#6632),#6636);
#6632 = LINE('',#6633,#6634);
#6633 = CARTESIAN_POINT('',(0.,25.9));
#6634 = VECTOR('',#6635,1.);
#6635 = DIRECTION('',(1.,0.));
#6636 = ( GEOMETRIC_REPRESENTATION_CONTEXT(2) 
PARAMETRIC_REPRESENTATION_CONTEXT() REPRESENTATION_CONTEXT('2D SPACE',''
  ) );
#6637 = PCURVE('',#4550,#6638);
#6638 = DEFINITIONAL_REPRESENTATION('',(#6639),#6643);
#6639 = CIRCLE('',#6640,5.5);
#6640 = AXIS2_PLACEMENT_2D('',#6641,#6642);
#6641 = CARTESIAN_POINT('',(0.,0.));
#6642 = DIRECTION('',(1.,0.));
#6643 = ( GEOMETRIC_REPRESENTATION_CONTEXT(2) 
PARAMETRIC_REPRESENTATION_CONTEXT() REPRESENTATION_CONTEXT('2D SPACE',''
  ) );
#6644 = ORIENTED_EDGE('',*,*,#2557,.F.);
#6645 = ORIENTED_EDGE('',*,*,#6599,.F.);
#6646 = ORIENTED_EDGE('',*,*,#6647,.T.);
#6647 = EDGE_CURVE('',#6600,#6600,#6648,.T.);
#6648 = SURFACE_CURVE('',#6649,(#6654,#6661),.PCURVE_S1.);
#6649 = CIRCLE('',#6650,5.5);
#6650 = AXIS2_PLACEMENT_3D('',#6651,#6652,#6653);
#6651 = CARTESIAN_POINT('',(-40.,-35.,28.9));
#6652 = DIRECTION('',(0.,1.110223024625E-16,-1.));
#6653 = DIRECTION('',(0.,1.,1.110223024625E-16));
#6654 = PCURVE('',#2545,#6655);
#6655 = DEFINITIONAL_REPRESENTATION('',(#6656),#6660);
#6656 = LINE('',#6657,#6658);
#6657 = CARTESIAN_POINT('',(0.,0.));
#6658 = VECTOR('',#6659,1.);
#6659 = DIRECTION('',(1.,0.));
#6660 = ( GEOMETRIC_REPRESENTATION_CONTEXT(2) 
PARAMETRIC_REPRESENTATION_CONTEXT() REPRESENTATION_CONTEXT('2D SPACE',''
  ) );
#6661 = PCURVE('',#6662,#6667);
#6662 = PLANE('',#6663);
#6663 = AXIS2_PLACEMENT_3D('',#6664,#6665,#6666);
#6664 = CARTESIAN_POINT('',(-40.,-35.,28.9));
#6665 = DIRECTION('',(0.,1.110223024625E-16,-1.));
#6666 = DIRECTION('',(0.,1.,1.110223024625E-16));
#6667 = DEFINITIONAL_REPRESENTATION('',(#6668),#6672);
#6668 = CIRCLE('',#6669,5.5);
#6669 = AXIS2_PLACEMENT_2D('',#6670,#6671);
#6670 = CARTESIAN_POINT('',(0.,0.));
#6671 = DIRECTION('',(1.,0.));
#6672 = ( GEOMETRIC_REPRESENTATION_CONTEXT(2) 
PARAMETRIC_REPRESENTATION_CONTEXT() REPRESENTATION_CONTEXT('2D SPACE',''
  ) );
#6673 = ADVANCED_FACE('',(#6674),#2897,.T.);
#6674 = FACE_BOUND('',#6675,.T.);
#6675 = EDGE_LOOP('',(#6676,#6699,#6700,#6722,#6723,#6724));
#6676 = ORIENTED_EDGE('',*,*,#6677,.T.);
#6677 = EDGE_CURVE('',#6678,#2877,#6680,.T.);
#6678 = VERTEX_POINT('',#6679);
#6679 = CARTESIAN_POINT('',(40.,40.5,28.9));
#6680 = SEAM_CURVE('',#6681,(#6685,#6692),.PCURVE_S1.);
#6681 = LINE('',#6682,#6683);
#6682 = CARTESIAN_POINT('',(40.,40.5,28.9));
#6683 = VECTOR('',#6684,1.);
#6684 = DIRECTION('',(0.,1.110223024625E-16,-1.));
#6685 = PCURVE('',#2897,#6686);
#6686 = DEFINITIONAL_REPRESENTATION('',(#6687),#6691);
#6687 = LINE('',#6688,#6689);
#6688 = CARTESIAN_POINT('',(6.28318530718,-0.));
#6689 = VECTOR('',#6690,1.);
#6690 = DIRECTION('',(0.,1.));
#6691 = ( GEOMETRIC_REPRESENTATION_CONTEXT(2) 
PARAMETRIC_REPRESENTATION_CONTEXT() REPRESENTATION_CONTEXT('2D SPACE',''
  ) );
#6692 = PCURVE('',#2897,#6693);
#6693 = DEFINITIONAL_REPRESENTATION('',(#6694),#6698);
#6694 = LINE('',#6695,#6696);
#6695 = CARTESIAN_POINT('',(0.,-0.));
#6696 = VECTOR('',#6697,1.);
#6697 = DIRECTION('',(0.,1.));
#6698 = ( GEOMETRIC_REPRESENTATION_CONTEXT(2) 
PARAMETRIC_REPRESENTATION_CONTEXT() REPRESENTATION_CONTEXT('2D SPACE',''
  ) );
#6699 = ORIENTED_EDGE('',*,*,#2876,.F.);
#6700 = ORIENTED_EDGE('',*,*,#6701,.F.);
#6701 = EDGE_CURVE('',#2910,#2854,#6702,.T.);
#6702 = SURFACE_CURVE('',#6703,(#6708,#6715),.PCURVE_S1.);
#6703 = CIRCLE('',#6704,5.5);
#6704 = AXIS2_PLACEMENT_3D('',#6705,#6706,#6707);
#6705 = CARTESIAN_POINT('',(40.,35.,3.));
#6706 = DIRECTION('',(0.,1.110223024625E-16,-1.));
#6707 = DIRECTION('',(0.,1.,1.110223024625E-16));
#6708 = PCURVE('',#2897,#6709);
#6709 = DEFINITIONAL_REPRESENTATION('',(#6710),#6714);
#6710 = LINE('',#6711,#6712);
#6711 = CARTESIAN_POINT('',(0.,25.9));
#6712 = VECTOR('',#6713,1.);
#6713 = DIRECTION('',(1.,0.));
#6714 = ( GEOMETRIC_REPRESENTATION_CONTEXT(2) 
PARAMETRIC_REPRESENTATION_CONTEXT() REPRESENTATION_CONTEXT('2D SPACE',''
  ) );
#6715 = PCURVE('',#5025,#6716);
#6716 = DEFINITIONAL_REPRESENTATION('',(#6717),#6721);
#6717 = CIRCLE('',#6718,5.5);
#6718 = AXIS2_PLACEMENT_2D('',#6719,#6720);
#6719 = CARTESIAN_POINT('',(0.,0.));
#6720 = DIRECTION('',(1.,0.));
#6721 = ( GEOMETRIC_REPRESENTATION_CONTEXT(2) 
PARAMETRIC_REPRESENTATION_CONTEXT() REPRESENTATION_CONTEXT('2D SPACE',''
  ) );
#6722 = ORIENTED_EDGE('',*,*,#2909,.F.);
#6723 = ORIENTED_EDGE('',*,*,#6677,.F.);
#6724 = ORIENTED_EDGE('',*,*,#6725,.T.);
#6725 = EDGE_CURVE('',#6678,#6678,#6726,.T.);
#6726 = SURFACE_CURVE('',#6727,(#6732,#6739),.PCURVE_S1.);
#6727 = CIRCLE('',#6728,5.5);
#6728 = AXIS2_PLACEMENT_3D('',#6729,#6730,#6731);
#6729 = CARTESIAN_POINT('',(40.,35.,28.9));
#6730 = DIRECTION('',(0.,1.110223024625E-16,-1.));
#6731 = DIRECTION('',(0.,1.,1.110223024625E-16));
#6732 = PCURVE('',#2897,#6733);
#6733 = DEFINITIONAL_REPRESENTATION('',(#6734),#6738);
#6734 = LINE('',#6735,#6736);
#6735 = CARTESIAN_POINT('',(0.,0.));
#6736 = VECTOR('',#6737,1.);
#6737 = DIRECTION('',(1.,0.));
#6738 = ( GEOMETRIC_REPRESENTATION_CONTEXT(2) 
PARAMETRIC_REPRESENTATION_CONTEXT() REPRESENTATION_CONTEXT('2D SPACE',''
  ) );
#6739 = PCURVE('',#6740,#6745);
#6740 = PLANE('',#6741);
#6741 = AXIS2_PLACEMENT_3D('',#6742,#6743,#6744);
#6742 = CARTESIAN_POINT('',(40.,35.,28.9));
#6743 = DIRECTION('',(0.,1.110223024625E-16,-1.));
#6744 = DIRECTION('',(0.,1.,1.110223024625E-16));
#6745 = DEFINITIONAL_REPRESENTATION('',(#6746),#6750);
#6746 = CIRCLE('',#6747,5.5);
#6747 = AXIS2_PLACEMENT_2D('',#6748,#6749);
#6748 = CARTESIAN_POINT('',(0.,0.));
#6749 = DIRECTION('',(1.,0.));
#6750 = ( GEOMETRIC_REPRESENTATION_CONTEXT(2) 
PARAMETRIC_REPRESENTATION_CONTEXT() REPRESENTATION_CONTEXT('2D SPACE',''
  ) );
#6751 = ADVANCED_FACE('',(#6752),#2813,.T.);
#6752 = FACE_BOUND('',#6753,.T.);
#6753 = EDGE_LOOP('',(#6754,#6777,#6778,#6800,#6801,#6802));
#6754 = ORIENTED_EDGE('',*,*,#6755,.T.);
#6755 = EDGE_CURVE('',#6756,#2793,#6758,.T.);
#6756 = VERTEX_POINT('',#6757);
#6757 = CARTESIAN_POINT('',(-40.,40.5,28.9));
#6758 = SEAM_CURVE('',#6759,(#6763,#6770),.PCURVE_S1.);
#6759 = LINE('',#6760,#6761);
#6760 = CARTESIAN_POINT('',(-40.,40.5,28.9));
#6761 = VECTOR('',#6762,1.);
#6762 = DIRECTION('',(0.,1.110223024625E-16,-1.));
#6763 = PCURVE('',#2813,#6764);
#6764 = DEFINITIONAL_REPRESENTATION('',(#6765),#6769);
#6765 = LINE('',#6766,#6767);
#6766 = CARTESIAN_POINT('',(6.28318530718,-0.));
#6767 = VECTOR('',#6768,1.);
#6768 = DIRECTION('',(0.,1.));
#6769 = ( GEOMETRIC_REPRESENTATION_CONTEXT(2) 
PARAMETRIC_REPRESENTATION_CONTEXT() REPRESENTATION_CONTEXT('2D SPACE',''
  ) );
#6770 = PCURVE('',#2813,#6771);
#6771 = DEFINITIONAL_REPRESENTATION('',(#6772),#6776);
#6772 = LINE('',#6773,#6774);
#6773 = CARTESIAN_POINT('',(0.,-0.));
#6774 = VECTOR('',#6775,1.);
#6775 = DIRECTION('',(0.,1.));
#6776 = ( GEOMETRIC_REPRESENTATION_CONTEXT(2) 
PARAMETRIC_REPRESENTATION_CONTEXT() REPRESENTATION_CONTEXT('2D SPACE',''
  ) );
#6777 = ORIENTED_EDGE('',*,*,#2792,.F.);
#6778 = ORIENTED_EDGE('',*,*,#6779,.F.);
#6779 = EDGE_CURVE('',#2826,#2770,#6780,.T.);
#6780 = SURFACE_CURVE('',#6781,(#6786,#6793),.PCURVE_S1.);
#6781 = CIRCLE('',#6782,5.5);
#6782 = AXIS2_PLACEMENT_3D('',#6783,#6784,#6785);
#6783 = CARTESIAN_POINT('',(-40.,35.,3.));
#6784 = DIRECTION('',(0.,1.110223024625E-16,-1.));
#6785 = DIRECTION('',(0.,1.,1.110223024625E-16));
#6786 = PCURVE('',#2813,#6787);
#6787 = DEFINITIONAL_REPRESENTATION('',(#6788),#6792);
#6788 = LINE('',#6789,#6790);
#6789 = CARTESIAN_POINT('',(0.,25.9));
#6790 = VECTOR('',#6791,1.);
#6791 = DIRECTION('',(1.,0.));
#6792 = ( GEOMETRIC_REPRESENTATION_CONTEXT(2) 
PARAMETRIC_REPRESENTATION_CONTEXT() REPRESENTATION_CONTEXT('2D SPACE',''
  ) );
#6793 = PCURVE('',#5107,#6794);
#6794 = DEFINITIONAL_REPRESENTATION('',(#6795),#6799);
#6795 = CIRCLE('',#6796,5.5);
#6796 = AXIS2_PLACEMENT_2D('',#6797,#6798);
#6797 = CARTESIAN_POINT('',(0.,0.));
#6798 = DIRECTION('',(1.,0.));
#6799 = ( GEOMETRIC_REPRESENTATION_CONTEXT(2) 
PARAMETRIC_REPRESENTATION_CONTEXT() REPRESENTATION_CONTEXT('2D SPACE',''
  ) );
#6800 = ORIENTED_EDGE('',*,*,#2825,.F.);
#6801 = ORIENTED_EDGE('',*,*,#6755,.F.);
#6802 = ORIENTED_EDGE('',*,*,#6803,.T.);
#6803 = EDGE_CURVE('',#6756,#6756,#6804,.T.);
#6804 = SURFACE_CURVE('',#6805,(#6810,#6817),.PCURVE_S1.);
#6805 = CIRCLE('',#6806,5.5);
#6806 = AXIS2_PLACEMENT_3D('',#6807,#6808,#6809);
#6807 = CARTESIAN_POINT('',(-40.,35.,28.9));
#6808 = DIRECTION('',(0.,1.110223024625E-16,-1.));
#6809 = DIRECTION('',(0.,1.,1.110223024625E-16));
#6810 = PCURVE('',#2813,#6811);
#6811 = DEFINITIONAL_REPRESENTATION('',(#6812),#6816);
#6812 = LINE('',#6813,#6814);
#6813 = CARTESIAN_POINT('',(0.,0.));
#6814 = VECTOR('',#6815,1.);
#6815 = DIRECTION('',(1.,0.));
#6816 = ( GEOMETRIC_REPRESENTATION_CONTEXT(2) 
PARAMETRIC_REPRESENTATION_CONTEXT() REPRESENTATION_CONTEXT('2D SPACE',''
  ) );
#6817 = PCURVE('',#6818,#6823);
#6818 = PLANE('',#6819);
#6819 = AXIS2_PLACEMENT_3D('',#6820,#6821,#6822);
#6820 = CARTESIAN_POINT('',(-40.,35.,28.9));
#6821 = DIRECTION('',(0.,1.110223024625E-16,-1.));
#6822 = DIRECTION('',(0.,1.,1.110223024625E-16));
#6823 = DEFINITIONAL_REPRESENTATION('',(#6824),#6828);
#6824 = CIRCLE('',#6825,5.5);
#6825 = AXIS2_PLACEMENT_2D('',#6826,#6827);
#6826 = CARTESIAN_POINT('',(0.,0.));
#6827 = DIRECTION('',(1.,0.));
#6828 = ( GEOMETRIC_REPRESENTATION_CONTEXT(2) 
PARAMETRIC_REPRESENTATION_CONTEXT() REPRESENTATION_CONTEXT('2D SPACE',''
  ) );
#6829 = ADVANCED_FACE('',(#6830),#3193,.T.);
#6830 = FACE_BOUND('',#6831,.T.);
#6831 = EDGE_LOOP('',(#6832,#6833,#6856,#6878));
#6832 = ORIENTED_EDGE('',*,*,#3172,.F.);
#6833 = ORIENTED_EDGE('',*,*,#6834,.F.);
#6834 = EDGE_CURVE('',#6835,#3173,#6837,.T.);
#6835 = VERTEX_POINT('',#6836);
#6836 = CARTESIAN_POINT('',(8.89,27.276075,15.));
#6837 = SEAM_CURVE('',#6838,(#6842,#6849),.PCURVE_S1.);
#6838 = LINE('',#6839,#6840);
#6839 = CARTESIAN_POINT('',(8.89,27.276075,15.));
#6840 = VECTOR('',#6841,1.);
#6841 = DIRECTION('',(0.,1.110223024625E-16,-1.));
#6842 = PCURVE('',#3193,#6843);
#6843 = DEFINITIONAL_REPRESENTATION('',(#6844),#6848);
#6844 = LINE('',#6845,#6846);
#6845 = CARTESIAN_POINT('',(6.28318530718,-0.));
#6846 = VECTOR('',#6847,1.);
#6847 = DIRECTION('',(0.,1.));
#6848 = ( GEOMETRIC_REPRESENTATION_CONTEXT(2) 
PARAMETRIC_REPRESENTATION_CONTEXT() REPRESENTATION_CONTEXT('2D SPACE',''
  ) );
#6849 = PCURVE('',#3193,#6850);
#6850 = DEFINITIONAL_REPRESENTATION('',(#6851),#6855);
#6851 = LINE('',#6852,#6853);
#6852 = CARTESIAN_POINT('',(0.,-0.));
#6853 = VECTOR('',#6854,1.);
#6854 = DIRECTION('',(0.,1.));
#6855 = ( GEOMETRIC_REPRESENTATION_CONTEXT(2) 
PARAMETRIC_REPRESENTATION_CONTEXT() REPRESENTATION_CONTEXT('2D SPACE',''
  ) );
#6856 = ORIENTED_EDGE('',*,*,#6857,.T.);
#6857 = EDGE_CURVE('',#6835,#6835,#6858,.T.);
#6858 = SURFACE_CURVE('',#6859,(#6864,#6871),.PCURVE_S1.);
#6859 = CIRCLE('',#6860,2.8);
#6860 = AXIS2_PLACEMENT_3D('',#6861,#6862,#6863);
#6861 = CARTESIAN_POINT('',(8.89,24.476075,15.));
#6862 = DIRECTION('',(0.,1.110223024625E-16,-1.));
#6863 = DIRECTION('',(0.,1.,1.110223024625E-16));
#6864 = PCURVE('',#3193,#6865);
#6865 = DEFINITIONAL_REPRESENTATION('',(#6866),#6870);
#6866 = LINE('',#6867,#6868);
#6867 = CARTESIAN_POINT('',(0.,0.));
#6868 = VECTOR('',#6869,1.);
#6869 = DIRECTION('',(1.,0.));
#6870 = ( GEOMETRIC_REPRESENTATION_CONTEXT(2) 
PARAMETRIC_REPRESENTATION_CONTEXT() REPRESENTATION_CONTEXT('2D SPACE',''
  ) );
#6871 = PCURVE('',#5213,#6872);
#6872 = DEFINITIONAL_REPRESENTATION('',(#6873),#6877);
#6873 = CIRCLE('',#6874,2.8);
#6874 = AXIS2_PLACEMENT_2D('',#6875,#6876);
#6875 = CARTESIAN_POINT('',(0.,0.));
#6876 = DIRECTION('',(1.,0.));
#6877 = ( GEOMETRIC_REPRESENTATION_CONTEXT(2) 
PARAMETRIC_REPRESENTATION_CONTEXT() REPRESENTATION_CONTEXT('2D SPACE',''
  ) );
#6878 = ORIENTED_EDGE('',*,*,#6834,.T.);
#6879 = ADVANCED_FACE('',(#6880),#3225,.T.);
#6880 = FACE_BOUND('',#6881,.T.);
#6881 = EDGE_LOOP('',(#6882,#6907,#6928,#6929));
#6882 = ORIENTED_EDGE('',*,*,#6883,.F.);
#6883 = EDGE_CURVE('',#6884,#6886,#6888,.T.);
#6884 = VERTEX_POINT('',#6885);
#6885 = CARTESIAN_POINT('',(41.,27.482606157515,1.2));
#6886 = VERTEX_POINT('',#6887);
#6887 = CARTESIAN_POINT('',(38.85,26.241303078758,1.2));
#6888 = SURFACE_CURVE('',#6889,(#6893,#6900),.PCURVE_S1.);
#6889 = LINE('',#6890,#6891);
#6890 = CARTESIAN_POINT('',(41.,27.482606157515,1.2));
#6891 = VECTOR('',#6892,1.);
#6892 = DIRECTION('',(-0.866025403784,-0.5,0.));
#6893 = PCURVE('',#3225,#6894);
#6894 = DEFINITIONAL_REPRESENTATION('',(#6895),#6899);
#6895 = LINE('',#6896,#6897);
#6896 = CARTESIAN_POINT('',(0.,0.));
#6897 = VECTOR('',#6898,1.);
#6898 = DIRECTION('',(1.,-0.));
#6899 = ( GEOMETRIC_REPRESENTATION_CONTEXT(2) 
PARAMETRIC_REPRESENTATION_CONTEXT() REPRESENTATION_CONTEXT('2D SPACE',''
  ) );
#6900 = PCURVE('',#5268,#6901);
#6901 = DEFINITIONAL_REPRESENTATION('',(#6902),#6906);
#6902 = LINE('',#6903,#6904);
#6903 = CARTESIAN_POINT('',(0.,2.482606157515));
#6904 = VECTOR('',#6905,1.);
#6905 = DIRECTION('',(-0.866025403784,-0.5));
#6906 = ( GEOMETRIC_REPRESENTATION_CONTEXT(2) 
PARAMETRIC_REPRESENTATION_CONTEXT() REPRESENTATION_CONTEXT('2D SPACE',''
  ) );
#6907 = ORIENTED_EDGE('',*,*,#6908,.T.);
#6908 = EDGE_CURVE('',#6884,#3210,#6909,.T.);
#6909 = SURFACE_CURVE('',#6910,(#6914,#6921),.PCURVE_S1.);
#6910 = LINE('',#6911,#6912);
#6911 = CARTESIAN_POINT('',(41.,27.482606157515,1.2));
#6912 = VECTOR('',#6913,1.);
#6913 = DIRECTION('',(0.,0.,1.));
#6914 = PCURVE('',#3225,#6915);
#6915 = DEFINITIONAL_REPRESENTATION('',(#6916),#6920);
#6916 = LINE('',#6917,#6918);
#6917 = CARTESIAN_POINT('',(0.,0.));
#6918 = VECTOR('',#6919,1.);
#6919 = DIRECTION('',(0.,-1.));
#6920 = ( GEOMETRIC_REPRESENTATION_CONTEXT(2) 
PARAMETRIC_REPRESENTATION_CONTEXT() REPRESENTATION_CONTEXT('2D SPACE',''
  ) );
#6921 = PCURVE('',#3253,#6922);
#6922 = DEFINITIONAL_REPRESENTATION('',(#6923),#6927);
#6923 = LINE('',#6924,#6925);
#6924 = CARTESIAN_POINT('',(2.482606157515,0.));
#6925 = VECTOR('',#6926,1.);
#6926 = DIRECTION('',(0.,-1.));
#6927 = ( GEOMETRIC_REPRESENTATION_CONTEXT(2) 
PARAMETRIC_REPRESENTATION_CONTEXT() REPRESENTATION_CONTEXT('2D SPACE',''
  ) );
#6928 = ORIENTED_EDGE('',*,*,#3207,.F.);
#6929 = ORIENTED_EDGE('',*,*,#6930,.F.);
#6930 = EDGE_CURVE('',#6886,#3208,#6931,.T.);
#6931 = SURFACE_CURVE('',#6932,(#6936,#6943),.PCURVE_S1.);
#6932 = LINE('',#6933,#6934);
#6933 = CARTESIAN_POINT('',(38.85,26.241303078758,1.2));
#6934 = VECTOR('',#6935,1.);
#6935 = DIRECTION('',(0.,0.,1.));
#6936 = PCURVE('',#3225,#6937);
#6937 = DEFINITIONAL_REPRESENTATION('',(#6938),#6942);
#6938 = LINE('',#6939,#6940);
#6939 = CARTESIAN_POINT('',(2.482606157515,-0.));
#6940 = VECTOR('',#6941,1.);
#6941 = DIRECTION('',(0.,-1.));
#6942 = ( GEOMETRIC_REPRESENTATION_CONTEXT(2) 
PARAMETRIC_REPRESENTATION_CONTEXT() REPRESENTATION_CONTEXT('2D SPACE',''
  ) );
#6943 = PCURVE('',#3363,#6944);
#6944 = DEFINITIONAL_REPRESENTATION('',(#6945),#6949);
#6945 = LINE('',#6946,#6947);
#6946 = CARTESIAN_POINT('',(0.,0.));
#6947 = VECTOR('',#6948,1.);
#6948 = DIRECTION('',(0.,-1.));
#6949 = ( GEOMETRIC_REPRESENTATION_CONTEXT(2) 
PARAMETRIC_REPRESENTATION_CONTEXT() REPRESENTATION_CONTEXT('2D SPACE',''
  ) );
#6950 = ADVANCED_FACE('',(#6951),#3363,.T.);
#6951 = FACE_BOUND('',#6952,.T.);
#6952 = EDGE_LOOP('',(#6953,#6976,#6977,#6978));
#6953 = ORIENTED_EDGE('',*,*,#6954,.F.);
#6954 = EDGE_CURVE('',#6886,#6955,#6957,.T.);
#6955 = VERTEX_POINT('',#6956);
#6956 = CARTESIAN_POINT('',(38.85,23.758696921242,1.2));
#6957 = SURFACE_CURVE('',#6958,(#6962,#6969),.PCURVE_S1.);
#6958 = LINE('',#6959,#6960);
#6959 = CARTESIAN_POINT('',(38.85,26.241303078758,1.2));
#6960 = VECTOR('',#6961,1.);
#6961 = DIRECTION('',(1.788802498961E-16,-1.,0.));
#6962 = PCURVE('',#3363,#6963);
#6963 = DEFINITIONAL_REPRESENTATION('',(#6964),#6968);
#6964 = LINE('',#6965,#6966);
#6965 = CARTESIAN_POINT('',(0.,0.));
#6966 = VECTOR('',#6967,1.);
#6967 = DIRECTION('',(1.,0.));
#6968 = ( GEOMETRIC_REPRESENTATION_CONTEXT(2) 
PARAMETRIC_REPRESENTATION_CONTEXT() REPRESENTATION_CONTEXT('2D SPACE',''
  ) );
#6969 = PCURVE('',#5268,#6970);
#6970 = DEFINITIONAL_REPRESENTATION('',(#6971),#6975);
#6971 = LINE('',#6972,#6973);
#6972 = CARTESIAN_POINT('',(-2.15,1.241303078758));
#6973 = VECTOR('',#6974,1.);
#6974 = DIRECTION('',(1.788802498961E-16,-1.));
#6975 = ( GEOMETRIC_REPRESENTATION_CONTEXT(2) 
PARAMETRIC_REPRESENTATION_CONTEXT() REPRESENTATION_CONTEXT('2D SPACE',''
  ) );
#6976 = ORIENTED_EDGE('',*,*,#6930,.T.);
#6977 = ORIENTED_EDGE('',*,*,#3349,.F.);
#6978 = ORIENTED_EDGE('',*,*,#6979,.F.);
#6979 = EDGE_CURVE('',#6955,#3322,#6980,.T.);
#6980 = SURFACE_CURVE('',#6981,(#6985,#6992),.PCURVE_S1.);
#6981 = LINE('',#6982,#6983);
#6982 = CARTESIAN_POINT('',(38.85,23.758696921242,1.2));
#6983 = VECTOR('',#6984,1.);
#6984 = DIRECTION('',(0.,0.,1.));
#6985 = PCURVE('',#3363,#6986);
#6986 = DEFINITIONAL_REPRESENTATION('',(#6987),#6991);
#6987 = LINE('',#6988,#6989);
#6988 = CARTESIAN_POINT('',(2.482606157515,0.));
#6989 = VECTOR('',#6990,1.);
#6990 = DIRECTION('',(0.,-1.));
#6991 = ( GEOMETRIC_REPRESENTATION_CONTEXT(2) 
PARAMETRIC_REPRESENTATION_CONTEXT() REPRESENTATION_CONTEXT('2D SPACE',''
  ) );
#6992 = PCURVE('',#3337,#6993);
#6993 = DEFINITIONAL_REPRESENTATION('',(#6994),#6998);
#6994 = LINE('',#6995,#6996);
#6995 = CARTESIAN_POINT('',(0.,0.));
#6996 = VECTOR('',#6997,1.);
#6997 = DIRECTION('',(0.,-1.));
#6998 = ( GEOMETRIC_REPRESENTATION_CONTEXT(2) 
PARAMETRIC_REPRESENTATION_CONTEXT() REPRESENTATION_CONTEXT('2D SPACE',''
  ) );
#6999 = ADVANCED_FACE('',(#7000),#3337,.T.);
#7000 = FACE_BOUND('',#7001,.T.);
#7001 = EDGE_LOOP('',(#7002,#7025,#7026,#7027));
#7002 = ORIENTED_EDGE('',*,*,#7003,.F.);
#7003 = EDGE_CURVE('',#6955,#7004,#7006,.T.);
#7004 = VERTEX_POINT('',#7005);
#7005 = CARTESIAN_POINT('',(41.,22.517393842485,1.2));
#7006 = SURFACE_CURVE('',#7007,(#7011,#7018),.PCURVE_S1.);
#7007 = LINE('',#7008,#7009);
#7008 = CARTESIAN_POINT('',(38.85,23.758696921242,1.2));
#7009 = VECTOR('',#7010,1.);
#7010 = DIRECTION('',(0.866025403784,-0.5,0.));
#7011 = PCURVE('',#3337,#7012);
#7012 = DEFINITIONAL_REPRESENTATION('',(#7013),#7017);
#7013 = LINE('',#7014,#7015);
#7014 = CARTESIAN_POINT('',(0.,0.));
#7015 = VECTOR('',#7016,1.);
#7016 = DIRECTION('',(1.,0.));
#7017 = ( GEOMETRIC_REPRESENTATION_CONTEXT(2) 
PARAMETRIC_REPRESENTATION_CONTEXT() REPRESENTATION_CONTEXT('2D SPACE',''
  ) );
#7018 = PCURVE('',#5268,#7019);
#7019 = DEFINITIONAL_REPRESENTATION('',(#7020),#7024);
#7020 = LINE('',#7021,#7022);
#7021 = CARTESIAN_POINT('',(-2.15,-1.241303078758));
#7022 = VECTOR('',#7023,1.);
#7023 = DIRECTION('',(0.866025403784,-0.5));
#7024 = ( GEOMETRIC_REPRESENTATION_CONTEXT(2) 
PARAMETRIC_REPRESENTATION_CONTEXT() REPRESENTATION_CONTEXT('2D SPACE',''
  ) );
#7025 = ORIENTED_EDGE('',*,*,#6979,.T.);
#7026 = ORIENTED_EDGE('',*,*,#3321,.F.);
#7027 = ORIENTED_EDGE('',*,*,#7028,.F.);
#7028 = EDGE_CURVE('',#7004,#3294,#7029,.T.);
#7029 = SURFACE_CURVE('',#7030,(#7034,#7041),.PCURVE_S1.);
#7030 = LINE('',#7031,#7032);
#7031 = CARTESIAN_POINT('',(41.,22.517393842485,1.2));
#7032 = VECTOR('',#7033,1.);
#7033 = DIRECTION('',(0.,0.,1.));
#7034 = PCURVE('',#3337,#7035);
#7035 = DEFINITIONAL_REPRESENTATION('',(#7036),#7040);
#7036 = LINE('',#7037,#7038);
#7037 = CARTESIAN_POINT('',(2.482606157515,0.));
#7038 = VECTOR('',#7039,1.);
#7039 = DIRECTION('',(0.,-1.));
#7040 = ( GEOMETRIC_REPRESENTATION_CONTEXT(2) 
PARAMETRIC_REPRESENTATION_CONTEXT() REPRESENTATION_CONTEXT('2D SPACE',''
  ) );
#7041 = PCURVE('',#3309,#7042);
#7042 = DEFINITIONAL_REPRESENTATION('',(#7043),#7047);
#7043 = LINE('',#7044,#7045);
#7044 = CARTESIAN_POINT('',(0.,0.));
#7045 = VECTOR('',#7046,1.);
#7046 = DIRECTION('',(0.,-1.));
#7047 = ( GEOMETRIC_REPRESENTATION_CONTEXT(2) 
PARAMETRIC_REPRESENTATION_CONTEXT() REPRESENTATION_CONTEXT('2D SPACE',''
  ) );
#7048 = ADVANCED_FACE('',(#7049),#3309,.T.);
#7049 = FACE_BOUND('',#7050,.T.);
#7050 = EDGE_LOOP('',(#7051,#7074,#7075,#7076));
#7051 = ORIENTED_EDGE('',*,*,#7052,.F.);
#7052 = EDGE_CURVE('',#7004,#7053,#7055,.T.);
#7053 = VERTEX_POINT('',#7054);
#7054 = CARTESIAN_POINT('',(43.15,23.758696921242,1.2));
#7055 = SURFACE_CURVE('',#7056,(#7060,#7067),.PCURVE_S1.);
#7056 = LINE('',#7057,#7058);
#7057 = CARTESIAN_POINT('',(41.,22.517393842485,1.2));
#7058 = VECTOR('',#7059,1.);
#7059 = DIRECTION('',(0.866025403784,0.5,0.));
#7060 = PCURVE('',#3309,#7061);
#7061 = DEFINITIONAL_REPRESENTATION('',(#7062),#7066);
#7062 = LINE('',#7063,#7064);
#7063 = CARTESIAN_POINT('',(0.,0.));
#7064 = VECTOR('',#7065,1.);
#7065 = DIRECTION('',(1.,0.));
#7066 = ( GEOMETRIC_REPRESENTATION_CONTEXT(2) 
PARAMETRIC_REPRESENTATION_CONTEXT() REPRESENTATION_CONTEXT('2D SPACE',''
  ) );
#7067 = PCURVE('',#5268,#7068);
#7068 = DEFINITIONAL_REPRESENTATION('',(#7069),#7073);
#7069 = LINE('',#7070,#7071);
#7070 = CARTESIAN_POINT('',(0.,-2.482606157515));
#7071 = VECTOR('',#7072,1.);
#7072 = DIRECTION('',(0.866025403784,0.5));
#7073 = ( GEOMETRIC_REPRESENTATION_CONTEXT(2) 
PARAMETRIC_REPRESENTATION_CONTEXT() REPRESENTATION_CONTEXT('2D SPACE',''
  ) );
#7074 = ORIENTED_EDGE('',*,*,#7028,.T.);
#7075 = ORIENTED_EDGE('',*,*,#3293,.F.);
#7076 = ORIENTED_EDGE('',*,*,#7077,.F.);
#7077 = EDGE_CURVE('',#7053,#3266,#7078,.T.);
#7078 = SURFACE_CURVE('',#7079,(#7083,#7090),.PCURVE_S1.);
#7079 = LINE('',#7080,#7081);
#7080 = CARTESIAN_POINT('',(43.15,23.758696921242,1.2));
#7081 = VECTOR('',#7082,1.);
#7082 = DIRECTION('',(0.,0.,1.));
#7083 = PCURVE('',#3309,#7084);
#7084 = DEFINITIONAL_REPRESENTATION('',(#7085),#7089);
#7085 = LINE('',#7086,#7087);
#7086 = CARTESIAN_POINT('',(2.482606157515,0.));
#7087 = VECTOR('',#7088,1.);
#7088 = DIRECTION('',(0.,-1.));
#7089 = ( GEOMETRIC_REPRESENTATION_CONTEXT(2) 
PARAMETRIC_REPRESENTATION_CONTEXT() REPRESENTATION_CONTEXT('2D SPACE',''
  ) );
#7090 = PCURVE('',#3281,#7091);
#7091 = DEFINITIONAL_REPRESENTATION('',(#7092),#7096);
#7092 = LINE('',#7093,#7094);
#7093 = CARTESIAN_POINT('',(0.,0.));
#7094 = VECTOR('',#7095,1.);
#7095 = DIRECTION('',(0.,-1.));
#7096 = ( GEOMETRIC_REPRESENTATION_CONTEXT(2) 
PARAMETRIC_REPRESENTATION_CONTEXT() REPRESENTATION_CONTEXT('2D SPACE',''
  ) );
#7097 = ADVANCED_FACE('',(#7098),#3281,.T.);
#7098 = FACE_BOUND('',#7099,.T.);
#7099 = EDGE_LOOP('',(#7100,#7123,#7124,#7125));
#7100 = ORIENTED_EDGE('',*,*,#7101,.F.);
#7101 = EDGE_CURVE('',#7053,#7102,#7104,.T.);
#7102 = VERTEX_POINT('',#7103);
#7103 = CARTESIAN_POINT('',(43.15,26.241303078758,1.2));
#7104 = SURFACE_CURVE('',#7105,(#7109,#7116),.PCURVE_S1.);
#7105 = LINE('',#7106,#7107);
#7106 = CARTESIAN_POINT('',(43.15,23.758696921242,1.2));
#7107 = VECTOR('',#7108,1.);
#7108 = DIRECTION('',(3.577604997923E-16,1.,0.));
#7109 = PCURVE('',#3281,#7110);
#7110 = DEFINITIONAL_REPRESENTATION('',(#7111),#7115);
#7111 = LINE('',#7112,#7113);
#7112 = CARTESIAN_POINT('',(0.,0.));
#7113 = VECTOR('',#7114,1.);
#7114 = DIRECTION('',(1.,0.));
#7115 = ( GEOMETRIC_REPRESENTATION_CONTEXT(2) 
PARAMETRIC_REPRESENTATION_CONTEXT() REPRESENTATION_CONTEXT('2D SPACE',''
  ) );
#7116 = PCURVE('',#5268,#7117);
#7117 = DEFINITIONAL_REPRESENTATION('',(#7118),#7122);
#7118 = LINE('',#7119,#7120);
#7119 = CARTESIAN_POINT('',(2.15,-1.241303078758));
#7120 = VECTOR('',#7121,1.);
#7121 = DIRECTION('',(3.577604997923E-16,1.));
#7122 = ( GEOMETRIC_REPRESENTATION_CONTEXT(2) 
PARAMETRIC_REPRESENTATION_CONTEXT() REPRESENTATION_CONTEXT('2D SPACE',''
  ) );
#7123 = ORIENTED_EDGE('',*,*,#7077,.T.);
#7124 = ORIENTED_EDGE('',*,*,#3265,.F.);
#7125 = ORIENTED_EDGE('',*,*,#7126,.F.);
#7126 = EDGE_CURVE('',#7102,#3238,#7127,.T.);
#7127 = SURFACE_CURVE('',#7128,(#7132,#7139),.PCURVE_S1.);
#7128 = LINE('',#7129,#7130);
#7129 = CARTESIAN_POINT('',(43.15,26.241303078758,1.2));
#7130 = VECTOR('',#7131,1.);
#7131 = DIRECTION('',(0.,0.,1.));
#7132 = PCURVE('',#3281,#7133);
#7133 = DEFINITIONAL_REPRESENTATION('',(#7134),#7138);
#7134 = LINE('',#7135,#7136);
#7135 = CARTESIAN_POINT('',(2.482606157515,0.));
#7136 = VECTOR('',#7137,1.);
#7137 = DIRECTION('',(0.,-1.));
#7138 = ( GEOMETRIC_REPRESENTATION_CONTEXT(2) 
PARAMETRIC_REPRESENTATION_CONTEXT() REPRESENTATION_CONTEXT('2D SPACE',''
  ) );
#7139 = PCURVE('',#3253,#7140);
#7140 = DEFINITIONAL_REPRESENTATION('',(#7141),#7145);
#7141 = LINE('',#7142,#7143);
#7142 = CARTESIAN_POINT('',(0.,0.));
#7143 = VECTOR('',#7144,1.);
#7144 = DIRECTION('',(0.,-1.));
#7145 = ( GEOMETRIC_REPRESENTATION_CONTEXT(2) 
PARAMETRIC_REPRESENTATION_CONTEXT() REPRESENTATION_CONTEXT('2D SPACE',''
  ) );
#7146 = ADVANCED_FACE('',(#7147),#3253,.T.);
#7147 = FACE_BOUND('',#7148,.T.);
#7148 = EDGE_LOOP('',(#7149,#7170,#7171,#7172));
#7149 = ORIENTED_EDGE('',*,*,#7150,.F.);
#7150 = EDGE_CURVE('',#7102,#6884,#7151,.T.);
#7151 = SURFACE_CURVE('',#7152,(#7156,#7163),.PCURVE_S1.);
#7152 = LINE('',#7153,#7154);
#7153 = CARTESIAN_POINT('',(43.15,26.241303078758,1.2));
#7154 = VECTOR('',#7155,1.);
#7155 = DIRECTION('',(-0.866025403784,0.5,0.));
#7156 = PCURVE('',#3253,#7157);
#7157 = DEFINITIONAL_REPRESENTATION('',(#7158),#7162);
#7158 = LINE('',#7159,#7160);
#7159 = CARTESIAN_POINT('',(0.,0.));
#7160 = VECTOR('',#7161,1.);
#7161 = DIRECTION('',(1.,0.));
#7162 = ( GEOMETRIC_REPRESENTATION_CONTEXT(2) 
PARAMETRIC_REPRESENTATION_CONTEXT() REPRESENTATION_CONTEXT('2D SPACE',''
  ) );
#7163 = PCURVE('',#5268,#7164);
#7164 = DEFINITIONAL_REPRESENTATION('',(#7165),#7169);
#7165 = LINE('',#7166,#7167);
#7166 = CARTESIAN_POINT('',(2.15,1.241303078758));
#7167 = VECTOR('',#7168,1.);
#7168 = DIRECTION('',(-0.866025403784,0.5));
#7169 = ( GEOMETRIC_REPRESENTATION_CONTEXT(2) 
PARAMETRIC_REPRESENTATION_CONTEXT() REPRESENTATION_CONTEXT('2D SPACE',''
  ) );
#7170 = ORIENTED_EDGE('',*,*,#7126,.T.);
#7171 = ORIENTED_EDGE('',*,*,#3237,.F.);
#7172 = ORIENTED_EDGE('',*,*,#6908,.F.);
#7173 = ADVANCED_FACE('',(#7174,#7180),#3532,.T.);
#7174 = FACE_BOUND('',#7175,.T.);
#7175 = EDGE_LOOP('',(#7176,#7177,#7178,#7179));
#7176 = ORIENTED_EDGE('',*,*,#3516,.F.);
#7177 = ORIENTED_EDGE('',*,*,#3668,.T.);
#7178 = ORIENTED_EDGE('',*,*,#3641,.T.);
#7179 = ORIENTED_EDGE('',*,*,#3592,.F.);
#7180 = FACE_BOUND('',#7181,.T.);
#7181 = EDGE_LOOP('',(#7182,#7213,#7241,#7270));
#7182 = ORIENTED_EDGE('',*,*,#7183,.F.);
#7183 = EDGE_CURVE('',#7184,#7186,#7188,.T.);
#7184 = VERTEX_POINT('',#7185);
#7185 = CARTESIAN_POINT('',(-41.2,-33.,1.805));
#7186 = VERTEX_POINT('',#7187);
#7187 = CARTESIAN_POINT('',(-38.8,-33.,1.805));
#7188 = SURFACE_CURVE('',#7189,(#7194,#7201),.PCURVE_S1.);
#7189 = CIRCLE('',#7190,1.2);
#7190 = AXIS2_PLACEMENT_3D('',#7191,#7192,#7193);
#7191 = CARTESIAN_POINT('',(-40.,-33.,1.805));
#7192 = DIRECTION('',(0.,1.110223024625E-16,-1.));
#7193 = DIRECTION('',(0.,1.,1.110223024625E-16));
#7194 = PCURVE('',#3532,#7195);
#7195 = DEFINITIONAL_REPRESENTATION('',(#7196),#7200);
#7196 = CIRCLE('',#7197,1.2);
#7197 = AXIS2_PLACEMENT_2D('',#7198,#7199);
#7198 = CARTESIAN_POINT('',(6.4,2.15));
#7199 = DIRECTION('',(1.,0.));
#7200 = ( GEOMETRIC_REPRESENTATION_CONTEXT(2) 
PARAMETRIC_REPRESENTATION_CONTEXT() REPRESENTATION_CONTEXT('2D SPACE',''
  ) );
#7201 = PCURVE('',#7202,#7207);
#7202 = CYLINDRICAL_SURFACE('',#7203,1.2);
#7203 = AXIS2_PLACEMENT_3D('',#7204,#7205,#7206);
#7204 = CARTESIAN_POINT('',(-40.,-33.,29.9));
#7205 = DIRECTION('',(0.,1.110223024625E-16,-1.));
#7206 = DIRECTION('',(0.,1.,1.110223024625E-16));
#7207 = DEFINITIONAL_REPRESENTATION('',(#7208),#7212);
#7208 = LINE('',#7209,#7210);
#7209 = CARTESIAN_POINT('',(0.,28.095));
#7210 = VECTOR('',#7211,1.);
#7211 = DIRECTION('',(1.,0.));
#7212 = ( GEOMETRIC_REPRESENTATION_CONTEXT(2) 
PARAMETRIC_REPRESENTATION_CONTEXT() REPRESENTATION_CONTEXT('2D SPACE',''
  ) );
#7213 = ORIENTED_EDGE('',*,*,#7214,.F.);
#7214 = EDGE_CURVE('',#7215,#7184,#7217,.T.);
#7215 = VERTEX_POINT('',#7216);
#7216 = CARTESIAN_POINT('',(-41.2,-37.,1.805));
#7217 = SURFACE_CURVE('',#7218,(#7222,#7229),.PCURVE_S1.);
#7218 = LINE('',#7219,#7220);
#7219 = CARTESIAN_POINT('',(-41.2,-38.2,1.805));
#7220 = VECTOR('',#7221,1.);
#7221 = DIRECTION('',(0.,1.,1.110223024625E-16));
#7222 = PCURVE('',#3532,#7223);
#7223 = DEFINITIONAL_REPRESENTATION('',(#7224),#7228);
#7224 = LINE('',#7225,#7226);
#7225 = CARTESIAN_POINT('',(1.2,0.95));
#7226 = VECTOR('',#7227,1.);
#7227 = DIRECTION('',(1.,0.));
#7228 = ( GEOMETRIC_REPRESENTATION_CONTEXT(2) 
PARAMETRIC_REPRESENTATION_CONTEXT() REPRESENTATION_CONTEXT('2D SPACE',''
  ) );
#7229 = PCURVE('',#7230,#7235);
#7230 = PLANE('',#7231);
#7231 = AXIS2_PLACEMENT_3D('',#7232,#7233,#7234);
#7232 = CARTESIAN_POINT('',(-41.2,-37.,29.9));
#7233 = DIRECTION('',(1.,0.,0.));
#7234 = DIRECTION('',(0.,1.,1.110223024625E-16));
#7235 = DEFINITIONAL_REPRESENTATION('',(#7236),#7240);
#7236 = LINE('',#7237,#7238);
#7237 = CARTESIAN_POINT('',(-1.2,-28.095));
#7238 = VECTOR('',#7239,1.);
#7239 = DIRECTION('',(1.,0.));
#7240 = ( GEOMETRIC_REPRESENTATION_CONTEXT(2) 
PARAMETRIC_REPRESENTATION_CONTEXT() REPRESENTATION_CONTEXT('2D SPACE',''
  ) );
#7241 = ORIENTED_EDGE('',*,*,#7242,.F.);
#7242 = EDGE_CURVE('',#7243,#7215,#7245,.T.);
#7243 = VERTEX_POINT('',#7244);
#7244 = CARTESIAN_POINT('',(-38.8,-37.,1.805));
#7245 = SURFACE_CURVE('',#7246,(#7251,#7258),.PCURVE_S1.);
#7246 = CIRCLE('',#7247,1.2);
#7247 = AXIS2_PLACEMENT_3D('',#7248,#7249,#7250);
#7248 = CARTESIAN_POINT('',(-40.,-37.,1.805));
#7249 = DIRECTION('',(0.,1.110223024625E-16,-1.));
#7250 = DIRECTION('',(0.,1.,1.110223024625E-16));
#7251 = PCURVE('',#3532,#7252);
#7252 = DEFINITIONAL_REPRESENTATION('',(#7253),#7257);
#7253 = CIRCLE('',#7254,1.2);
#7254 = AXIS2_PLACEMENT_2D('',#7255,#7256);
#7255 = CARTESIAN_POINT('',(2.4,2.15));
#7256 = DIRECTION('',(1.,0.));
#7257 = ( GEOMETRIC_REPRESENTATION_CONTEXT(2) 
PARAMETRIC_REPRESENTATION_CONTEXT() REPRESENTATION_CONTEXT('2D SPACE',''
  ) );
#7258 = PCURVE('',#7259,#7264);
#7259 = CYLINDRICAL_SURFACE('',#7260,1.2);
#7260 = AXIS2_PLACEMENT_3D('',#7261,#7262,#7263);
#7261 = CARTESIAN_POINT('',(-40.,-37.,29.9));
#7262 = DIRECTION('',(0.,1.110223024625E-16,-1.));
#7263 = DIRECTION('',(0.,1.,1.110223024625E-16));
#7264 = DEFINITIONAL_REPRESENTATION('',(#7265),#7269);
#7265 = LINE('',#7266,#7267);
#7266 = CARTESIAN_POINT('',(0.,28.095));
#7267 = VECTOR('',#7268,1.);
#7268 = DIRECTION('',(1.,0.));
#7269 = ( GEOMETRIC_REPRESENTATION_CONTEXT(2) 
PARAMETRIC_REPRESENTATION_CONTEXT() REPRESENTATION_CONTEXT('2D SPACE',''
  ) );
#7270 = ORIENTED_EDGE('',*,*,#7271,.T.);
#7271 = EDGE_CURVE('',#7243,#7186,#7272,.T.);
#7272 = SURFACE_CURVE('',#7273,(#7277,#7284),.PCURVE_S1.);
#7273 = LINE('',#7274,#7275);
#7274 = CARTESIAN_POINT('',(-38.8,-38.2,1.805));
#7275 = VECTOR('',#7276,1.);
#7276 = DIRECTION('',(0.,1.,1.110223024625E-16));
#7277 = PCURVE('',#3532,#7278);
#7278 = DEFINITIONAL_REPRESENTATION('',(#7279),#7283);
#7279 = LINE('',#7280,#7281);
#7280 = CARTESIAN_POINT('',(1.2,3.35));
#7281 = VECTOR('',#7282,1.);
#7282 = DIRECTION('',(1.,0.));
#7283 = ( GEOMETRIC_REPRESENTATION_CONTEXT(2) 
PARAMETRIC_REPRESENTATION_CONTEXT() REPRESENTATION_CONTEXT('2D SPACE',''
  ) );
#7284 = PCURVE('',#7285,#7290);
#7285 = PLANE('',#7286);
#7286 = AXIS2_PLACEMENT_3D('',#7287,#7288,#7289);
#7287 = CARTESIAN_POINT('',(-38.8,-37.,29.9));
#7288 = DIRECTION('',(1.,0.,0.));
#7289 = DIRECTION('',(0.,1.,1.110223024625E-16));
#7290 = DEFINITIONAL_REPRESENTATION('',(#7291),#7295);
#7291 = LINE('',#7292,#7293);
#7292 = CARTESIAN_POINT('',(-1.2,-28.095));
#7293 = VECTOR('',#7294,1.);
#7294 = DIRECTION('',(1.,0.));
#7295 = ( GEOMETRIC_REPRESENTATION_CONTEXT(2) 
PARAMETRIC_REPRESENTATION_CONTEXT() REPRESENTATION_CONTEXT('2D SPACE',''
  ) );
#7296 = ADVANCED_FACE('',(#7297,#7305),#3733,.T.);
#7297 = FACE_BOUND('',#7298,.T.);
#7298 = EDGE_LOOP('',(#7299,#7300,#7301,#7302,#7303,#7304));
#7299 = ORIENTED_EDGE('',*,*,#5756,.T.);
#7300 = ORIENTED_EDGE('',*,*,#5489,.T.);
#7301 = ORIENTED_EDGE('',*,*,#5560,.T.);
#7302 = ORIENTED_EDGE('',*,*,#5609,.T.);
#7303 = ORIENTED_EDGE('',*,*,#5658,.T.);
#7304 = ORIENTED_EDGE('',*,*,#5707,.T.);
#7305 = FACE_BOUND('',#7306,.T.);
#7306 = EDGE_LOOP('',(#7307));
#7307 = ORIENTED_EDGE('',*,*,#3718,.T.);
#7308 = ADVANCED_FACE('',(#7309,#7312),#3792,.F.);
#7309 = FACE_BOUND('',#7310,.F.);
#7310 = EDGE_LOOP('',(#7311));
#7311 = ORIENTED_EDGE('',*,*,#5807,.T.);
#7312 = FACE_BOUND('',#7313,.F.);
#7313 = EDGE_LOOP('',(#7314));
#7314 = ORIENTED_EDGE('',*,*,#3777,.F.);
#7315 = ADVANCED_FACE('',(#7316,#7319),#3847,.F.);
#7316 = FACE_BOUND('',#7317,.F.);
#7317 = EDGE_LOOP('',(#7318));
#7318 = ORIENTED_EDGE('',*,*,#5857,.T.);
#7319 = FACE_BOUND('',#7320,.F.);
#7320 = EDGE_LOOP('',(#7321));
#7321 = ORIENTED_EDGE('',*,*,#3832,.F.);
#7322 = ADVANCED_FACE('',(#7323,#7329),#3902,.T.);
#7323 = FACE_BOUND('',#7324,.T.);
#7324 = EDGE_LOOP('',(#7325,#7326,#7327,#7328));
#7325 = ORIENTED_EDGE('',*,*,#3886,.F.);
#7326 = ORIENTED_EDGE('',*,*,#4038,.T.);
#7327 = ORIENTED_EDGE('',*,*,#4011,.T.);
#7328 = ORIENTED_EDGE('',*,*,#3962,.F.);
#7329 = FACE_BOUND('',#7330,.T.);
#7330 = EDGE_LOOP('',(#7331,#7362,#7390,#7419));
#7331 = ORIENTED_EDGE('',*,*,#7332,.F.);
#7332 = EDGE_CURVE('',#7333,#7335,#7337,.T.);
#7333 = VERTEX_POINT('',#7334);
#7334 = CARTESIAN_POINT('',(38.8,-33.,1.805));
#7335 = VERTEX_POINT('',#7336);
#7336 = CARTESIAN_POINT('',(41.2,-33.,1.805));
#7337 = SURFACE_CURVE('',#7338,(#7343,#7350),.PCURVE_S1.);
#7338 = CIRCLE('',#7339,1.2);
#7339 = AXIS2_PLACEMENT_3D('',#7340,#7341,#7342);
#7340 = CARTESIAN_POINT('',(40.,-33.,1.805));
#7341 = DIRECTION('',(0.,1.110223024625E-16,-1.));
#7342 = DIRECTION('',(0.,1.,1.110223024625E-16));
#7343 = PCURVE('',#3902,#7344);
#7344 = DEFINITIONAL_REPRESENTATION('',(#7345),#7349);
#7345 = CIRCLE('',#7346,1.2);
#7346 = AXIS2_PLACEMENT_2D('',#7347,#7348);
#7347 = CARTESIAN_POINT('',(6.4,2.15));
#7348 = DIRECTION('',(1.,0.));
#7349 = ( GEOMETRIC_REPRESENTATION_CONTEXT(2) 
PARAMETRIC_REPRESENTATION_CONTEXT() REPRESENTATION_CONTEXT('2D SPACE',''
  ) );
#7350 = PCURVE('',#7351,#7356);
#7351 = CYLINDRICAL_SURFACE('',#7352,1.2);
#7352 = AXIS2_PLACEMENT_3D('',#7353,#7354,#7355);
#7353 = CARTESIAN_POINT('',(40.,-33.,29.9));
#7354 = DIRECTION('',(0.,1.110223024625E-16,-1.));
#7355 = DIRECTION('',(0.,1.,1.110223024625E-16));
#7356 = DEFINITIONAL_REPRESENTATION('',(#7357),#7361);
#7357 = LINE('',#7358,#7359);
#7358 = CARTESIAN_POINT('',(0.,28.095));
#7359 = VECTOR('',#7360,1.);
#7360 = DIRECTION('',(1.,0.));
#7361 = ( GEOMETRIC_REPRESENTATION_CONTEXT(2) 
PARAMETRIC_REPRESENTATION_CONTEXT() REPRESENTATION_CONTEXT('2D SPACE',''
  ) );
#7362 = ORIENTED_EDGE('',*,*,#7363,.F.);
#7363 = EDGE_CURVE('',#7364,#7333,#7366,.T.);
#7364 = VERTEX_POINT('',#7365);
#7365 = CARTESIAN_POINT('',(38.8,-37.,1.805));
#7366 = SURFACE_CURVE('',#7367,(#7371,#7378),.PCURVE_S1.);
#7367 = LINE('',#7368,#7369);
#7368 = CARTESIAN_POINT('',(38.8,-38.2,1.805));
#7369 = VECTOR('',#7370,1.);
#7370 = DIRECTION('',(0.,1.,1.110223024625E-16));
#7371 = PCURVE('',#3902,#7372);
#7372 = DEFINITIONAL_REPRESENTATION('',(#7373),#7377);
#7373 = LINE('',#7374,#7375);
#7374 = CARTESIAN_POINT('',(1.2,0.95));
#7375 = VECTOR('',#7376,1.);
#7376 = DIRECTION('',(1.,0.));
#7377 = ( GEOMETRIC_REPRESENTATION_CONTEXT(2) 
PARAMETRIC_REPRESENTATION_CONTEXT() REPRESENTATION_CONTEXT('2D SPACE',''
  ) );
#7378 = PCURVE('',#7379,#7384);
#7379 = PLANE('',#7380);
#7380 = AXIS2_PLACEMENT_3D('',#7381,#7382,#7383);
#7381 = CARTESIAN_POINT('',(38.8,-37.,29.9));
#7382 = DIRECTION('',(1.,0.,0.));
#7383 = DIRECTION('',(0.,1.,1.110223024625E-16));
#7384 = DEFINITIONAL_REPRESENTATION('',(#7385),#7389);
#7385 = LINE('',#7386,#7387);
#7386 = CARTESIAN_POINT('',(-1.2,-28.095));
#7387 = VECTOR('',#7388,1.);
#7388 = DIRECTION('',(1.,0.));
#7389 = ( GEOMETRIC_REPRESENTATION_CONTEXT(2) 
PARAMETRIC_REPRESENTATION_CONTEXT() REPRESENTATION_CONTEXT('2D SPACE',''
  ) );
#7390 = ORIENTED_EDGE('',*,*,#7391,.F.);
#7391 = EDGE_CURVE('',#7392,#7364,#7394,.T.);
#7392 = VERTEX_POINT('',#7393);
#7393 = CARTESIAN_POINT('',(41.2,-37.,1.805));
#7394 = SURFACE_CURVE('',#7395,(#7400,#7407),.PCURVE_S1.);
#7395 = CIRCLE('',#7396,1.2);
#7396 = AXIS2_PLACEMENT_3D('',#7397,#7398,#7399);
#7397 = CARTESIAN_POINT('',(40.,-37.,1.805));
#7398 = DIRECTION('',(0.,1.110223024625E-16,-1.));
#7399 = DIRECTION('',(0.,1.,1.110223024625E-16));
#7400 = PCURVE('',#3902,#7401);
#7401 = DEFINITIONAL_REPRESENTATION('',(#7402),#7406);
#7402 = CIRCLE('',#7403,1.2);
#7403 = AXIS2_PLACEMENT_2D('',#7404,#7405);
#7404 = CARTESIAN_POINT('',(2.4,2.15));
#7405 = DIRECTION('',(1.,0.));
#7406 = ( GEOMETRIC_REPRESENTATION_CONTEXT(2) 
PARAMETRIC_REPRESENTATION_CONTEXT() REPRESENTATION_CONTEXT('2D SPACE',''
  ) );
#7407 = PCURVE('',#7408,#7413);
#7408 = CYLINDRICAL_SURFACE('',#7409,1.2);
#7409 = AXIS2_PLACEMENT_3D('',#7410,#7411,#7412);
#7410 = CARTESIAN_POINT('',(40.,-37.,29.9));
#7411 = DIRECTION('',(0.,1.110223024625E-16,-1.));
#7412 = DIRECTION('',(0.,1.,1.110223024625E-16));
#7413 = DEFINITIONAL_REPRESENTATION('',(#7414),#7418);
#7414 = LINE('',#7415,#7416);
#7415 = CARTESIAN_POINT('',(0.,28.095));
#7416 = VECTOR('',#7417,1.);
#7417 = DIRECTION('',(1.,0.));
#7418 = ( GEOMETRIC_REPRESENTATION_CONTEXT(2) 
PARAMETRIC_REPRESENTATION_CONTEXT() REPRESENTATION_CONTEXT('2D SPACE',''
  ) );
#7419 = ORIENTED_EDGE('',*,*,#7420,.T.);
#7420 = EDGE_CURVE('',#7392,#7335,#7421,.T.);
#7421 = SURFACE_CURVE('',#7422,(#7426,#7433),.PCURVE_S1.);
#7422 = LINE('',#7423,#7424);
#7423 = CARTESIAN_POINT('',(41.2,-38.2,1.805));
#7424 = VECTOR('',#7425,1.);
#7425 = DIRECTION('',(0.,1.,1.110223024625E-16));
#7426 = PCURVE('',#3902,#7427);
#7427 = DEFINITIONAL_REPRESENTATION('',(#7428),#7432);
#7428 = LINE('',#7429,#7430);
#7429 = CARTESIAN_POINT('',(1.2,3.35));
#7430 = VECTOR('',#7431,1.);
#7431 = DIRECTION('',(1.,0.));
#7432 = ( GEOMETRIC_REPRESENTATION_CONTEXT(2) 
PARAMETRIC_REPRESENTATION_CONTEXT() REPRESENTATION_CONTEXT('2D SPACE',''
  ) );
#7433 = PCURVE('',#7434,#7439);
#7434 = PLANE('',#7435);
#7435 = AXIS2_PLACEMENT_3D('',#7436,#7437,#7438);
#7436 = CARTESIAN_POINT('',(41.2,-37.,29.9));
#7437 = DIRECTION('',(1.,0.,0.));
#7438 = DIRECTION('',(0.,1.,1.110223024625E-16));
#7439 = DEFINITIONAL_REPRESENTATION('',(#7440),#7444);
#7440 = LINE('',#7441,#7442);
#7441 = CARTESIAN_POINT('',(-1.2,-28.095));
#7442 = VECTOR('',#7443,1.);
#7443 = DIRECTION('',(1.,0.));
#7444 = ( GEOMETRIC_REPRESENTATION_CONTEXT(2) 
PARAMETRIC_REPRESENTATION_CONTEXT() REPRESENTATION_CONTEXT('2D SPACE',''
  ) );
#7445 = ADVANCED_FACE('',(#7446,#7454),#4103,.T.);
#7446 = FACE_BOUND('',#7447,.T.);
#7447 = EDGE_LOOP('',(#7448,#7449,#7450,#7451,#7452,#7453));
#7448 = ORIENTED_EDGE('',*,*,#6150,.T.);
#7449 = ORIENTED_EDGE('',*,*,#5883,.T.);
#7450 = ORIENTED_EDGE('',*,*,#5954,.T.);
#7451 = ORIENTED_EDGE('',*,*,#6003,.T.);
#7452 = ORIENTED_EDGE('',*,*,#6052,.T.);
#7453 = ORIENTED_EDGE('',*,*,#6101,.T.);
#7454 = FACE_BOUND('',#7455,.T.);
#7455 = EDGE_LOOP('',(#7456));
#7456 = ORIENTED_EDGE('',*,*,#4088,.T.);
#7457 = ADVANCED_FACE('',(#7458,#7466),#4162,.T.);
#7458 = FACE_BOUND('',#7459,.T.);
#7459 = EDGE_LOOP('',(#7460,#7461,#7462,#7463,#7464,#7465));
#7460 = ORIENTED_EDGE('',*,*,#6444,.T.);
#7461 = ORIENTED_EDGE('',*,*,#6177,.T.);
#7462 = ORIENTED_EDGE('',*,*,#6248,.T.);
#7463 = ORIENTED_EDGE('',*,*,#6297,.T.);
#7464 = ORIENTED_EDGE('',*,*,#6346,.T.);
#7465 = ORIENTED_EDGE('',*,*,#6395,.T.);
#7466 = FACE_BOUND('',#7467,.T.);
#7467 = EDGE_LOOP('',(#7468));
#7468 = ORIENTED_EDGE('',*,*,#4147,.T.);
#7469 = ADVANCED_FACE('',(#7470,#7476),#4221,.T.);
#7470 = FACE_BOUND('',#7471,.T.);
#7471 = EDGE_LOOP('',(#7472,#7473,#7474,#7475));
#7472 = ORIENTED_EDGE('',*,*,#4205,.F.);
#7473 = ORIENTED_EDGE('',*,*,#4357,.T.);
#7474 = ORIENTED_EDGE('',*,*,#4330,.T.);
#7475 = ORIENTED_EDGE('',*,*,#4281,.F.);
#7476 = FACE_BOUND('',#7477,.T.);
#7477 = EDGE_LOOP('',(#7478,#7509,#7537,#7566));
#7478 = ORIENTED_EDGE('',*,*,#7479,.F.);
#7479 = EDGE_CURVE('',#7480,#7482,#7484,.T.);
#7480 = VERTEX_POINT('',#7481);
#7481 = CARTESIAN_POINT('',(-41.2,37.,1.805));
#7482 = VERTEX_POINT('',#7483);
#7483 = CARTESIAN_POINT('',(-38.8,37.,1.805));
#7484 = SURFACE_CURVE('',#7485,(#7490,#7497),.PCURVE_S1.);
#7485 = CIRCLE('',#7486,1.2);
#7486 = AXIS2_PLACEMENT_3D('',#7487,#7488,#7489);
#7487 = CARTESIAN_POINT('',(-40.,37.,1.805));
#7488 = DIRECTION('',(0.,1.110223024625E-16,-1.));
#7489 = DIRECTION('',(0.,1.,1.110223024625E-16));
#7490 = PCURVE('',#4221,#7491);
#7491 = DEFINITIONAL_REPRESENTATION('',(#7492),#7496);
#7492 = CIRCLE('',#7493,1.2);
#7493 = AXIS2_PLACEMENT_2D('',#7494,#7495);
#7494 = CARTESIAN_POINT('',(6.4,2.15));
#7495 = DIRECTION('',(1.,0.));
#7496 = ( GEOMETRIC_REPRESENTATION_CONTEXT(2) 
PARAMETRIC_REPRESENTATION_CONTEXT() REPRESENTATION_CONTEXT('2D SPACE',''
  ) );
#7497 = PCURVE('',#7498,#7503);
#7498 = CYLINDRICAL_SURFACE('',#7499,1.2);
#7499 = AXIS2_PLACEMENT_3D('',#7500,#7501,#7502);
#7500 = CARTESIAN_POINT('',(-40.,37.,29.9));
#7501 = DIRECTION('',(0.,1.110223024625E-16,-1.));
#7502 = DIRECTION('',(0.,1.,1.110223024625E-16));
#7503 = DEFINITIONAL_REPRESENTATION('',(#7504),#7508);
#7504 = LINE('',#7505,#7506);
#7505 = CARTESIAN_POINT('',(0.,28.095));
#7506 = VECTOR('',#7507,1.);
#7507 = DIRECTION('',(1.,0.));
#7508 = ( GEOMETRIC_REPRESENTATION_CONTEXT(2) 
PARAMETRIC_REPRESENTATION_CONTEXT() REPRESENTATION_CONTEXT('2D SPACE',''
  ) );
#7509 = ORIENTED_EDGE('',*,*,#7510,.F.);
#7510 = EDGE_CURVE('',#7511,#7480,#7513,.T.);
#7511 = VERTEX_POINT('',#7512);
#7512 = CARTESIAN_POINT('',(-41.2,33.,1.805));
#7513 = SURFACE_CURVE('',#7514,(#7518,#7525),.PCURVE_S1.);
#7514 = LINE('',#7515,#7516);
#7515 = CARTESIAN_POINT('',(-41.2,31.8,1.805));
#7516 = VECTOR('',#7517,1.);
#7517 = DIRECTION('',(0.,1.,1.110223024625E-16));
#7518 = PCURVE('',#4221,#7519);
#7519 = DEFINITIONAL_REPRESENTATION('',(#7520),#7524);
#7520 = LINE('',#7521,#7522);
#7521 = CARTESIAN_POINT('',(1.2,0.95));
#7522 = VECTOR('',#7523,1.);
#7523 = DIRECTION('',(1.,0.));
#7524 = ( GEOMETRIC_REPRESENTATION_CONTEXT(2) 
PARAMETRIC_REPRESENTATION_CONTEXT() REPRESENTATION_CONTEXT('2D SPACE',''
  ) );
#7525 = PCURVE('',#7526,#7531);
#7526 = PLANE('',#7527);
#7527 = AXIS2_PLACEMENT_3D('',#7528,#7529,#7530);
#7528 = CARTESIAN_POINT('',(-41.2,33.,29.9));
#7529 = DIRECTION('',(1.,0.,0.));
#7530 = DIRECTION('',(0.,1.,1.110223024625E-16));
#7531 = DEFINITIONAL_REPRESENTATION('',(#7532),#7536);
#7532 = LINE('',#7533,#7534);
#7533 = CARTESIAN_POINT('',(-1.2,-28.095));
#7534 = VECTOR('',#7535,1.);
#7535 = DIRECTION('',(1.,0.));
#7536 = ( GEOMETRIC_REPRESENTATION_CONTEXT(2) 
PARAMETRIC_REPRESENTATION_CONTEXT() REPRESENTATION_CONTEXT('2D SPACE',''
  ) );
#7537 = ORIENTED_EDGE('',*,*,#7538,.F.);
#7538 = EDGE_CURVE('',#7539,#7511,#7541,.T.);
#7539 = VERTEX_POINT('',#7540);
#7540 = CARTESIAN_POINT('',(-38.8,33.,1.805));
#7541 = SURFACE_CURVE('',#7542,(#7547,#7554),.PCURVE_S1.);
#7542 = CIRCLE('',#7543,1.2);
#7543 = AXIS2_PLACEMENT_3D('',#7544,#7545,#7546);
#7544 = CARTESIAN_POINT('',(-40.,33.,1.805));
#7545 = DIRECTION('',(0.,1.110223024625E-16,-1.));
#7546 = DIRECTION('',(0.,1.,1.110223024625E-16));
#7547 = PCURVE('',#4221,#7548);
#7548 = DEFINITIONAL_REPRESENTATION('',(#7549),#7553);
#7549 = CIRCLE('',#7550,1.2);
#7550 = AXIS2_PLACEMENT_2D('',#7551,#7552);
#7551 = CARTESIAN_POINT('',(2.4,2.15));
#7552 = DIRECTION('',(1.,0.));
#7553 = ( GEOMETRIC_REPRESENTATION_CONTEXT(2) 
PARAMETRIC_REPRESENTATION_CONTEXT() REPRESENTATION_CONTEXT('2D SPACE',''
  ) );
#7554 = PCURVE('',#7555,#7560);
#7555 = CYLINDRICAL_SURFACE('',#7556,1.2);
#7556 = AXIS2_PLACEMENT_3D('',#7557,#7558,#7559);
#7557 = CARTESIAN_POINT('',(-40.,33.,29.9));
#7558 = DIRECTION('',(0.,1.110223024625E-16,-1.));
#7559 = DIRECTION('',(0.,1.,1.110223024625E-16));
#7560 = DEFINITIONAL_REPRESENTATION('',(#7561),#7565);
#7561 = LINE('',#7562,#7563);
#7562 = CARTESIAN_POINT('',(0.,28.095));
#7563 = VECTOR('',#7564,1.);
#7564 = DIRECTION('',(1.,0.));
#7565 = ( GEOMETRIC_REPRESENTATION_CONTEXT(2) 
PARAMETRIC_REPRESENTATION_CONTEXT() REPRESENTATION_CONTEXT('2D SPACE',''
  ) );
#7566 = ORIENTED_EDGE('',*,*,#7567,.T.);
#7567 = EDGE_CURVE('',#7539,#7482,#7568,.T.);
#7568 = SURFACE_CURVE('',#7569,(#7573,#7580),.PCURVE_S1.);
#7569 = LINE('',#7570,#7571);
#7570 = CARTESIAN_POINT('',(-38.8,31.8,1.805));
#7571 = VECTOR('',#7572,1.);
#7572 = DIRECTION('',(0.,1.,1.110223024625E-16));
#7573 = PCURVE('',#4221,#7574);
#7574 = DEFINITIONAL_REPRESENTATION('',(#7575),#7579);
#7575 = LINE('',#7576,#7577);
#7576 = CARTESIAN_POINT('',(1.2,3.35));
#7577 = VECTOR('',#7578,1.);
#7578 = DIRECTION('',(1.,0.));
#7579 = ( GEOMETRIC_REPRESENTATION_CONTEXT(2) 
PARAMETRIC_REPRESENTATION_CONTEXT() REPRESENTATION_CONTEXT('2D SPACE',''
  ) );
#7580 = PCURVE('',#7581,#7586);
#7581 = PLANE('',#7582);
#7582 = AXIS2_PLACEMENT_3D('',#7583,#7584,#7585);
#7583 = CARTESIAN_POINT('',(-38.8,33.,29.9));
#7584 = DIRECTION('',(1.,0.,0.));
#7585 = DIRECTION('',(0.,1.,1.110223024625E-16));
#7586 = DEFINITIONAL_REPRESENTATION('',(#7587),#7591);
#7587 = LINE('',#7588,#7589);
#7588 = CARTESIAN_POINT('',(-1.2,-28.095));
#7589 = VECTOR('',#7590,1.);
#7590 = DIRECTION('',(1.,0.));
#7591 = ( GEOMETRIC_REPRESENTATION_CONTEXT(2) 
PARAMETRIC_REPRESENTATION_CONTEXT() REPRESENTATION_CONTEXT('2D SPACE',''
  ) );
#7592 = ADVANCED_FACE('',(#7593,#7596),#4422,.F.);
#7593 = FACE_BOUND('',#7594,.F.);
#7594 = EDGE_LOOP('',(#7595));
#7595 = ORIENTED_EDGE('',*,*,#6495,.T.);
#7596 = FACE_BOUND('',#7597,.F.);
#7597 = EDGE_LOOP('',(#7598));
#7598 = ORIENTED_EDGE('',*,*,#4407,.F.);
#7599 = ADVANCED_FACE('',(#7600),#4477,.T.);
#7600 = FACE_BOUND('',#7601,.T.);
#7601 = EDGE_LOOP('',(#7602,#7603,#7604));
#7602 = ORIENTED_EDGE('',*,*,#4563,.T.);
#7603 = ORIENTED_EDGE('',*,*,#6545,.T.);
#7604 = ORIENTED_EDGE('',*,*,#4461,.F.);
#7605 = ADVANCED_FACE('',(#7606),#4550,.T.);
#7606 = FACE_BOUND('',#7607,.T.);
#7607 = EDGE_LOOP('',(#7608,#7609,#7610));
#7608 = ORIENTED_EDGE('',*,*,#4639,.T.);
#7609 = ORIENTED_EDGE('',*,*,#6623,.T.);
#7610 = ORIENTED_EDGE('',*,*,#4536,.T.);
#7611 = ADVANCED_FACE('',(#7612),#5025,.T.);
#7612 = FACE_BOUND('',#7613,.T.);
#7613 = EDGE_LOOP('',(#7614,#7615,#7616));
#7614 = ORIENTED_EDGE('',*,*,#5011,.F.);
#7615 = ORIENTED_EDGE('',*,*,#6701,.T.);
#7616 = ORIENTED_EDGE('',*,*,#5120,.F.);
#7617 = ADVANCED_FACE('',(#7618),#5107,.T.);
#7618 = FACE_BOUND('',#7619,.T.);
#7619 = EDGE_LOOP('',(#7620,#7621,#7622));
#7620 = ORIENTED_EDGE('',*,*,#5093,.F.);
#7621 = ORIENTED_EDGE('',*,*,#6779,.T.);
#7622 = ORIENTED_EDGE('',*,*,#5147,.T.);
#7623 = ADVANCED_FACE('',(#7624,#7627),#5213,.F.);
#7624 = FACE_BOUND('',#7625,.F.);
#7625 = EDGE_LOOP('',(#7626));
#7626 = ORIENTED_EDGE('',*,*,#6857,.T.);
#7627 = FACE_BOUND('',#7628,.F.);
#7628 = EDGE_LOOP('',(#7629));
#7629 = ORIENTED_EDGE('',*,*,#5198,.F.);
#7630 = ADVANCED_FACE('',(#7631,#7639),#5268,.T.);
#7631 = FACE_BOUND('',#7632,.T.);
#7632 = EDGE_LOOP('',(#7633,#7634,#7635,#7636,#7637,#7638));
#7633 = ORIENTED_EDGE('',*,*,#7150,.T.);
#7634 = ORIENTED_EDGE('',*,*,#6883,.T.);
#7635 = ORIENTED_EDGE('',*,*,#6954,.T.);
#7636 = ORIENTED_EDGE('',*,*,#7003,.T.);
#7637 = ORIENTED_EDGE('',*,*,#7052,.T.);
#7638 = ORIENTED_EDGE('',*,*,#7101,.T.);
#7639 = FACE_BOUND('',#7640,.T.);
#7640 = EDGE_LOOP('',(#7641));
#7641 = ORIENTED_EDGE('',*,*,#5253,.T.);
#7642 = ADVANCED_FACE('',(#7643,#7649),#5327,.T.);
#7643 = FACE_BOUND('',#7644,.T.);
#7644 = EDGE_LOOP('',(#7645,#7646,#7647,#7648));
#7645 = ORIENTED_EDGE('',*,*,#5311,.F.);
#7646 = ORIENTED_EDGE('',*,*,#5463,.T.);
#7647 = ORIENTED_EDGE('',*,*,#5436,.T.);
#7648 = ORIENTED_EDGE('',*,*,#5387,.F.);
#7649 = FACE_BOUND('',#7650,.T.);
#7650 = EDGE_LOOP('',(#7651,#7682,#7710,#7739));
#7651 = ORIENTED_EDGE('',*,*,#7652,.F.);
#7652 = EDGE_CURVE('',#7653,#7655,#7657,.T.);
#7653 = VERTEX_POINT('',#7654);
#7654 = CARTESIAN_POINT('',(38.8,37.,1.805));
#7655 = VERTEX_POINT('',#7656);
#7656 = CARTESIAN_POINT('',(41.2,37.,1.805));
#7657 = SURFACE_CURVE('',#7658,(#7663,#7670),.PCURVE_S1.);
#7658 = CIRCLE('',#7659,1.2);
#7659 = AXIS2_PLACEMENT_3D('',#7660,#7661,#7662);
#7660 = CARTESIAN_POINT('',(40.,37.,1.805));
#7661 = DIRECTION('',(0.,1.110223024625E-16,-1.));
#7662 = DIRECTION('',(0.,1.,1.110223024625E-16));
#7663 = PCURVE('',#5327,#7664);
#7664 = DEFINITIONAL_REPRESENTATION('',(#7665),#7669);
#7665 = CIRCLE('',#7666,1.2);
#7666 = AXIS2_PLACEMENT_2D('',#7667,#7668);
#7667 = CARTESIAN_POINT('',(6.4,2.15));
#7668 = DIRECTION('',(1.,0.));
#7669 = ( GEOMETRIC_REPRESENTATION_CONTEXT(2) 
PARAMETRIC_REPRESENTATION_CONTEXT() REPRESENTATION_CONTEXT('2D SPACE',''
  ) );
#7670 = PCURVE('',#7671,#7676);
#7671 = CYLINDRICAL_SURFACE('',#7672,1.2);
#7672 = AXIS2_PLACEMENT_3D('',#7673,#7674,#7675);
#7673 = CARTESIAN_POINT('',(40.,37.,29.9));
#7674 = DIRECTION('',(0.,1.110223024625E-16,-1.));
#7675 = DIRECTION('',(0.,1.,1.110223024625E-16));
#7676 = DEFINITIONAL_REPRESENTATION('',(#7677),#7681);
#7677 = LINE('',#7678,#7679);
#7678 = CARTESIAN_POINT('',(0.,28.095));
#7679 = VECTOR('',#7680,1.);
#7680 = DIRECTION('',(1.,0.));
#7681 = ( GEOMETRIC_REPRESENTATION_CONTEXT(2) 
PARAMETRIC_REPRESENTATION_CONTEXT() REPRESENTATION_CONTEXT('2D SPACE',''
  ) );
#7682 = ORIENTED_EDGE('',*,*,#7683,.F.);
#7683 = EDGE_CURVE('',#7684,#7653,#7686,.T.);
#7684 = VERTEX_POINT('',#7685);
#7685 = CARTESIAN_POINT('',(38.8,33.,1.805));
#7686 = SURFACE_CURVE('',#7687,(#7691,#7698),.PCURVE_S1.);
#7687 = LINE('',#7688,#7689);
#7688 = CARTESIAN_POINT('',(38.8,31.8,1.805));
#7689 = VECTOR('',#7690,1.);
#7690 = DIRECTION('',(0.,1.,1.110223024625E-16));
#7691 = PCURVE('',#5327,#7692);
#7692 = DEFINITIONAL_REPRESENTATION('',(#7693),#7697);
#7693 = LINE('',#7694,#7695);
#7694 = CARTESIAN_POINT('',(1.2,0.95));
#7695 = VECTOR('',#7696,1.);
#7696 = DIRECTION('',(1.,0.));
#7697 = ( GEOMETRIC_REPRESENTATION_CONTEXT(2) 
PARAMETRIC_REPRESENTATION_CONTEXT() REPRESENTATION_CONTEXT('2D SPACE',''
  ) );
#7698 = PCURVE('',#7699,#7704);
#7699 = PLANE('',#7700);
#7700 = AXIS2_PLACEMENT_3D('',#7701,#7702,#7703);
#7701 = CARTESIAN_POINT('',(38.8,33.,29.9));
#7702 = DIRECTION('',(1.,0.,0.));
#7703 = DIRECTION('',(0.,1.,1.110223024625E-16));
#7704 = DEFINITIONAL_REPRESENTATION('',(#7705),#7709);
#7705 = LINE('',#7706,#7707);
#7706 = CARTESIAN_POINT('',(-1.2,-28.095));
#7707 = VECTOR('',#7708,1.);
#7708 = DIRECTION('',(1.,0.));
#7709 = ( GEOMETRIC_REPRESENTATION_CONTEXT(2) 
PARAMETRIC_REPRESENTATION_CONTEXT() REPRESENTATION_CONTEXT('2D SPACE',''
  ) );
#7710 = ORIENTED_EDGE('',*,*,#7711,.F.);
#7711 = EDGE_CURVE('',#7712,#7684,#7714,.T.);
#7712 = VERTEX_POINT('',#7713);
#7713 = CARTESIAN_POINT('',(41.2,33.,1.805));
#7714 = SURFACE_CURVE('',#7715,(#7720,#7727),.PCURVE_S1.);
#7715 = CIRCLE('',#7716,1.2);
#7716 = AXIS2_PLACEMENT_3D('',#7717,#7718,#7719);
#7717 = CARTESIAN_POINT('',(40.,33.,1.805));
#7718 = DIRECTION('',(0.,1.110223024625E-16,-1.));
#7719 = DIRECTION('',(0.,1.,1.110223024625E-16));
#7720 = PCURVE('',#5327,#7721);
#7721 = DEFINITIONAL_REPRESENTATION('',(#7722),#7726);
#7722 = CIRCLE('',#7723,1.2);
#7723 = AXIS2_PLACEMENT_2D('',#7724,#7725);
#7724 = CARTESIAN_POINT('',(2.4,2.15));
#7725 = DIRECTION('',(1.,0.));
#7726 = ( GEOMETRIC_REPRESENTATION_CONTEXT(2) 
PARAMETRIC_REPRESENTATION_CONTEXT() REPRESENTATION_CONTEXT('2D SPACE',''
  ) );
#7727 = PCURVE('',#7728,#7733);
#7728 = CYLINDRICAL_SURFACE('',#7729,1.2);
#7729 = AXIS2_PLACEMENT_3D('',#7730,#7731,#7732);
#7730 = CARTESIAN_POINT('',(40.,33.,29.9));
#7731 = DIRECTION('',(0.,1.110223024625E-16,-1.));
#7732 = DIRECTION('',(0.,1.,1.110223024625E-16));
#7733 = DEFINITIONAL_REPRESENTATION('',(#7734),#7738);
#7734 = LINE('',#7735,#7736);
#7735 = CARTESIAN_POINT('',(0.,28.095));
#7736 = VECTOR('',#7737,1.);
#7737 = DIRECTION('',(1.,0.));
#7738 = ( GEOMETRIC_REPRESENTATION_CONTEXT(2) 
PARAMETRIC_REPRESENTATION_CONTEXT() REPRESENTATION_CONTEXT('2D SPACE',''
  ) );
#7739 = ORIENTED_EDGE('',*,*,#7740,.T.);
#7740 = EDGE_CURVE('',#7712,#7655,#7741,.T.);
#7741 = SURFACE_CURVE('',#7742,(#7746,#7753),.PCURVE_S1.);
#7742 = LINE('',#7743,#7744);
#7743 = CARTESIAN_POINT('',(41.2,31.8,1.805));
#7744 = VECTOR('',#7745,1.);
#7745 = DIRECTION('',(0.,1.,1.110223024625E-16));
#7746 = PCURVE('',#5327,#7747);
#7747 = DEFINITIONAL_REPRESENTATION('',(#7748),#7752);
#7748 = LINE('',#7749,#7750);
#7749 = CARTESIAN_POINT('',(1.2,3.35));
#7750 = VECTOR('',#7751,1.);
#7751 = DIRECTION('',(1.,0.));
#7752 = ( GEOMETRIC_REPRESENTATION_CONTEXT(2) 
PARAMETRIC_REPRESENTATION_CONTEXT() REPRESENTATION_CONTEXT('2D SPACE',''
  ) );
#7753 = PCURVE('',#7754,#7759);
#7754 = PLANE('',#7755);
#7755 = AXIS2_PLACEMENT_3D('',#7756,#7757,#7758);
#7756 = CARTESIAN_POINT('',(41.2,33.,29.9));
#7757 = DIRECTION('',(1.,0.,0.));
#7758 = DIRECTION('',(0.,1.,1.110223024625E-16));
#7759 = DEFINITIONAL_REPRESENTATION('',(#7760),#7764);
#7760 = LINE('',#7761,#7762);
#7761 = CARTESIAN_POINT('',(-1.2,-28.095));
#7762 = VECTOR('',#7763,1.);
#7763 = DIRECTION('',(1.,0.));
#7764 = ( GEOMETRIC_REPRESENTATION_CONTEXT(2) 
PARAMETRIC_REPRESENTATION_CONTEXT() REPRESENTATION_CONTEXT('2D SPACE',''
  ) );
#7765 = ADVANCED_FACE('',(#7766,#7769),#6584,.F.);
#7766 = FACE_BOUND('',#7767,.F.);
#7767 = EDGE_LOOP('',(#7768));
#7768 = ORIENTED_EDGE('',*,*,#6569,.T.);
#7769 = FACE_BOUND('',#7770,.F.);
#7770 = EDGE_LOOP('',(#7771,#7797,#7820,#7844));
#7771 = ORIENTED_EDGE('',*,*,#7772,.F.);
#7772 = EDGE_CURVE('',#7773,#7775,#7777,.T.);
#7773 = VERTEX_POINT('',#7774);
#7774 = CARTESIAN_POINT('',(38.8,-33.,28.9));
#7775 = VERTEX_POINT('',#7776);
#7776 = CARTESIAN_POINT('',(41.2,-33.,28.9));
#7777 = SURFACE_CURVE('',#7778,(#7783,#7790),.PCURVE_S1.);
#7778 = CIRCLE('',#7779,1.2);
#7779 = AXIS2_PLACEMENT_3D('',#7780,#7781,#7782);
#7780 = CARTESIAN_POINT('',(40.,-33.,28.9));
#7781 = DIRECTION('',(0.,1.110223024625E-16,-1.));
#7782 = DIRECTION('',(0.,1.,1.110223024625E-16));
#7783 = PCURVE('',#6584,#7784);
#7784 = DEFINITIONAL_REPRESENTATION('',(#7785),#7789);
#7785 = CIRCLE('',#7786,1.2);
#7786 = AXIS2_PLACEMENT_2D('',#7787,#7788);
#7787 = CARTESIAN_POINT('',(2.,0.));
#7788 = DIRECTION('',(1.,0.));
#7789 = ( GEOMETRIC_REPRESENTATION_CONTEXT(2) 
PARAMETRIC_REPRESENTATION_CONTEXT() REPRESENTATION_CONTEXT('2D SPACE',''
  ) );
#7790 = PCURVE('',#7351,#7791);
#7791 = DEFINITIONAL_REPRESENTATION('',(#7792),#7796);
#7792 = LINE('',#7793,#7794);
#7793 = CARTESIAN_POINT('',(0.,1.));
#7794 = VECTOR('',#7795,1.);
#7795 = DIRECTION('',(1.,0.));
#7796 = ( GEOMETRIC_REPRESENTATION_CONTEXT(2) 
PARAMETRIC_REPRESENTATION_CONTEXT() REPRESENTATION_CONTEXT('2D SPACE',''
  ) );
#7797 = ORIENTED_EDGE('',*,*,#7798,.T.);
#7798 = EDGE_CURVE('',#7773,#7799,#7801,.T.);
#7799 = VERTEX_POINT('',#7800);
#7800 = CARTESIAN_POINT('',(38.8,-37.,28.9));
#7801 = SURFACE_CURVE('',#7802,(#7806,#7813),.PCURVE_S1.);
#7802 = LINE('',#7803,#7804);
#7803 = CARTESIAN_POINT('',(38.8,-36.,28.9));
#7804 = VECTOR('',#7805,1.);
#7805 = DIRECTION('',(0.,-1.,-1.110223024625E-16));
#7806 = PCURVE('',#6584,#7807);
#7807 = DEFINITIONAL_REPRESENTATION('',(#7808),#7812);
#7808 = LINE('',#7809,#7810);
#7809 = CARTESIAN_POINT('',(-1.,-1.2));
#7810 = VECTOR('',#7811,1.);
#7811 = DIRECTION('',(-1.,0.));
#7812 = ( GEOMETRIC_REPRESENTATION_CONTEXT(2) 
PARAMETRIC_REPRESENTATION_CONTEXT() REPRESENTATION_CONTEXT('2D SPACE',''
  ) );
#7813 = PCURVE('',#7379,#7814);
#7814 = DEFINITIONAL_REPRESENTATION('',(#7815),#7819);
#7815 = LINE('',#7816,#7817);
#7816 = CARTESIAN_POINT('',(1.,-1.));
#7817 = VECTOR('',#7818,1.);
#7818 = DIRECTION('',(-1.,0.));
#7819 = ( GEOMETRIC_REPRESENTATION_CONTEXT(2) 
PARAMETRIC_REPRESENTATION_CONTEXT() REPRESENTATION_CONTEXT('2D SPACE',''
  ) );
#7820 = ORIENTED_EDGE('',*,*,#7821,.F.);
#7821 = EDGE_CURVE('',#7822,#7799,#7824,.T.);
#7822 = VERTEX_POINT('',#7823);
#7823 = CARTESIAN_POINT('',(41.2,-37.,28.9));
#7824 = SURFACE_CURVE('',#7825,(#7830,#7837),.PCURVE_S1.);
#7825 = CIRCLE('',#7826,1.2);
#7826 = AXIS2_PLACEMENT_3D('',#7827,#7828,#7829);
#7827 = CARTESIAN_POINT('',(40.,-37.,28.9));
#7828 = DIRECTION('',(0.,1.110223024625E-16,-1.));
#7829 = DIRECTION('',(0.,1.,1.110223024625E-16));
#7830 = PCURVE('',#6584,#7831);
#7831 = DEFINITIONAL_REPRESENTATION('',(#7832),#7836);
#7832 = CIRCLE('',#7833,1.2);
#7833 = AXIS2_PLACEMENT_2D('',#7834,#7835);
#7834 = CARTESIAN_POINT('',(-2.,0.));
#7835 = DIRECTION('',(1.,0.));
#7836 = ( GEOMETRIC_REPRESENTATION_CONTEXT(2) 
PARAMETRIC_REPRESENTATION_CONTEXT() REPRESENTATION_CONTEXT('2D SPACE',''
  ) );
#7837 = PCURVE('',#7408,#7838);
#7838 = DEFINITIONAL_REPRESENTATION('',(#7839),#7843);
#7839 = LINE('',#7840,#7841);
#7840 = CARTESIAN_POINT('',(0.,1.));
#7841 = VECTOR('',#7842,1.);
#7842 = DIRECTION('',(1.,0.));
#7843 = ( GEOMETRIC_REPRESENTATION_CONTEXT(2) 
PARAMETRIC_REPRESENTATION_CONTEXT() REPRESENTATION_CONTEXT('2D SPACE',''
  ) );
#7844 = ORIENTED_EDGE('',*,*,#7845,.F.);
#7845 = EDGE_CURVE('',#7775,#7822,#7846,.T.);
#7846 = SURFACE_CURVE('',#7847,(#7851,#7858),.PCURVE_S1.);
#7847 = LINE('',#7848,#7849);
#7848 = CARTESIAN_POINT('',(41.2,-36.,28.9));
#7849 = VECTOR('',#7850,1.);
#7850 = DIRECTION('',(0.,-1.,-1.110223024625E-16));
#7851 = PCURVE('',#6584,#7852);
#7852 = DEFINITIONAL_REPRESENTATION('',(#7853),#7857);
#7853 = LINE('',#7854,#7855);
#7854 = CARTESIAN_POINT('',(-1.,1.2));
#7855 = VECTOR('',#7856,1.);
#7856 = DIRECTION('',(-1.,0.));
#7857 = ( GEOMETRIC_REPRESENTATION_CONTEXT(2) 
PARAMETRIC_REPRESENTATION_CONTEXT() REPRESENTATION_CONTEXT('2D SPACE',''
  ) );
#7858 = PCURVE('',#7434,#7859);
#7859 = DEFINITIONAL_REPRESENTATION('',(#7860),#7864);
#7860 = LINE('',#7861,#7862);
#7861 = CARTESIAN_POINT('',(1.,-1.));
#7862 = VECTOR('',#7863,1.);
#7863 = DIRECTION('',(-1.,0.));
#7864 = ( GEOMETRIC_REPRESENTATION_CONTEXT(2) 
PARAMETRIC_REPRESENTATION_CONTEXT() REPRESENTATION_CONTEXT('2D SPACE',''
  ) );
#7865 = ADVANCED_FACE('',(#7866,#7869),#6662,.F.);
#7866 = FACE_BOUND('',#7867,.F.);
#7867 = EDGE_LOOP('',(#7868));
#7868 = ORIENTED_EDGE('',*,*,#6647,.T.);
#7869 = FACE_BOUND('',#7870,.F.);
#7870 = EDGE_LOOP('',(#7871,#7897,#7920,#7944));
#7871 = ORIENTED_EDGE('',*,*,#7872,.F.);
#7872 = EDGE_CURVE('',#7873,#7875,#7877,.T.);
#7873 = VERTEX_POINT('',#7874);
#7874 = CARTESIAN_POINT('',(-41.2,-33.,28.9));
#7875 = VERTEX_POINT('',#7876);
#7876 = CARTESIAN_POINT('',(-38.8,-33.,28.9));
#7877 = SURFACE_CURVE('',#7878,(#7883,#7890),.PCURVE_S1.);
#7878 = CIRCLE('',#7879,1.2);
#7879 = AXIS2_PLACEMENT_3D('',#7880,#7881,#7882);
#7880 = CARTESIAN_POINT('',(-40.,-33.,28.9));
#7881 = DIRECTION('',(0.,1.110223024625E-16,-1.));
#7882 = DIRECTION('',(0.,1.,1.110223024625E-16));
#7883 = PCURVE('',#6662,#7884);
#7884 = DEFINITIONAL_REPRESENTATION('',(#7885),#7889);
#7885 = CIRCLE('',#7886,1.2);
#7886 = AXIS2_PLACEMENT_2D('',#7887,#7888);
#7887 = CARTESIAN_POINT('',(2.,0.));
#7888 = DIRECTION('',(1.,0.));
#7889 = ( GEOMETRIC_REPRESENTATION_CONTEXT(2) 
PARAMETRIC_REPRESENTATION_CONTEXT() REPRESENTATION_CONTEXT('2D SPACE',''
  ) );
#7890 = PCURVE('',#7202,#7891);
#7891 = DEFINITIONAL_REPRESENTATION('',(#7892),#7896);
#7892 = LINE('',#7893,#7894);
#7893 = CARTESIAN_POINT('',(0.,1.));
#7894 = VECTOR('',#7895,1.);
#7895 = DIRECTION('',(1.,0.));
#7896 = ( GEOMETRIC_REPRESENTATION_CONTEXT(2) 
PARAMETRIC_REPRESENTATION_CONTEXT() REPRESENTATION_CONTEXT('2D SPACE',''
  ) );
#7897 = ORIENTED_EDGE('',*,*,#7898,.T.);
#7898 = EDGE_CURVE('',#7873,#7899,#7901,.T.);
#7899 = VERTEX_POINT('',#7900);
#7900 = CARTESIAN_POINT('',(-41.2,-37.,28.9));
#7901 = SURFACE_CURVE('',#7902,(#7906,#7913),.PCURVE_S1.);
#7902 = LINE('',#7903,#7904);
#7903 = CARTESIAN_POINT('',(-41.2,-36.,28.9));
#7904 = VECTOR('',#7905,1.);
#7905 = DIRECTION('',(0.,-1.,-1.110223024625E-16));
#7906 = PCURVE('',#6662,#7907);
#7907 = DEFINITIONAL_REPRESENTATION('',(#7908),#7912);
#7908 = LINE('',#7909,#7910);
#7909 = CARTESIAN_POINT('',(-1.,-1.2));
#7910 = VECTOR('',#7911,1.);
#7911 = DIRECTION('',(-1.,0.));
#7912 = ( GEOMETRIC_REPRESENTATION_CONTEXT(2) 
PARAMETRIC_REPRESENTATION_CONTEXT() REPRESENTATION_CONTEXT('2D SPACE',''
  ) );
#7913 = PCURVE('',#7230,#7914);
#7914 = DEFINITIONAL_REPRESENTATION('',(#7915),#7919);
#7915 = LINE('',#7916,#7917);
#7916 = CARTESIAN_POINT('',(1.,-1.));
#7917 = VECTOR('',#7918,1.);
#7918 = DIRECTION('',(-1.,0.));
#7919 = ( GEOMETRIC_REPRESENTATION_CONTEXT(2) 
PARAMETRIC_REPRESENTATION_CONTEXT() REPRESENTATION_CONTEXT('2D SPACE',''
  ) );
#7920 = ORIENTED_EDGE('',*,*,#7921,.F.);
#7921 = EDGE_CURVE('',#7922,#7899,#7924,.T.);
#7922 = VERTEX_POINT('',#7923);
#7923 = CARTESIAN_POINT('',(-38.8,-37.,28.9));
#7924 = SURFACE_CURVE('',#7925,(#7930,#7937),.PCURVE_S1.);
#7925 = CIRCLE('',#7926,1.2);
#7926 = AXIS2_PLACEMENT_3D('',#7927,#7928,#7929);
#7927 = CARTESIAN_POINT('',(-40.,-37.,28.9));
#7928 = DIRECTION('',(0.,1.110223024625E-16,-1.));
#7929 = DIRECTION('',(0.,1.,1.110223024625E-16));
#7930 = PCURVE('',#6662,#7931);
#7931 = DEFINITIONAL_REPRESENTATION('',(#7932),#7936);
#7932 = CIRCLE('',#7933,1.2);
#7933 = AXIS2_PLACEMENT_2D('',#7934,#7935);
#7934 = CARTESIAN_POINT('',(-2.,0.));
#7935 = DIRECTION('',(1.,0.));
#7936 = ( GEOMETRIC_REPRESENTATION_CONTEXT(2) 
PARAMETRIC_REPRESENTATION_CONTEXT() REPRESENTATION_CONTEXT('2D SPACE',''
  ) );
#7937 = PCURVE('',#7259,#7938);
#7938 = DEFINITIONAL_REPRESENTATION('',(#7939),#7943);
#7939 = LINE('',#7940,#7941);
#7940 = CARTESIAN_POINT('',(0.,1.));
#7941 = VECTOR('',#7942,1.);
#7942 = DIRECTION('',(1.,0.));
#7943 = ( GEOMETRIC_REPRESENTATION_CONTEXT(2) 
PARAMETRIC_REPRESENTATION_CONTEXT() REPRESENTATION_CONTEXT('2D SPACE',''
  ) );
#7944 = ORIENTED_EDGE('',*,*,#7945,.F.);
#7945 = EDGE_CURVE('',#7875,#7922,#7946,.T.);
#7946 = SURFACE_CURVE('',#7947,(#7951,#7958),.PCURVE_S1.);
#7947 = LINE('',#7948,#7949);
#7948 = CARTESIAN_POINT('',(-38.8,-36.,28.9));
#7949 = VECTOR('',#7950,1.);
#7950 = DIRECTION('',(0.,-1.,-1.110223024625E-16));
#7951 = PCURVE('',#6662,#7952);
#7952 = DEFINITIONAL_REPRESENTATION('',(#7953),#7957);
#7953 = LINE('',#7954,#7955);
#7954 = CARTESIAN_POINT('',(-1.,1.2));
#7955 = VECTOR('',#7956,1.);
#7956 = DIRECTION('',(-1.,0.));
#7957 = ( GEOMETRIC_REPRESENTATION_CONTEXT(2) 
PARAMETRIC_REPRESENTATION_CONTEXT() REPRESENTATION_CONTEXT('2D SPACE',''
  ) );
#7958 = PCURVE('',#7285,#7959);
#7959 = DEFINITIONAL_REPRESENTATION('',(#7960),#7964);
#7960 = LINE('',#7961,#7962);
#7961 = CARTESIAN_POINT('',(1.,-1.));
#7962 = VECTOR('',#7963,1.);
#7963 = DIRECTION('',(-1.,0.));
#7964 = ( GEOMETRIC_REPRESENTATION_CONTEXT(2) 
PARAMETRIC_REPRESENTATION_CONTEXT() REPRESENTATION_CONTEXT('2D SPACE',''
  ) );
#7965 = ADVANCED_FACE('',(#7966,#7969),#6740,.F.);
#7966 = FACE_BOUND('',#7967,.F.);
#7967 = EDGE_LOOP('',(#7968));
#7968 = ORIENTED_EDGE('',*,*,#6725,.T.);
#7969 = FACE_BOUND('',#7970,.F.);
#7970 = EDGE_LOOP('',(#7971,#7997,#8020,#8044));
#7971 = ORIENTED_EDGE('',*,*,#7972,.F.);
#7972 = EDGE_CURVE('',#7973,#7975,#7977,.T.);
#7973 = VERTEX_POINT('',#7974);
#7974 = CARTESIAN_POINT('',(38.8,37.,28.9));
#7975 = VERTEX_POINT('',#7976);
#7976 = CARTESIAN_POINT('',(41.2,37.,28.9));
#7977 = SURFACE_CURVE('',#7978,(#7983,#7990),.PCURVE_S1.);
#7978 = CIRCLE('',#7979,1.2);
#7979 = AXIS2_PLACEMENT_3D('',#7980,#7981,#7982);
#7980 = CARTESIAN_POINT('',(40.,37.,28.9));
#7981 = DIRECTION('',(0.,1.110223024625E-16,-1.));
#7982 = DIRECTION('',(0.,1.,1.110223024625E-16));
#7983 = PCURVE('',#6740,#7984);
#7984 = DEFINITIONAL_REPRESENTATION('',(#7985),#7989);
#7985 = CIRCLE('',#7986,1.2);
#7986 = AXIS2_PLACEMENT_2D('',#7987,#7988);
#7987 = CARTESIAN_POINT('',(2.,0.));
#7988 = DIRECTION('',(1.,0.));
#7989 = ( GEOMETRIC_REPRESENTATION_CONTEXT(2) 
PARAMETRIC_REPRESENTATION_CONTEXT() REPRESENTATION_CONTEXT('2D SPACE',''
  ) );
#7990 = PCURVE('',#7671,#7991);
#7991 = DEFINITIONAL_REPRESENTATION('',(#7992),#7996);
#7992 = LINE('',#7993,#7994);
#7993 = CARTESIAN_POINT('',(0.,1.));
#7994 = VECTOR('',#7995,1.);
#7995 = DIRECTION('',(1.,0.));
#7996 = ( GEOMETRIC_REPRESENTATION_CONTEXT(2) 
PARAMETRIC_REPRESENTATION_CONTEXT() REPRESENTATION_CONTEXT('2D SPACE',''
  ) );
#7997 = ORIENTED_EDGE('',*,*,#7998,.T.);
#7998 = EDGE_CURVE('',#7973,#7999,#8001,.T.);
#7999 = VERTEX_POINT('',#8000);
#8000 = CARTESIAN_POINT('',(38.8,33.,28.9));
#8001 = SURFACE_CURVE('',#8002,(#8006,#8013),.PCURVE_S1.);
#8002 = LINE('',#8003,#8004);
#8003 = CARTESIAN_POINT('',(38.8,34.,28.9));
#8004 = VECTOR('',#8005,1.);
#8005 = DIRECTION('',(0.,-1.,-1.110223024625E-16));
#8006 = PCURVE('',#6740,#8007);
#8007 = DEFINITIONAL_REPRESENTATION('',(#8008),#8012);
#8008 = LINE('',#8009,#8010);
#8009 = CARTESIAN_POINT('',(-1.,-1.2));
#8010 = VECTOR('',#8011,1.);
#8011 = DIRECTION('',(-1.,0.));
#8012 = ( GEOMETRIC_REPRESENTATION_CONTEXT(2) 
PARAMETRIC_REPRESENTATION_CONTEXT() REPRESENTATION_CONTEXT('2D SPACE',''
  ) );
#8013 = PCURVE('',#7699,#8014);
#8014 = DEFINITIONAL_REPRESENTATION('',(#8015),#8019);
#8015 = LINE('',#8016,#8017);
#8016 = CARTESIAN_POINT('',(1.,-1.));
#8017 = VECTOR('',#8018,1.);
#8018 = DIRECTION('',(-1.,0.));
#8019 = ( GEOMETRIC_REPRESENTATION_CONTEXT(2) 
PARAMETRIC_REPRESENTATION_CONTEXT() REPRESENTATION_CONTEXT('2D SPACE',''
  ) );
#8020 = ORIENTED_EDGE('',*,*,#8021,.F.);
#8021 = EDGE_CURVE('',#8022,#7999,#8024,.T.);
#8022 = VERTEX_POINT('',#8023);
#8023 = CARTESIAN_POINT('',(41.2,33.,28.9));
#8024 = SURFACE_CURVE('',#8025,(#8030,#8037),.PCURVE_S1.);
#8025 = CIRCLE('',#8026,1.2);
#8026 = AXIS2_PLACEMENT_3D('',#8027,#8028,#8029);
#8027 = CARTESIAN_POINT('',(40.,33.,28.9));
#8028 = DIRECTION('',(0.,1.110223024625E-16,-1.));
#8029 = DIRECTION('',(0.,1.,1.110223024625E-16));
#8030 = PCURVE('',#6740,#8031);
#8031 = DEFINITIONAL_REPRESENTATION('',(#8032),#8036);
#8032 = CIRCLE('',#8033,1.2);
#8033 = AXIS2_PLACEMENT_2D('',#8034,#8035);
#8034 = CARTESIAN_POINT('',(-2.,0.));
#8035 = DIRECTION('',(1.,0.));
#8036 = ( GEOMETRIC_REPRESENTATION_CONTEXT(2) 
PARAMETRIC_REPRESENTATION_CONTEXT() REPRESENTATION_CONTEXT('2D SPACE',''
  ) );
#8037 = PCURVE('',#7728,#8038);
#8038 = DEFINITIONAL_REPRESENTATION('',(#8039),#8043);
#8039 = LINE('',#8040,#8041);
#8040 = CARTESIAN_POINT('',(0.,1.));
#8041 = VECTOR('',#8042,1.);
#8042 = DIRECTION('',(1.,0.));
#8043 = ( GEOMETRIC_REPRESENTATION_CONTEXT(2) 
PARAMETRIC_REPRESENTATION_CONTEXT() REPRESENTATION_CONTEXT('2D SPACE',''
  ) );
#8044 = ORIENTED_EDGE('',*,*,#8045,.F.);
#8045 = EDGE_CURVE('',#7975,#8022,#8046,.T.);
#8046 = SURFACE_CURVE('',#8047,(#8051,#8058),.PCURVE_S1.);
#8047 = LINE('',#8048,#8049);
#8048 = CARTESIAN_POINT('',(41.2,34.,28.9));
#8049 = VECTOR('',#8050,1.);
#8050 = DIRECTION('',(0.,-1.,-1.110223024625E-16));
#8051 = PCURVE('',#6740,#8052);
#8052 = DEFINITIONAL_REPRESENTATION('',(#8053),#8057);
#8053 = LINE('',#8054,#8055);
#8054 = CARTESIAN_POINT('',(-1.,1.2));
#8055 = VECTOR('',#8056,1.);
#8056 = DIRECTION('',(-1.,0.));
#8057 = ( GEOMETRIC_REPRESENTATION_CONTEXT(2) 
PARAMETRIC_REPRESENTATION_CONTEXT() REPRESENTATION_CONTEXT('2D SPACE',''
  ) );
#8058 = PCURVE('',#7754,#8059);
#8059 = DEFINITIONAL_REPRESENTATION('',(#8060),#8064);
#8060 = LINE('',#8061,#8062);
#8061 = CARTESIAN_POINT('',(1.,-1.));
#8062 = VECTOR('',#8063,1.);
#8063 = DIRECTION('',(-1.,0.));
#8064 = ( GEOMETRIC_REPRESENTATION_CONTEXT(2) 
PARAMETRIC_REPRESENTATION_CONTEXT() REPRESENTATION_CONTEXT('2D SPACE',''
  ) );
#8065 = ADVANCED_FACE('',(#8066,#8069),#6818,.F.);
#8066 = FACE_BOUND('',#8067,.F.);
#8067 = EDGE_LOOP('',(#8068));
#8068 = ORIENTED_EDGE('',*,*,#6803,.T.);
#8069 = FACE_BOUND('',#8070,.F.);
#8070 = EDGE_LOOP('',(#8071,#8097,#8120,#8144));
#8071 = ORIENTED_EDGE('',*,*,#8072,.F.);
#8072 = EDGE_CURVE('',#8073,#8075,#8077,.T.);
#8073 = VERTEX_POINT('',#8074);
#8074 = CARTESIAN_POINT('',(-41.2,37.,28.9));
#8075 = VERTEX_POINT('',#8076);
#8076 = CARTESIAN_POINT('',(-38.8,37.,28.9));
#8077 = SURFACE_CURVE('',#8078,(#8083,#8090),.PCURVE_S1.);
#8078 = CIRCLE('',#8079,1.2);
#8079 = AXIS2_PLACEMENT_3D('',#8080,#8081,#8082);
#8080 = CARTESIAN_POINT('',(-40.,37.,28.9));
#8081 = DIRECTION('',(0.,1.110223024625E-16,-1.));
#8082 = DIRECTION('',(0.,1.,1.110223024625E-16));
#8083 = PCURVE('',#6818,#8084);
#8084 = DEFINITIONAL_REPRESENTATION('',(#8085),#8089);
#8085 = CIRCLE('',#8086,1.2);
#8086 = AXIS2_PLACEMENT_2D('',#8087,#8088);
#8087 = CARTESIAN_POINT('',(2.,0.));
#8088 = DIRECTION('',(1.,0.));
#8089 = ( GEOMETRIC_REPRESENTATION_CONTEXT(2) 
PARAMETRIC_REPRESENTATION_CONTEXT() REPRESENTATION_CONTEXT('2D SPACE',''
  ) );
#8090 = PCURVE('',#7498,#8091);
#8091 = DEFINITIONAL_REPRESENTATION('',(#8092),#8096);
#8092 = LINE('',#8093,#8094);
#8093 = CARTESIAN_POINT('',(0.,1.));
#8094 = VECTOR('',#8095,1.);
#8095 = DIRECTION('',(1.,0.));
#8096 = ( GEOMETRIC_REPRESENTATION_CONTEXT(2) 
PARAMETRIC_REPRESENTATION_CONTEXT() REPRESENTATION_CONTEXT('2D SPACE',''
  ) );
#8097 = ORIENTED_EDGE('',*,*,#8098,.T.);
#8098 = EDGE_CURVE('',#8073,#8099,#8101,.T.);
#8099 = VERTEX_POINT('',#8100);
#8100 = CARTESIAN_POINT('',(-41.2,33.,28.9));
#8101 = SURFACE_CURVE('',#8102,(#8106,#8113),.PCURVE_S1.);
#8102 = LINE('',#8103,#8104);
#8103 = CARTESIAN_POINT('',(-41.2,34.,28.9));
#8104 = VECTOR('',#8105,1.);
#8105 = DIRECTION('',(0.,-1.,-1.110223024625E-16));
#8106 = PCURVE('',#6818,#8107);
#8107 = DEFINITIONAL_REPRESENTATION('',(#8108),#8112);
#8108 = LINE('',#8109,#8110);
#8109 = CARTESIAN_POINT('',(-1.,-1.2));
#8110 = VECTOR('',#8111,1.);
#8111 = DIRECTION('',(-1.,0.));
#8112 = ( GEOMETRIC_REPRESENTATION_CONTEXT(2) 
PARAMETRIC_REPRESENTATION_CONTEXT() REPRESENTATION_CONTEXT('2D SPACE',''
  ) );
#8113 = PCURVE('',#7526,#8114);
#8114 = DEFINITIONAL_REPRESENTATION('',(#8115),#8119);
#8115 = LINE('',#8116,#8117);
#8116 = CARTESIAN_POINT('',(1.,-1.));
#8117 = VECTOR('',#8118,1.);
#8118 = DIRECTION('',(-1.,0.));
#8119 = ( GEOMETRIC_REPRESENTATION_CONTEXT(2) 
PARAMETRIC_REPRESENTATION_CONTEXT() REPRESENTATION_CONTEXT('2D SPACE',''
  ) );
#8120 = ORIENTED_EDGE('',*,*,#8121,.F.);
#8121 = EDGE_CURVE('',#8122,#8099,#8124,.T.);
#8122 = VERTEX_POINT('',#8123);
#8123 = CARTESIAN_POINT('',(-38.8,33.,28.9));
#8124 = SURFACE_CURVE('',#8125,(#8130,#8137),.PCURVE_S1.);
#8125 = CIRCLE('',#8126,1.2);
#8126 = AXIS2_PLACEMENT_3D('',#8127,#8128,#8129);
#8127 = CARTESIAN_POINT('',(-40.,33.,28.9));
#8128 = DIRECTION('',(0.,1.110223024625E-16,-1.));
#8129 = DIRECTION('',(0.,1.,1.110223024625E-16));
#8130 = PCURVE('',#6818,#8131);
#8131 = DEFINITIONAL_REPRESENTATION('',(#8132),#8136);
#8132 = CIRCLE('',#8133,1.2);
#8133 = AXIS2_PLACEMENT_2D('',#8134,#8135);
#8134 = CARTESIAN_POINT('',(-2.,0.));
#8135 = DIRECTION('',(1.,0.));
#8136 = ( GEOMETRIC_REPRESENTATION_CONTEXT(2) 
PARAMETRIC_REPRESENTATION_CONTEXT() REPRESENTATION_CONTEXT('2D SPACE',''
  ) );
#8137 = PCURVE('',#7555,#8138);
#8138 = DEFINITIONAL_REPRESENTATION('',(#8139),#8143);
#8139 = LINE('',#8140,#8141);
#8140 = CARTESIAN_POINT('',(0.,1.));
#8141 = VECTOR('',#8142,1.);
#8142 = DIRECTION('',(1.,0.));
#8143 = ( GEOMETRIC_REPRESENTATION_CONTEXT(2) 
PARAMETRIC_REPRESENTATION_CONTEXT() REPRESENTATION_CONTEXT('2D SPACE',''
  ) );
#8144 = ORIENTED_EDGE('',*,*,#8145,.F.);
#8145 = EDGE_CURVE('',#8075,#8122,#8146,.T.);
#8146 = SURFACE_CURVE('',#8147,(#8151,#8158),.PCURVE_S1.);
#8147 = LINE('',#8148,#8149);
#8148 = CARTESIAN_POINT('',(-38.8,34.,28.9));
#8149 = VECTOR('',#8150,1.);
#8150 = DIRECTION('',(0.,-1.,-1.110223024625E-16));
#8151 = PCURVE('',#6818,#8152);
#8152 = DEFINITIONAL_REPRESENTATION('',(#8153),#8157);
#8153 = LINE('',#8154,#8155);
#8154 = CARTESIAN_POINT('',(-1.,1.2));
#8155 = VECTOR('',#8156,1.);
#8156 = DIRECTION('',(-1.,0.));
#8157 = ( GEOMETRIC_REPRESENTATION_CONTEXT(2) 
PARAMETRIC_REPRESENTATION_CONTEXT() REPRESENTATION_CONTEXT('2D SPACE',''
  ) );
#8158 = PCURVE('',#7581,#8159);
#8159 = DEFINITIONAL_REPRESENTATION('',(#8160),#8164);
#8160 = LINE('',#8161,#8162);
#8161 = CARTESIAN_POINT('',(1.,-1.));
#8162 = VECTOR('',#8163,1.);
#8163 = DIRECTION('',(-1.,0.));
#8164 = ( GEOMETRIC_REPRESENTATION_CONTEXT(2) 
PARAMETRIC_REPRESENTATION_CONTEXT() REPRESENTATION_CONTEXT('2D SPACE',''
  ) );
#8165 = ADVANCED_FACE('',(#8166),#7202,.F.);
#8166 = FACE_BOUND('',#8167,.F.);
#8167 = EDGE_LOOP('',(#8168,#8189,#8190,#8211));
#8168 = ORIENTED_EDGE('',*,*,#8169,.T.);
#8169 = EDGE_CURVE('',#7875,#7186,#8170,.T.);
#8170 = SURFACE_CURVE('',#8171,(#8175,#8182),.PCURVE_S1.);
#8171 = LINE('',#8172,#8173);
#8172 = CARTESIAN_POINT('',(-38.8,-33.,29.9));
#8173 = VECTOR('',#8174,1.);
#8174 = DIRECTION('',(0.,1.110223024625E-16,-1.));
#8175 = PCURVE('',#7202,#8176);
#8176 = DEFINITIONAL_REPRESENTATION('',(#8177),#8181);
#8177 = LINE('',#8178,#8179);
#8178 = CARTESIAN_POINT('',(7.853981633974,0.));
#8179 = VECTOR('',#8180,1.);
#8180 = DIRECTION('',(0.,1.));
#8181 = ( GEOMETRIC_REPRESENTATION_CONTEXT(2) 
PARAMETRIC_REPRESENTATION_CONTEXT() REPRESENTATION_CONTEXT('2D SPACE',''
  ) );
#8182 = PCURVE('',#7285,#8183);
#8183 = DEFINITIONAL_REPRESENTATION('',(#8184),#8188);
#8184 = LINE('',#8185,#8186);
#8185 = CARTESIAN_POINT('',(4.,-4.440892098501E-16));
#8186 = VECTOR('',#8187,1.);
#8187 = DIRECTION('',(0.,-1.));
#8188 = ( GEOMETRIC_REPRESENTATION_CONTEXT(2) 
PARAMETRIC_REPRESENTATION_CONTEXT() REPRESENTATION_CONTEXT('2D SPACE',''
  ) );
#8189 = ORIENTED_EDGE('',*,*,#7183,.F.);
#8190 = ORIENTED_EDGE('',*,*,#8191,.F.);
#8191 = EDGE_CURVE('',#7873,#7184,#8192,.T.);
#8192 = SURFACE_CURVE('',#8193,(#8197,#8204),.PCURVE_S1.);
#8193 = LINE('',#8194,#8195);
#8194 = CARTESIAN_POINT('',(-41.2,-33.,29.9));
#8195 = VECTOR('',#8196,1.);
#8196 = DIRECTION('',(0.,1.110223024625E-16,-1.));
#8197 = PCURVE('',#7202,#8198);
#8198 = DEFINITIONAL_REPRESENTATION('',(#8199),#8203);
#8199 = LINE('',#8200,#8201);
#8200 = CARTESIAN_POINT('',(4.712388980385,0.));
#8201 = VECTOR('',#8202,1.);
#8202 = DIRECTION('',(0.,1.));
#8203 = ( GEOMETRIC_REPRESENTATION_CONTEXT(2) 
PARAMETRIC_REPRESENTATION_CONTEXT() REPRESENTATION_CONTEXT('2D SPACE',''
  ) );
#8204 = PCURVE('',#7230,#8205);
#8205 = DEFINITIONAL_REPRESENTATION('',(#8206),#8210);
#8206 = LINE('',#8207,#8208);
#8207 = CARTESIAN_POINT('',(4.,-4.440892098501E-16));
#8208 = VECTOR('',#8209,1.);
#8209 = DIRECTION('',(0.,-1.));
#8210 = ( GEOMETRIC_REPRESENTATION_CONTEXT(2) 
PARAMETRIC_REPRESENTATION_CONTEXT() REPRESENTATION_CONTEXT('2D SPACE',''
  ) );
#8211 = ORIENTED_EDGE('',*,*,#7872,.T.);
#8212 = ADVANCED_FACE('',(#8213),#7285,.F.);
#8213 = FACE_BOUND('',#8214,.F.);
#8214 = EDGE_LOOP('',(#8215,#8216,#8217,#8238));
#8215 = ORIENTED_EDGE('',*,*,#8169,.F.);
#8216 = ORIENTED_EDGE('',*,*,#7945,.T.);
#8217 = ORIENTED_EDGE('',*,*,#8218,.T.);
#8218 = EDGE_CURVE('',#7922,#7243,#8219,.T.);
#8219 = SURFACE_CURVE('',#8220,(#8224,#8231),.PCURVE_S1.);
#8220 = LINE('',#8221,#8222);
#8221 = CARTESIAN_POINT('',(-38.8,-37.,29.9));
#8222 = VECTOR('',#8223,1.);
#8223 = DIRECTION('',(0.,1.110223024625E-16,-1.));
#8224 = PCURVE('',#7285,#8225);
#8225 = DEFINITIONAL_REPRESENTATION('',(#8226),#8230);
#8226 = LINE('',#8227,#8228);
#8227 = CARTESIAN_POINT('',(0.,0.));
#8228 = VECTOR('',#8229,1.);
#8229 = DIRECTION('',(0.,-1.));
#8230 = ( GEOMETRIC_REPRESENTATION_CONTEXT(2) 
PARAMETRIC_REPRESENTATION_CONTEXT() REPRESENTATION_CONTEXT('2D SPACE',''
  ) );
#8231 = PCURVE('',#7259,#8232);
#8232 = DEFINITIONAL_REPRESENTATION('',(#8233),#8237);
#8233 = LINE('',#8234,#8235);
#8234 = CARTESIAN_POINT('',(1.570796326795,0.));
#8235 = VECTOR('',#8236,1.);
#8236 = DIRECTION('',(0.,1.));
#8237 = ( GEOMETRIC_REPRESENTATION_CONTEXT(2) 
PARAMETRIC_REPRESENTATION_CONTEXT() REPRESENTATION_CONTEXT('2D SPACE',''
  ) );
#8238 = ORIENTED_EDGE('',*,*,#7271,.T.);
#8239 = ADVANCED_FACE('',(#8240),#7259,.F.);
#8240 = FACE_BOUND('',#8241,.F.);
#8241 = EDGE_LOOP('',(#8242,#8243,#8244,#8245));
#8242 = ORIENTED_EDGE('',*,*,#7242,.F.);
#8243 = ORIENTED_EDGE('',*,*,#8218,.F.);
#8244 = ORIENTED_EDGE('',*,*,#7921,.T.);
#8245 = ORIENTED_EDGE('',*,*,#8246,.T.);
#8246 = EDGE_CURVE('',#7899,#7215,#8247,.T.);
#8247 = SURFACE_CURVE('',#8248,(#8252,#8259),.PCURVE_S1.);
#8248 = LINE('',#8249,#8250);
#8249 = CARTESIAN_POINT('',(-41.2,-37.,29.9));
#8250 = VECTOR('',#8251,1.);
#8251 = DIRECTION('',(0.,1.110223024625E-16,-1.));
#8252 = PCURVE('',#7259,#8253);
#8253 = DEFINITIONAL_REPRESENTATION('',(#8254),#8258);
#8254 = LINE('',#8255,#8256);
#8255 = CARTESIAN_POINT('',(4.712388980385,0.));
#8256 = VECTOR('',#8257,1.);
#8257 = DIRECTION('',(0.,1.));
#8258 = ( GEOMETRIC_REPRESENTATION_CONTEXT(2) 
PARAMETRIC_REPRESENTATION_CONTEXT() REPRESENTATION_CONTEXT('2D SPACE',''
  ) );
#8259 = PCURVE('',#7230,#8260);
#8260 = DEFINITIONAL_REPRESENTATION('',(#8261),#8265);
#8261 = LINE('',#8262,#8263);
#8262 = CARTESIAN_POINT('',(0.,0.));
#8263 = VECTOR('',#8264,1.);
#8264 = DIRECTION('',(0.,-1.));
#8265 = ( GEOMETRIC_REPRESENTATION_CONTEXT(2) 
PARAMETRIC_REPRESENTATION_CONTEXT() REPRESENTATION_CONTEXT('2D SPACE',''
  ) );
#8266 = ADVANCED_FACE('',(#8267),#7230,.T.);
#8267 = FACE_BOUND('',#8268,.T.);
#8268 = EDGE_LOOP('',(#8269,#8270,#8271,#8272));
#8269 = ORIENTED_EDGE('',*,*,#8191,.F.);
#8270 = ORIENTED_EDGE('',*,*,#7898,.T.);
#8271 = ORIENTED_EDGE('',*,*,#8246,.T.);
#8272 = ORIENTED_EDGE('',*,*,#7214,.T.);
#8273 = ADVANCED_FACE('',(#8274),#7351,.F.);
#8274 = FACE_BOUND('',#8275,.F.);
#8275 = EDGE_LOOP('',(#8276,#8297,#8298,#8319));
#8276 = ORIENTED_EDGE('',*,*,#8277,.T.);
#8277 = EDGE_CURVE('',#7775,#7335,#8278,.T.);
#8278 = SURFACE_CURVE('',#8279,(#8283,#8290),.PCURVE_S1.);
#8279 = LINE('',#8280,#8281);
#8280 = CARTESIAN_POINT('',(41.2,-33.,29.9));
#8281 = VECTOR('',#8282,1.);
#8282 = DIRECTION('',(0.,1.110223024625E-16,-1.));
#8283 = PCURVE('',#7351,#8284);
#8284 = DEFINITIONAL_REPRESENTATION('',(#8285),#8289);
#8285 = LINE('',#8286,#8287);
#8286 = CARTESIAN_POINT('',(7.853981633974,0.));
#8287 = VECTOR('',#8288,1.);
#8288 = DIRECTION('',(0.,1.));
#8289 = ( GEOMETRIC_REPRESENTATION_CONTEXT(2) 
PARAMETRIC_REPRESENTATION_CONTEXT() REPRESENTATION_CONTEXT('2D SPACE',''
  ) );
#8290 = PCURVE('',#7434,#8291);
#8291 = DEFINITIONAL_REPRESENTATION('',(#8292),#8296);
#8292 = LINE('',#8293,#8294);
#8293 = CARTESIAN_POINT('',(4.,-4.440892098501E-16));
#8294 = VECTOR('',#8295,1.);
#8295 = DIRECTION('',(0.,-1.));
#8296 = ( GEOMETRIC_REPRESENTATION_CONTEXT(2) 
PARAMETRIC_REPRESENTATION_CONTEXT() REPRESENTATION_CONTEXT('2D SPACE',''
  ) );
#8297 = ORIENTED_EDGE('',*,*,#7332,.F.);
#8298 = ORIENTED_EDGE('',*,*,#8299,.F.);
#8299 = EDGE_CURVE('',#7773,#7333,#8300,.T.);
#8300 = SURFACE_CURVE('',#8301,(#8305,#8312),.PCURVE_S1.);
#8301 = LINE('',#8302,#8303);
#8302 = CARTESIAN_POINT('',(38.8,-33.,29.9));
#8303 = VECTOR('',#8304,1.);
#8304 = DIRECTION('',(0.,1.110223024625E-16,-1.));
#8305 = PCURVE('',#7351,#8306);
#8306 = DEFINITIONAL_REPRESENTATION('',(#8307),#8311);
#8307 = LINE('',#8308,#8309);
#8308 = CARTESIAN_POINT('',(4.712388980385,0.));
#8309 = VECTOR('',#8310,1.);
#8310 = DIRECTION('',(0.,1.));
#8311 = ( GEOMETRIC_REPRESENTATION_CONTEXT(2) 
PARAMETRIC_REPRESENTATION_CONTEXT() REPRESENTATION_CONTEXT('2D SPACE',''
  ) );
#8312 = PCURVE('',#7379,#8313);
#8313 = DEFINITIONAL_REPRESENTATION('',(#8314),#8318);
#8314 = LINE('',#8315,#8316);
#8315 = CARTESIAN_POINT('',(4.,-4.440892098501E-16));
#8316 = VECTOR('',#8317,1.);
#8317 = DIRECTION('',(0.,-1.));
#8318 = ( GEOMETRIC_REPRESENTATION_CONTEXT(2) 
PARAMETRIC_REPRESENTATION_CONTEXT() REPRESENTATION_CONTEXT('2D SPACE',''
  ) );
#8319 = ORIENTED_EDGE('',*,*,#7772,.T.);
#8320 = ADVANCED_FACE('',(#8321),#7434,.F.);
#8321 = FACE_BOUND('',#8322,.F.);
#8322 = EDGE_LOOP('',(#8323,#8324,#8325,#8346));
#8323 = ORIENTED_EDGE('',*,*,#8277,.F.);
#8324 = ORIENTED_EDGE('',*,*,#7845,.T.);
#8325 = ORIENTED_EDGE('',*,*,#8326,.T.);
#8326 = EDGE_CURVE('',#7822,#7392,#8327,.T.);
#8327 = SURFACE_CURVE('',#8328,(#8332,#8339),.PCURVE_S1.);
#8328 = LINE('',#8329,#8330);
#8329 = CARTESIAN_POINT('',(41.2,-37.,29.9));
#8330 = VECTOR('',#8331,1.);
#8331 = DIRECTION('',(0.,1.110223024625E-16,-1.));
#8332 = PCURVE('',#7434,#8333);
#8333 = DEFINITIONAL_REPRESENTATION('',(#8334),#8338);
#8334 = LINE('',#8335,#8336);
#8335 = CARTESIAN_POINT('',(0.,0.));
#8336 = VECTOR('',#8337,1.);
#8337 = DIRECTION('',(0.,-1.));
#8338 = ( GEOMETRIC_REPRESENTATION_CONTEXT(2) 
PARAMETRIC_REPRESENTATION_CONTEXT() REPRESENTATION_CONTEXT('2D SPACE',''
  ) );
#8339 = PCURVE('',#7408,#8340);
#8340 = DEFINITIONAL_REPRESENTATION('',(#8341),#8345);
#8341 = LINE('',#8342,#8343);
#8342 = CARTESIAN_POINT('',(1.570796326795,0.));
#8343 = VECTOR('',#8344,1.);
#8344 = DIRECTION('',(0.,1.));
#8345 = ( GEOMETRIC_REPRESENTATION_CONTEXT(2) 
PARAMETRIC_REPRESENTATION_CONTEXT() REPRESENTATION_CONTEXT('2D SPACE',''
  ) );
#8346 = ORIENTED_EDGE('',*,*,#7420,.T.);
#8347 = ADVANCED_FACE('',(#8348),#7408,.F.);
#8348 = FACE_BOUND('',#8349,.F.);
#8349 = EDGE_LOOP('',(#8350,#8351,#8352,#8353));
#8350 = ORIENTED_EDGE('',*,*,#7391,.F.);
#8351 = ORIENTED_EDGE('',*,*,#8326,.F.);
#8352 = ORIENTED_EDGE('',*,*,#7821,.T.);
#8353 = ORIENTED_EDGE('',*,*,#8354,.T.);
#8354 = EDGE_CURVE('',#7799,#7364,#8355,.T.);
#8355 = SURFACE_CURVE('',#8356,(#8360,#8367),.PCURVE_S1.);
#8356 = LINE('',#8357,#8358);
#8357 = CARTESIAN_POINT('',(38.8,-37.,29.9));
#8358 = VECTOR('',#8359,1.);
#8359 = DIRECTION('',(0.,1.110223024625E-16,-1.));
#8360 = PCURVE('',#7408,#8361);
#8361 = DEFINITIONAL_REPRESENTATION('',(#8362),#8366);
#8362 = LINE('',#8363,#8364);
#8363 = CARTESIAN_POINT('',(4.712388980385,0.));
#8364 = VECTOR('',#8365,1.);
#8365 = DIRECTION('',(0.,1.));
#8366 = ( GEOMETRIC_REPRESENTATION_CONTEXT(2) 
PARAMETRIC_REPRESENTATION_CONTEXT() REPRESENTATION_CONTEXT('2D SPACE',''
  ) );
#8367 = PCURVE('',#7379,#8368);
#8368 = DEFINITIONAL_REPRESENTATION('',(#8369),#8373);
#8369 = LINE('',#8370,#8371);
#8370 = CARTESIAN_POINT('',(0.,0.));
#8371 = VECTOR('',#8372,1.);
#8372 = DIRECTION('',(0.,-1.));
#8373 = ( GEOMETRIC_REPRESENTATION_CONTEXT(2) 
PARAMETRIC_REPRESENTATION_CONTEXT() REPRESENTATION_CONTEXT('2D SPACE',''
  ) );
#8374 = ADVANCED_FACE('',(#8375),#7379,.T.);
#8375 = FACE_BOUND('',#8376,.T.);
#8376 = EDGE_LOOP('',(#8377,#8378,#8379,#8380));
#8377 = ORIENTED_EDGE('',*,*,#8299,.F.);
#8378 = ORIENTED_EDGE('',*,*,#7798,.T.);
#8379 = ORIENTED_EDGE('',*,*,#8354,.T.);
#8380 = ORIENTED_EDGE('',*,*,#7363,.T.);
#8381 = ADVANCED_FACE('',(#8382),#7498,.F.);
#8382 = FACE_BOUND('',#8383,.F.);
#8383 = EDGE_LOOP('',(#8384,#8405,#8406,#8427));
#8384 = ORIENTED_EDGE('',*,*,#8385,.T.);
#8385 = EDGE_CURVE('',#8075,#7482,#8386,.T.);
#8386 = SURFACE_CURVE('',#8387,(#8391,#8398),.PCURVE_S1.);
#8387 = LINE('',#8388,#8389);
#8388 = CARTESIAN_POINT('',(-38.8,37.,29.9));
#8389 = VECTOR('',#8390,1.);
#8390 = DIRECTION('',(0.,1.110223024625E-16,-1.));
#8391 = PCURVE('',#7498,#8392);
#8392 = DEFINITIONAL_REPRESENTATION('',(#8393),#8397);
#8393 = LINE('',#8394,#8395);
#8394 = CARTESIAN_POINT('',(7.853981633974,0.));
#8395 = VECTOR('',#8396,1.);
#8396 = DIRECTION('',(0.,1.));
#8397 = ( GEOMETRIC_REPRESENTATION_CONTEXT(2) 
PARAMETRIC_REPRESENTATION_CONTEXT() REPRESENTATION_CONTEXT('2D SPACE',''
  ) );
#8398 = PCURVE('',#7581,#8399);
#8399 = DEFINITIONAL_REPRESENTATION('',(#8400),#8404);
#8400 = LINE('',#8401,#8402);
#8401 = CARTESIAN_POINT('',(4.,-4.440892098501E-16));
#8402 = VECTOR('',#8403,1.);
#8403 = DIRECTION('',(0.,-1.));
#8404 = ( GEOMETRIC_REPRESENTATION_CONTEXT(2) 
PARAMETRIC_REPRESENTATION_CONTEXT() REPRESENTATION_CONTEXT('2D SPACE',''
  ) );
#8405 = ORIENTED_EDGE('',*,*,#7479,.F.);
#8406 = ORIENTED_EDGE('',*,*,#8407,.F.);
#8407 = EDGE_CURVE('',#8073,#7480,#8408,.T.);
#8408 = SURFACE_CURVE('',#8409,(#8413,#8420),.PCURVE_S1.);
#8409 = LINE('',#8410,#8411);
#8410 = CARTESIAN_POINT('',(-41.2,37.,29.9));
#8411 = VECTOR('',#8412,1.);
#8412 = DIRECTION('',(0.,1.110223024625E-16,-1.));
#8413 = PCURVE('',#7498,#8414);
#8414 = DEFINITIONAL_REPRESENTATION('',(#8415),#8419);
#8415 = LINE('',#8416,#8417);
#8416 = CARTESIAN_POINT('',(4.712388980385,0.));
#8417 = VECTOR('',#8418,1.);
#8418 = DIRECTION('',(0.,1.));
#8419 = ( GEOMETRIC_REPRESENTATION_CONTEXT(2) 
PARAMETRIC_REPRESENTATION_CONTEXT() REPRESENTATION_CONTEXT('2D SPACE',''
  ) );
#8420 = PCURVE('',#7526,#8421);
#8421 = DEFINITIONAL_REPRESENTATION('',(#8422),#8426);
#8422 = LINE('',#8423,#8424);
#8423 = CARTESIAN_POINT('',(4.,-4.440892098501E-16));
#8424 = VECTOR('',#8425,1.);
#8425 = DIRECTION('',(0.,-1.));
#8426 = ( GEOMETRIC_REPRESENTATION_CONTEXT(2) 
PARAMETRIC_REPRESENTATION_CONTEXT() REPRESENTATION_CONTEXT('2D SPACE',''
  ) );
#8427 = ORIENTED_EDGE('',*,*,#8072,.T.);
#8428 = ADVANCED_FACE('',(#8429),#7581,.F.);
#8429 = FACE_BOUND('',#8430,.F.);
#8430 = EDGE_LOOP('',(#8431,#8432,#8433,#8454));
#8431 = ORIENTED_EDGE('',*,*,#8385,.F.);
#8432 = ORIENTED_EDGE('',*,*,#8145,.T.);
#8433 = ORIENTED_EDGE('',*,*,#8434,.T.);
#8434 = EDGE_CURVE('',#8122,#7539,#8435,.T.);
#8435 = SURFACE_CURVE('',#8436,(#8440,#8447),.PCURVE_S1.);
#8436 = LINE('',#8437,#8438);
#8437 = CARTESIAN_POINT('',(-38.8,33.,29.9));
#8438 = VECTOR('',#8439,1.);
#8439 = DIRECTION('',(0.,1.110223024625E-16,-1.));
#8440 = PCURVE('',#7581,#8441);
#8441 = DEFINITIONAL_REPRESENTATION('',(#8442),#8446);
#8442 = LINE('',#8443,#8444);
#8443 = CARTESIAN_POINT('',(0.,0.));
#8444 = VECTOR('',#8445,1.);
#8445 = DIRECTION('',(0.,-1.));
#8446 = ( GEOMETRIC_REPRESENTATION_CONTEXT(2) 
PARAMETRIC_REPRESENTATION_CONTEXT() REPRESENTATION_CONTEXT('2D SPACE',''
  ) );
#8447 = PCURVE('',#7555,#8448);
#8448 = DEFINITIONAL_REPRESENTATION('',(#8449),#8453);
#8449 = LINE('',#8450,#8451);
#8450 = CARTESIAN_POINT('',(1.570796326795,0.));
#8451 = VECTOR('',#8452,1.);
#8452 = DIRECTION('',(0.,1.));
#8453 = ( GEOMETRIC_REPRESENTATION_CONTEXT(2) 
PARAMETRIC_REPRESENTATION_CONTEXT() REPRESENTATION_CONTEXT('2D SPACE',''
  ) );
#8454 = ORIENTED_EDGE('',*,*,#7567,.T.);
#8455 = ADVANCED_FACE('',(#8456),#7555,.F.);
#8456 = FACE_BOUND('',#8457,.F.);
#8457 = EDGE_LOOP('',(#8458,#8459,#8460,#8461));
#8458 = ORIENTED_EDGE('',*,*,#7538,.F.);
#8459 = ORIENTED_EDGE('',*,*,#8434,.F.);
#8460 = ORIENTED_EDGE('',*,*,#8121,.T.);
#8461 = ORIENTED_EDGE('',*,*,#8462,.T.);
#8462 = EDGE_CURVE('',#8099,#7511,#8463,.T.);
#8463 = SURFACE_CURVE('',#8464,(#8468,#8475),.PCURVE_S1.);
#8464 = LINE('',#8465,#8466);
#8465 = CARTESIAN_POINT('',(-41.2,33.,29.9));
#8466 = VECTOR('',#8467,1.);
#8467 = DIRECTION('',(0.,1.110223024625E-16,-1.));
#8468 = PCURVE('',#7555,#8469);
#8469 = DEFINITIONAL_REPRESENTATION('',(#8470),#8474);
#8470 = LINE('',#8471,#8472);
#8471 = CARTESIAN_POINT('',(4.712388980385,0.));
#8472 = VECTOR('',#8473,1.);
#8473 = DIRECTION('',(0.,1.));
#8474 = ( GEOMETRIC_REPRESENTATION_CONTEXT(2) 
PARAMETRIC_REPRESENTATION_CONTEXT() REPRESENTATION_CONTEXT('2D SPACE',''
  ) );
#8475 = PCURVE('',#7526,#8476);
#8476 = DEFINITIONAL_REPRESENTATION('',(#8477),#8481);
#8477 = LINE('',#8478,#8479);
#8478 = CARTESIAN_POINT('',(0.,0.));
#8479 = VECTOR('',#8480,1.);
#8480 = DIRECTION('',(0.,-1.));
#8481 = ( GEOMETRIC_REPRESENTATION_CONTEXT(2) 
PARAMETRIC_REPRESENTATION_CONTEXT() REPRESENTATION_CONTEXT('2D SPACE',''
  ) );
#8482 = ADVANCED_FACE('',(#8483),#7526,.T.);
#8483 = FACE_BOUND('',#8484,.T.);
#8484 = EDGE_LOOP('',(#8485,#8486,#8487,#8488));
#8485 = ORIENTED_EDGE('',*,*,#8407,.F.);
#8486 = ORIENTED_EDGE('',*,*,#8098,.T.);
#8487 = ORIENTED_EDGE('',*,*,#8462,.T.);
#8488 = ORIENTED_EDGE('',*,*,#7510,.T.);
#8489 = ADVANCED_FACE('',(#8490),#7671,.F.);
#8490 = FACE_BOUND('',#8491,.F.);
#8491 = EDGE_LOOP('',(#8492,#8513,#8514,#8535));
#8492 = ORIENTED_EDGE('',*,*,#8493,.T.);
#8493 = EDGE_CURVE('',#7975,#7655,#8494,.T.);
#8494 = SURFACE_CURVE('',#8495,(#8499,#8506),.PCURVE_S1.);
#8495 = LINE('',#8496,#8497);
#8496 = CARTESIAN_POINT('',(41.2,37.,29.9));
#8497 = VECTOR('',#8498,1.);
#8498 = DIRECTION('',(0.,1.110223024625E-16,-1.));
#8499 = PCURVE('',#7671,#8500);
#8500 = DEFINITIONAL_REPRESENTATION('',(#8501),#8505);
#8501 = LINE('',#8502,#8503);
#8502 = CARTESIAN_POINT('',(7.853981633974,0.));
#8503 = VECTOR('',#8504,1.);
#8504 = DIRECTION('',(0.,1.));
#8505 = ( GEOMETRIC_REPRESENTATION_CONTEXT(2) 
PARAMETRIC_REPRESENTATION_CONTEXT() REPRESENTATION_CONTEXT('2D SPACE',''
  ) );
#8506 = PCURVE('',#7754,#8507);
#8507 = DEFINITIONAL_REPRESENTATION('',(#8508),#8512);
#8508 = LINE('',#8509,#8510);
#8509 = CARTESIAN_POINT('',(4.,-4.440892098501E-16));
#8510 = VECTOR('',#8511,1.);
#8511 = DIRECTION('',(0.,-1.));
#8512 = ( GEOMETRIC_REPRESENTATION_CONTEXT(2) 
PARAMETRIC_REPRESENTATION_CONTEXT() REPRESENTATION_CONTEXT('2D SPACE',''
  ) );
#8513 = ORIENTED_EDGE('',*,*,#7652,.F.);
#8514 = ORIENTED_EDGE('',*,*,#8515,.F.);
#8515 = EDGE_CURVE('',#7973,#7653,#8516,.T.);
#8516 = SURFACE_CURVE('',#8517,(#8521,#8528),.PCURVE_S1.);
#8517 = LINE('',#8518,#8519);
#8518 = CARTESIAN_POINT('',(38.8,37.,29.9));
#8519 = VECTOR('',#8520,1.);
#8520 = DIRECTION('',(0.,1.110223024625E-16,-1.));
#8521 = PCURVE('',#7671,#8522);
#8522 = DEFINITIONAL_REPRESENTATION('',(#8523),#8527);
#8523 = LINE('',#8524,#8525);
#8524 = CARTESIAN_POINT('',(4.712388980385,0.));
#8525 = VECTOR('',#8526,1.);
#8526 = DIRECTION('',(0.,1.));
#8527 = ( GEOMETRIC_REPRESENTATION_CONTEXT(2) 
PARAMETRIC_REPRESENTATION_CONTEXT() REPRESENTATION_CONTEXT('2D SPACE',''
  ) );
#8528 = PCURVE('',#7699,#8529);
#8529 = DEFINITIONAL_REPRESENTATION('',(#8530),#8534);
#8530 = LINE('',#8531,#8532);
#8531 = CARTESIAN_POINT('',(4.,-4.440892098501E-16));
#8532 = VECTOR('',#8533,1.);
#8533 = DIRECTION('',(0.,-1.));
#8534 = ( GEOMETRIC_REPRESENTATION_CONTEXT(2) 
PARAMETRIC_REPRESENTATION_CONTEXT() REPRESENTATION_CONTEXT('2D SPACE',''
  ) );
#8535 = ORIENTED_EDGE('',*,*,#7972,.T.);
#8536 = ADVANCED_FACE('',(#8537),#7754,.F.);
#8537 = FACE_BOUND('',#8538,.F.);
#8538 = EDGE_LOOP('',(#8539,#8540,#8541,#8562));
#8539 = ORIENTED_EDGE('',*,*,#8493,.F.);
#8540 = ORIENTED_EDGE('',*,*,#8045,.T.);
#8541 = ORIENTED_EDGE('',*,*,#8542,.T.);
#8542 = EDGE_CURVE('',#8022,#7712,#8543,.T.);
#8543 = SURFACE_CURVE('',#8544,(#8548,#8555),.PCURVE_S1.);
#8544 = LINE('',#8545,#8546);
#8545 = CARTESIAN_POINT('',(41.2,33.,29.9));
#8546 = VECTOR('',#8547,1.);
#8547 = DIRECTION('',(0.,1.110223024625E-16,-1.));
#8548 = PCURVE('',#7754,#8549);
#8549 = DEFINITIONAL_REPRESENTATION('',(#8550),#8554);
#8550 = LINE('',#8551,#8552);
#8551 = CARTESIAN_POINT('',(0.,0.));
#8552 = VECTOR('',#8553,1.);
#8553 = DIRECTION('',(0.,-1.));
#8554 = ( GEOMETRIC_REPRESENTATION_CONTEXT(2) 
PARAMETRIC_REPRESENTATION_CONTEXT() REPRESENTATION_CONTEXT('2D SPACE',''
  ) );
#8555 = PCURVE('',#7728,#8556);
#8556 = DEFINITIONAL_REPRESENTATION('',(#8557),#8561);
#8557 = LINE('',#8558,#8559);
#8558 = CARTESIAN_POINT('',(1.570796326795,0.));
#8559 = VECTOR('',#8560,1.);
#8560 = DIRECTION('',(0.,1.));
#8561 = ( GEOMETRIC_REPRESENTATION_CONTEXT(2) 
PARAMETRIC_REPRESENTATION_CONTEXT() REPRESENTATION_CONTEXT('2D SPACE',''
  ) );
#8562 = ORIENTED_EDGE('',*,*,#7740,.T.);
#8563 = ADVANCED_FACE('',(#8564),#7728,.F.);
#8564 = FACE_BOUND('',#8565,.F.);
#8565 = EDGE_LOOP('',(#8566,#8567,#8568,#8569));
#8566 = ORIENTED_EDGE('',*,*,#7711,.F.);
#8567 = ORIENTED_EDGE('',*,*,#8542,.F.);
#8568 = ORIENTED_EDGE('',*,*,#8021,.T.);
#8569 = ORIENTED_EDGE('',*,*,#8570,.T.);
#8570 = EDGE_CURVE('',#7999,#7684,#8571,.T.);
#8571 = SURFACE_CURVE('',#8572,(#8576,#8583),.PCURVE_S1.);
#8572 = LINE('',#8573,#8574);
#8573 = CARTESIAN_POINT('',(38.8,33.,29.9));
#8574 = VECTOR('',#8575,1.);
#8575 = DIRECTION('',(0.,1.110223024625E-16,-1.));
#8576 = PCURVE('',#7728,#8577);
#8577 = DEFINITIONAL_REPRESENTATION('',(#8578),#8582);
#8578 = LINE('',#8579,#8580);
#8579 = CARTESIAN_POINT('',(4.712388980385,0.));
#8580 = VECTOR('',#8581,1.);
#8581 = DIRECTION('',(0.,1.));
#8582 = ( GEOMETRIC_REPRESENTATION_CONTEXT(2) 
PARAMETRIC_REPRESENTATION_CONTEXT() REPRESENTATION_CONTEXT('2D SPACE',''
  ) );
#8583 = PCURVE('',#7699,#8584);
#8584 = DEFINITIONAL_REPRESENTATION('',(#8585),#8589);
#8585 = LINE('',#8586,#8587);
#8586 = CARTESIAN_POINT('',(0.,0.));
#8587 = VECTOR('',#8588,1.);
#8588 = DIRECTION('',(0.,-1.));
#8589 = ( GEOMETRIC_REPRESENTATION_CONTEXT(2) 
PARAMETRIC_REPRESENTATION_CONTEXT() REPRESENTATION_CONTEXT('2D SPACE',''
  ) );
#8590 = ADVANCED_FACE('',(#8591),#7699,.T.);
#8591 = FACE_BOUND('',#8592,.T.);
#8592 = EDGE_LOOP('',(#8593,#8594,#8595,#8596));
#8593 = ORIENTED_EDGE('',*,*,#8515,.F.);
#8594 = ORIENTED_EDGE('',*,*,#7998,.T.);
#8595 = ORIENTED_EDGE('',*,*,#8570,.T.);
#8596 = ORIENTED_EDGE('',*,*,#7683,.T.);
#8597 = ( GEOMETRIC_REPRESENTATION_CONTEXT(3) 
GLOBAL_UNCERTAINTY_ASSIGNED_CONTEXT((#8601)) 
GLOBAL_UNIT_ASSIGNED_CONTEXT((#8598,#8599,#8600)) REPRESENTATION_CONTEXT
('Context #1','3D Context with UNIT and UNCERTAINTY') );
#8598 = ( LENGTH_UNIT() NAMED_UNIT(*) SI_UNIT(.MILLI.,.METRE.) );
#8599 = ( NAMED_UNIT(*) PLANE_ANGLE_UNIT() SI_UNIT($,.RADIAN.) );
#8600 = ( NAMED_UNIT(*) SI_UNIT($,.STERADIAN.) SOLID_ANGLE_UNIT() );
#8601 = UNCERTAINTY_MEASURE_WITH_UNIT(LENGTH_MEASURE(1.E-07),#8598,
  'distance_accuracy_value','confusion accuracy');
#8602 = PRODUCT_RELATED_PRODUCT_CATEGORY('part',$,(#7));
ENDSEC;
END-ISO-10303-21;
